{"type": "FeatureCollection", "features": [{"type": "Feature", "geometry": {"type": "Polygon", "coordinates": [[[136.103182, 35.088906], [136.098546, 35.097118], [136.087189, 35.097174], [136.083217, 35.093009], [136.078083, 35.093121], [136.076507, 35.089399], [136.078101, 35.087247], [136.075815, 35.083381], [136.079636, 35.078935], [136.078273, 35.073725], [136.079816, 35.071991], [136.078639, 35.067994], [136.080326, 35.066814], [136.078481, 35.063736], [136.079699, 35.060829], [136.073341, 35.056132], [136.073169, 35.0523], [136.078687, 35.050024], [136.078206, 35.047431], [136.080515, 35.043273], [136.092029, 35.044868], [136.097489, 35.05232], [136.102508, 35.048942], [136.106648, 35.052298], [136.105891, 35.061974], [136.107047, 35.066482], [136.104965, 35.067276], [136.105741, 35.068828], [136.109645, 35.071067], [136.113513, 35.068565], [136.118066, 35.07], [136.111978, 35.079631], [136.113081, 35.082992], [136.105299, 35.085376], [136.103154, 35.088796], [136.103182, 35.088906]]]}, "properties": {"A27_001": "25384", "A27_002": "竜王町立", "A27_003": "B125238400026", "A27_004": "竜王西小学校", "A27_005": "蒲生郡竜王町山面1-1"}}, {"type": "Feature", "geometry": {"type": "Polygon", "coordinates": [[[136.145767, 35.076446], [136.138727, 35.073929], [136.135995, 35.074846], [136.133449, 35.07845], [136.134582, 35.084046], [136.129482, 35.084947], [136.122126, 35.091787], [136.118912, 35.091204], [136.114992, 35.08739], [136.108517, 35.092318], [136.103182, 35.088906], [136.105299, 35.085376], [136.113081, 35.082992], [136.111978, 35.079631], [136.118066, 35.07], [136.113513, 35.068565], [136.109645, 35.071067], [136.105741, 35.068828], [136.104965, 35.067276], [136.107047, 35.066482], [136.105891, 35.061974], [136.106648, 35.052298], [136.102508, 35.048942], [136.097489, 35.05232], [136.092029, 35.044868], [136.080515, 35.043273], [136.083958, 35.039272], [136.083945, 35.034974], [136.086286, 35.033221], [136.085767, 35.030524], [136.090917, 35.028976], [136.093744, 35.024396], [136.097527, 35.024874], [136.097675, 35.023403], [136.102301, 35.02141], [136.104619, 35.024575], [136.109831, 35.027347], [136.116918, 35.027074], [136.120192, 35.020994], [136.122956, 35.022531], [136.12364, 35.024951], [136.118401, 35.036297], [136.123963, 35.037212], [136.131432, 35.034301], [136.136873, 35.03047], [136.137129, 35.026974], [136.14091, 35.026402], [136.150683, 35.019839], [136.153507, 35.019282], [136.159197, 35.0222], [136.163549, 35.03063], [136.157749, 35.028148], [136.154673, 35.030768], [136.149111, 35.049709], [136.152707, 35.051187], [136.151854, 35.053135], [136.153066, 35.053879], [136.148109, 35.059235], [136.144037, 35.060444], [136.147252, 35.064838], [136.151364, 35.066126], [136.149441, 35.066674], [136.147564, 35.070055], [136.149468, 35.07324], [136.145786, 35.076294], [136.145767, 35.076446]]]}, "properties": {"A27_001": "25384", "A27_002": "竜王町立", "A27_003": "B125238400017", "A27_004": "竜王小学校", "A27_005": "蒲生郡竜王町綾戸275"}}, {"type": "Feature", "geometry": {"type": "Polygon", "coordinates": [[[136.18217, 35.171249], [136.183464, 35.172876], [136.180843, 35.177789], [136.181793, 35.180254], [136.174059, 35.185008], [136.172238, 35.182337], [136.166764, 35.182294], [136.167632, 35.181238], [136.1659, 35.179862], [136.162517, 35.182418], [136.163365, 35.183577], [136.146119, 35.192832], [136.142734, 35.188374], [136.143273, 35.186812], [136.164951, 35.176062], [136.164329, 35.17095], [136.175097, 35.174552], [136.181106, 35.171826], [136.18217, 35.171249]]]}, "properties": {"A27_001": "25213", "A27_002": "東近江市立", "A27_003": "B125221300210", "A27_004": "能登川南小学校", "A27_005": "東近江市猪子町12"}}, {"type": "Feature", "geometry": {"type": "Polygon", "coordinates": [[[136.164329, 35.17095], [136.164951, 35.176062], [136.143273, 35.186812], [136.147483, 35.183681], [136.146189, 35.180817], [136.141556, 35.180846], [136.136456, 35.173812], [136.130463, 35.171879], [136.140011, 35.160783], [136.139379, 35.155997], [136.151929, 35.152934], [136.159146, 35.14913], [136.162366, 35.153246], [136.160798, 35.161787], [136.164286, 35.170933], [136.164329, 35.17095]]]}, "properties": {"A27_001": "25213", "A27_002": "東近江市立", "A27_003": "B125221300201", "A27_004": "能登川西小学校", "A27_005": "東近江市伊庭町2885"}}, {"type": "Feature", "geometry": {"type": "Polygon", "coordinates": [[[136.157882, 35.072628], [136.155819, 35.071556], [136.149488, 35.0732], [136.147564, 35.070055], [136.149441, 35.066674], [136.151364, 35.066126], [136.148586, 35.065024], [136.163102, 35.059369], [136.167188, 35.052946], [136.172495, 35.04877], [136.172238, 35.044558], [136.167489, 35.040068], [136.165329, 35.044806], [136.161577, 35.043615], [136.159988, 35.045131], [136.16015, 35.042576], [136.161425, 35.042539], [136.161927, 35.030476], [136.165229, 35.030083], [136.166736, 35.025209], [136.170086, 35.023266], [136.173304, 35.016541], [136.174836, 35.016957], [136.176594, 35.021359], [136.180675, 35.016433], [136.183547, 35.019525], [136.184258, 35.025068], [136.191706, 35.024728], [136.195134, 35.022296], [136.200124, 35.02403], [136.199118, 35.027], [136.20534, 35.031559], [136.220538, 35.037621], [136.219261, 35.040221], [136.215137, 35.038569], [136.214158, 35.042134], [136.208553, 35.046682], [136.206563, 35.045302], [136.201887, 35.045967], [136.200212, 35.049763], [136.19825, 35.050634], [136.197873, 35.055792], [136.194299, 35.05829], [136.184328, 35.058833], [136.181657, 35.061474], [136.183611, 35.062896], [136.181256, 35.066034], [136.171069, 35.060883], [136.166272, 35.061755], [136.158362, 35.072073], [136.157882, 35.072628]]]}, "properties": {"A27_001": "25213", "A27_002": "東近江市立", "A27_003": "B125221300176", "A27_004": "蒲生西小学校", "A27_005": "東近江市鈴町1"}}, {"type": "Feature", "geometry": {"type": "Polygon", "coordinates": [[[136.1735, 35.083401], [136.167025, 35.083179], [136.162224, 35.07906], [136.162395, 35.076379], [136.157523, 35.073043], [136.166272, 35.061755], [136.171069, 35.060883], [136.181256, 35.066034], [136.183611, 35.062896], [136.181657, 35.061474], [136.184328, 35.058833], [136.194299, 35.05829], [136.197873, 35.055792], [136.19825, 35.050634], [136.200212, 35.049763], [136.201887, 35.045967], [136.206563, 35.045302], [136.208553, 35.046682], [136.214349, 35.041874], [136.214765, 35.044362], [136.216521, 35.04423], [136.215378, 35.051161], [136.216878, 35.056522], [136.216669, 35.058717], [136.214555, 35.059789], [136.222837, 35.064892], [136.23391, 35.065656], [136.233773, 35.068069], [136.225542, 35.070433], [136.223853, 35.069274], [136.220538, 35.070052], [136.215275, 35.075623], [136.204743, 35.079676], [136.200289, 35.076618], [136.198697, 35.072831], [136.194619, 35.069151], [136.194642, 35.071909], [136.189783, 35.072413], [136.181399, 35.079659], [136.176069, 35.078196], [136.175918, 35.081286], [136.173743, 35.083276], [136.1735, 35.083401]]]}, "properties": {"A27_001": "25213", "A27_002": "東近江市立", "A27_003": "B125221300167", "A27_004": "蒲生東小学校", "A27_005": "東近江市桜川東町455"}}, {"type": "Feature", "geometry": {"type": "Polygon", "coordinates": [[[136.227011, 35.143546], [136.216465, 35.148053], [136.214346, 35.144768], [136.210036, 35.149264], [136.206934, 35.148066], [136.208365, 35.136034], [136.216721, 35.121818], [136.216682, 35.125593], [136.225193, 35.116596], [136.231156, 35.121379], [136.23355, 35.118649], [136.236275, 35.119883], [136.237434, 35.124419], [136.250028, 35.120219], [136.247617, 35.123131], [136.250945, 35.12437], [136.249714, 35.128372], [136.236978, 35.135352], [136.235101, 35.133099], [136.229511, 35.136006], [136.227312, 35.13841], [136.230125, 35.141836], [136.227018, 35.143542], [136.227011, 35.143546]]]}, "properties": {"A27_001": "25213", "A27_002": "東近江市立", "A27_003": "B125221300158", "A27_004": "湖東第三小学校", "A27_005": "東近江市小田苅町340"}}, {"type": "Feature", "geometry": {"type": "Polygon", "coordinates": [[[136.24687, 35.151085], [136.240121, 35.153631], [136.236668, 35.158712], [136.229335, 35.158856], [136.228203, 35.1548], [136.232209, 35.151749], [136.227011, 35.143546], [136.230125, 35.141836], [136.227312, 35.13841], [136.235101, 35.133099], [136.236978, 35.135352], [136.253287, 35.127043], [136.249862, 35.134859], [136.243815, 35.136689], [136.246521, 35.14017], [136.249176, 35.13876], [136.246328, 35.146751], [136.249153, 35.150722], [136.246953, 35.151039], [136.24687, 35.151085]]]}, "properties": {"A27_001": "25213", "A27_002": "東近江市立", "A27_003": "B125221300149", "A27_004": "湖東第二小学校", "A27_005": "東近江市南菩提寺町430"}}, {"type": "Feature", "geometry": {"type": "Polygon", "coordinates": [[[136.267545, 35.155913], [136.258762, 35.159203], [136.253462, 35.153203], [136.247533, 35.155338], [136.248636, 35.154764], [136.24687, 35.151085], [136.249153, 35.150722], [136.246328, 35.146751], [136.248061, 35.145862], [136.24658, 35.142057], [136.249176, 35.13876], [136.246521, 35.14017], [136.243815, 35.136689], [136.249862, 35.134859], [136.250803, 35.130537], [136.253968, 35.12789], [136.249624, 35.127882], [136.250945, 35.12437], [136.254324, 35.121878], [136.256918, 35.122428], [136.260654, 35.120678], [136.264654, 35.12252], [136.26838, 35.121513], [136.271165, 35.1249], [136.273712, 35.126193], [136.275217, 35.125282], [136.273769, 35.127482], [136.272933, 35.143117], [136.280011, 35.143086], [136.289566, 35.138632], [136.294977, 35.138802], [136.299384, 35.141347], [136.306821, 35.137572], [136.310202, 35.137728], [136.314191, 35.134804], [136.316454, 35.137825], [136.318819, 35.138199], [136.321626, 35.14587], [136.31524, 35.151169], [136.312743, 35.150102], [136.310597, 35.153224], [136.307656, 35.153661], [136.303555, 35.157717], [136.285168, 35.152584], [136.273597, 35.153699], [136.267606, 35.155911], [136.267545, 35.155913]]]}, "properties": {"A27_001": "25213", "A27_002": "東近江市立", "A27_003": "B125221300130", "A27_004": "湖東第一小学校", "A27_005": "東近江市下里町21"}}, {"type": "Feature", "geometry": {"type": "Polygon", "coordinates": [[[136.335682, 35.142954], [136.330905, 35.142875], [136.325273, 35.136962], [136.318976, 35.138573], [136.313747, 35.134802], [136.310202, 35.137728], [136.306821, 35.137572], [136.299384, 35.141347], [136.294977, 35.138802], [136.289566, 35.138632], [136.280011, 35.143086], [136.272933, 35.143117], [136.273769, 35.127482], [136.275217, 35.125282], [136.273712, 35.126193], [136.271165, 35.1249], [136.26838, 35.121513], [136.264654, 35.12252], [136.261816, 35.122172], [136.261368, 35.120663], [136.249525, 35.12438], [136.247617, 35.123131], [136.250028, 35.120219], [136.247358, 35.118238], [136.251492, 35.117901], [136.255578, 35.115287], [136.257171, 35.116082], [136.258637, 35.112754], [136.262352, 35.10985], [136.276293, 35.100805], [136.284276, 35.09786], [136.287622, 35.097986], [136.293537, 35.102476], [136.29912, 35.103741], [136.304623, 35.112354], [136.306711, 35.111046], [136.311223, 35.112738], [136.315785, 35.112321], [136.321909, 35.108039], [136.326159, 35.107539], [136.333805, 35.108115], [136.335847, 35.110719], [136.343622, 35.109586], [136.347897, 35.112478], [136.349384, 35.117364], [136.353751, 35.121892], [136.355785, 35.127102], [136.355126, 35.131342], [136.340713, 35.136057], [136.340481, 35.138931], [136.337153, 35.139653], [136.335684, 35.142918], [136.335682, 35.142954]]]}, "properties": {"A27_001": "25213", "A27_002": "東近江市立", "A27_003": "B125221300121", "A27_004": "愛東北小学校", "A27_005": "東近江市百済寺本町1399"}}, {"type": "Feature", "geometry": {"type": "Polygon", "coordinates": [[[136.24818, 35.119277], [136.243924, 35.12249], [136.237434, 35.124419], [136.23788, 35.120999], [136.23355, 35.118649], [136.231156, 35.121379], [136.229463, 35.117895], [136.227006, 35.116676], [136.227172, 35.11431], [136.230273, 35.113203], [136.228423, 35.111119], [136.240108, 35.104074], [136.238795, 35.102712], [136.243786, 35.098275], [136.2614, 35.094541], [136.275815, 35.088361], [136.282842, 35.088113], [136.289119, 35.084686], [136.294918, 35.085374], [136.297054, 35.088748], [136.310524, 35.09664], [136.306352, 35.101573], [136.307025, 35.103958], [136.303166, 35.109387], [136.298769, 35.103509], [136.293537, 35.102476], [136.287622, 35.097986], [136.283996, 35.097906], [136.276293, 35.100805], [136.262352, 35.10985], [136.258637, 35.112754], [136.257171, 35.116082], [136.255578, 35.115287], [136.251492, 35.117901], [136.248788, 35.117483], [136.247358, 35.118238], [136.248126, 35.119111], [136.24818, 35.119277]]]}, "properties": {"A27_001": "25213", "A27_002": "東近江市立", "A27_003": "B125221300112", "A27_004": "愛東南小学校", "A27_005": "東近江市曽根町1285"}}, {"type": "Feature", "geometry": {"type": "Polygon", "coordinates": [[[136.197061, 35.175407], [136.191366, 35.175318], [136.184075, 35.170193], [136.175237, 35.174558], [136.166013, 35.171745], [136.163334, 35.169439], [136.160798, 35.161787], [136.162366, 35.153246], [136.159594, 35.150155], [136.159454, 35.147391], [136.168277, 35.14425], [136.171676, 35.141335], [136.17327, 35.137751], [136.172098, 35.134167], [136.175799, 35.13053], [136.181936, 35.128779], [136.182972, 35.12576], [136.194933, 35.1269], [136.196149, 35.140158], [136.201923, 35.137987], [136.207864, 35.14015], [136.20823, 35.145473], [136.206934, 35.148066], [136.204262, 35.148049], [136.203934, 35.157041], [136.196529, 35.170451], [136.197061, 35.175398], [136.197061, 35.175407]]]}, "properties": {"A27_001": "25213", "A27_002": "東近江市立", "A27_003": "B125221300103", "A27_004": "五個荘小学校", "A27_005": "東近江市五個荘竜田町567"}}, {"type": "Feature", "geometry": {"type": "Polygon", "coordinates": [[[136.197061, 35.175407], [136.195986, 35.184584], [136.191973, 35.189984], [136.177879, 35.195059], [136.16885, 35.203339], [136.163666, 35.205627], [136.141874, 35.206583], [136.139156, 35.202385], [136.147396, 35.198571], [136.146686, 35.197208], [136.144509, 35.196138], [136.139796, 35.198344], [136.137479, 35.196304], [136.13861, 35.195642], [136.134892, 35.196355], [136.13147, 35.193251], [136.134821, 35.187312], [136.14003, 35.183695], [136.137222, 35.177262], [136.138034, 35.176049], [136.141556, 35.180846], [136.145769, 35.1804], [136.147468, 35.182587], [136.143112, 35.185863], [136.14401, 35.187256], [136.142648, 35.188144], [136.146119, 35.192832], [136.163365, 35.183577], [136.162517, 35.182418], [136.1659, 35.179862], [136.167632, 35.181238], [136.166764, 35.182294], [136.172238, 35.182337], [136.174059, 35.185008], [136.180391, 35.182145], [136.183464, 35.172876], [136.18217, 35.171249], [136.184075, 35.170193], [136.191366, 35.175318], [136.197027, 35.175407], [136.197061, 35.175407]]]}, "properties": {"A27_001": "25213", "A27_002": "東近江市立", "A27_003": "B125221300194", "A27_004": "能登川東小学校", "A27_005": "東近江市小川町30"}}, {"type": "Feature", "geometry": {"type": "Polygon", "coordinates": [[[136.14863, 35.065108], [136.144037, 35.060444], [136.148109, 35.059235], [136.153066, 35.053879], [136.151854, 35.053135], [136.152707, 35.051187], [136.149111, 35.049709], [136.154673, 35.030768], [136.157139, 35.028213], [136.161944, 35.028992], [136.161425, 35.042539], [136.16015, 35.042576], [136.159995, 35.045213], [136.161577, 35.043615], [136.165329, 35.044806], [136.167489, 35.040068], [136.172238, 35.044558], [136.172713, 35.048245], [136.167188, 35.052946], [136.163102, 35.059369], [136.148586, 35.065024], [136.14863, 35.065108]]]}, "properties": {"A27_001": "25213", "A27_002": "東近江市立", "A27_003": "B125221300185", "A27_004": "蒲生北小学校", "A27_005": "東近江市蒲生堂町1287"}}, {"type": "Feature", "geometry": {"type": "Polygon", "coordinates": [[[136.207864, 35.14015], [136.201923, 35.137987], [136.196149, 35.140158], [136.194933, 35.1269], [136.183935, 35.126103], [136.1821, 35.124685], [136.188408, 35.115379], [136.193774, 35.112131], [136.202631, 35.11105], [136.201576, 35.10786], [136.209504, 35.10648], [136.211119, 35.110872], [136.212875, 35.110351], [136.213092, 35.111872], [136.215872, 35.112302], [136.217702, 35.111352], [136.221135, 35.118756], [136.216682, 35.125593], [136.216721, 35.121818], [136.208365, 35.136034], [136.209732, 35.136594], [136.207881, 35.140156], [136.207864, 35.14015]]]}, "properties": {"A27_001": "25213", "A27_002": "東近江市立", "A27_003": "B125221300050", "A27_004": "八日市北小学校", "A27_005": "東近江市建部日吉町468"}}, {"type": "Feature", "geometry": {"type": "Polygon", "coordinates": [[[136.1821, 35.124685], [136.176549, 35.123301], [136.169913, 35.118191], [136.168682, 35.114521], [136.169846, 35.110892], [136.168656, 35.110204], [136.17228, 35.109381], [136.172994, 35.107051], [136.174324, 35.107079], [136.172452, 35.10569], [136.17815, 35.106617], [136.180518, 35.103424], [136.185985, 35.101271], [136.184889, 35.099236], [136.19656, 35.096521], [136.200212, 35.098843], [136.196478, 35.102713], [136.196906, 35.107662], [136.201576, 35.10786], [136.202631, 35.11105], [136.193774, 35.112131], [136.188408, 35.115379], [136.182175, 35.124552], [136.1821, 35.124685]]]}, "properties": {"A27_001": "25213", "A27_002": "東近江市立", "A27_003": "B125221300041", "A27_004": "箕作小学校", "A27_005": "東近江市小脇町377"}}, {"type": "Feature", "geometry": {"type": "Polygon", "coordinates": [[[136.209504, 35.10648], [136.196972, 35.107773], [136.196478, 35.102713], [136.214041, 35.092743], [136.218147, 35.095341], [136.211362, 35.097382], [136.210886, 35.105698], [136.209504, 35.10648]]]}, "properties": {"A27_001": "25213", "A27_002": "東近江市立", "A27_003": "B125221300032", "A27_004": "八日市南小学校", "A27_005": "東近江市沖野3-6-1"}}, {"type": "Feature", "geometry": {"type": "Polygon", "coordinates": [[[136.227006, 35.116676], [136.221135, 35.118756], [136.217702, 35.111352], [136.213092, 35.111872], [136.212875, 35.110351], [136.210028, 35.109969], [136.21105, 35.108096], [136.209504, 35.10648], [136.214052, 35.103867], [136.212488, 35.102412], [136.213584, 35.097731], [136.216682, 35.098474], [136.223582, 35.092509], [136.225425, 35.09356], [136.226611, 35.091573], [136.22817, 35.092806], [136.232557, 35.09064], [136.23360973385564, 35.08859666366232], [136.247977, 35.086283], [136.256649, 35.081069], [136.259176, 35.083604], [136.254321, 35.085218], [136.270367, 35.083379], [136.270575, 35.085259], [136.278096, 35.086232], [136.277985, 35.088197], [136.265853, 35.092999], [136.243223, 35.098598], [136.238795, 35.102712], [136.240108, 35.104074], [136.228423, 35.111119], [136.230273, 35.113203], [136.227172, 35.11431], [136.227538, 35.11636], [136.227006, 35.116676]]]}, "properties": {"A27_001": "25213", "A27_002": "東近江市立", "A27_003": "B125221300023", "A27_004": "御園小学校", "A27_005": "東近江市五智町239"}}, {"type": "Feature", "geometry": {"type": "Polygon", "coordinates": [[[136.255609, 35.081289], [136.253281, 35.082646], [136.253622, 35.084002], [136.247977, 35.086283], [136.244211, 35.085795], [136.240369, 35.087235], [136.240338, 35.088654], [136.23360973385564, 35.08859666366232], [136.232557, 35.09064], [136.22817, 35.092806], [136.226611, 35.091573], [136.225425, 35.09356], [136.223582, 35.092509], [136.219022, 35.09499], [136.219682, 35.09699], [136.216682, 35.098474], [136.211362, 35.097382], [136.213892, 35.09526], [136.218147, 35.095341], [136.214041, 35.092743], [136.210517, 35.09473], [136.206494, 35.092142], [136.207746, 35.090792], [136.207584, 35.081411], [136.204743, 35.079676], [136.215275, 35.075623], [136.220694, 35.069991], [136.225542, 35.070433], [136.230687, 35.068082], [136.239841, 35.069353], [136.243647, 35.067627], [136.252864, 35.068496], [136.25351, 35.071872], [136.250188, 35.074783], [136.250444, 35.076624], [136.255006, 35.079339], [136.255609, 35.081289]]]}, "properties": {"A27_001": "25213", "A27_002": "東近江市立", "A27_003": "B125221300014", "A27_004": "玉緒小学校", "A27_005": "東近江市大森町971"}}, {"type": "Feature", "geometry": {"type": "MultiPolygon", "coordinates": [[[[136.260194, 35.084889], [136.25419, 35.084784], [136.259841, 35.083782], [136.260194, 35.084889]]], [[[136.408653, 35.187183], [136.403319, 35.18759], [136.389085, 35.196796], [136.387572, 35.190772], [136.379463, 35.189449], [136.376461, 35.186021], [136.374484, 35.177452], [136.376154, 35.175276], [136.375919, 35.169513], [136.380537, 35.162035], [136.385317, 35.159622], [136.386741, 35.156493], [136.390584, 35.155048], [136.391352, 35.151312], [136.386713, 35.144658], [136.379385, 35.140345], [136.372001, 35.139123], [136.365104, 35.135133], [136.358363, 35.135815], [136.354843, 35.131495], [136.355785, 35.127102], [136.353751, 35.121892], [136.349384, 35.117364], [136.347161, 35.111939], [136.343435, 35.109537], [136.335847, 35.110719], [136.333805, 35.108115], [136.326159, 35.107539], [136.321909, 35.108039], [136.315785, 35.112321], [136.310423, 35.112621], [136.307786, 35.111046], [136.304211, 35.112246], [136.303166, 35.109387], [136.307025, 35.103958], [136.306352, 35.101573], [136.310513, 35.096614], [136.305482, 35.094735], [136.292504, 35.084527], [136.278606, 35.088241], [136.276372, 35.085511], [136.273482, 35.086021], [136.270575, 35.085259], [136.270367, 35.083379], [136.265348, 35.083251], [136.296346, 35.070238], [136.298074, 35.068606], [136.295003, 35.06685], [136.297588, 35.059155], [136.295777, 35.057327], [136.298691, 35.053063], [136.302614, 35.051297], [136.307032, 35.045322], [136.310095, 35.047161], [136.312142, 35.044163], [136.316251, 35.043521], [136.317733, 35.03843], [136.326624, 35.037022], [136.32912, 35.033284], [136.332117, 35.032536], [136.334669, 35.029862], [136.334911, 35.025498], [136.337393, 35.025091], [136.33938, 35.019811], [136.342484, 35.016574], [136.355194, 35.023413], [136.363377, 35.021792], [136.364523, 35.016403], [136.374493, 35.015083], [136.383322, 35.018397], [136.384574, 35.021473], [136.387911, 35.022452], [136.394521, 35.017146], [136.400107, 35.016521], [136.403767, 35.013826], [136.413829, 35.015963], [136.418167, 35.018123], [136.417829, 35.020112], [136.421419, 35.021437], [136.422077, 35.026942], [136.424469, 35.029404], [136.417939, 35.030659], [136.415857, 35.041433], [136.417751, 35.042459], [136.417769, 35.049468], [136.42221, 35.051383], [136.424627, 35.056936], [136.428849, 35.056369], [136.438532, 35.065472], [136.440991, 35.064544], [136.440301, 35.074646], [136.437467, 35.077037], [136.435292, 35.082709], [136.442109, 35.085974], [136.438072, 35.091672], [136.439609, 35.093286], [136.439176, 35.098083], [136.441911, 35.10144], [136.440823, 35.107749], [136.442586, 35.110702], [136.439966, 35.116632], [136.444519, 35.119007], [136.448055, 35.123719], [136.435585, 35.130778], [136.437951, 35.136564], [136.442948, 35.139057], [136.444299, 35.149244], [136.451301, 35.149659], [136.455038, 35.152481], [136.452931, 35.158868], [136.454535, 35.162458], [136.451928, 35.166227], [136.445335, 35.166183], [136.446219, 35.169171], [136.444646, 35.171142], [136.438732, 35.172026], [136.435724, 35.176503], [136.424522, 35.184478], [136.419568, 35.182645], [136.408654, 35.187182], [136.408653, 35.187183]]]]}, "properties": {"A27_001": "25213", "A27_002": "東近江市立", "A27_003": "B125221300096", "A27_004": "山上小学校", "A27_005": "東近江市山上町200"}}, {"type": "Feature", "geometry": {"type": "Polygon", "coordinates": [[[136.265348, 35.083251], [136.260194, 35.084889], [136.259168, 35.081475], [136.256933, 35.081936], [136.254558, 35.077995], [136.250659, 35.077394], [136.250188, 35.074783], [136.25351, 35.071872], [136.251463, 35.067354], [136.257747, 35.064807], [136.259916, 35.061019], [136.264567, 35.05805], [136.270464, 35.059182], [136.272945, 35.063064], [136.275504, 35.057954], [136.277493, 35.057492], [136.297462, 35.058339], [136.294901, 35.06456], [136.295028, 35.066931], [136.298074, 35.068606], [136.296346, 35.070238], [136.278395, 35.078853], [136.265918, 35.082939], [136.265348, 35.083251]]]}, "properties": {"A27_001": "25213", "A27_002": "東近江市立", "A27_003": "B125221300087", "A27_004": "市原小学校", "A27_005": "東近江市高木町1124"}}, {"type": "Feature", "geometry": {"type": "Polygon", "coordinates": [[[136.184919, 35.099851], [136.183442, 35.100257], [136.178871, 35.093183], [136.176806, 35.094563], [136.176709, 35.091587], [136.17421, 35.091723], [136.174149, 35.089437], [136.170113, 35.089886], [136.165302, 35.087429], [136.169737, 35.084992], [136.17266, 35.085279], [136.175865, 35.081399], [136.176069, 35.078196], [136.181167, 35.079749], [136.189783, 35.072413], [136.194642, 35.071909], [136.194619, 35.069151], [136.200289, 35.076618], [136.207399, 35.080967], [136.207746, 35.090792], [136.206494, 35.092142], [136.208528, 35.093441], [136.200212, 35.098843], [136.19656, 35.096521], [136.185056, 35.099796], [136.184919, 35.099851]]]}, "properties": {"A27_001": "25213", "A27_002": "東近江市立", "A27_003": "B125221300078", "A27_004": "布引小学校", "A27_005": "東近江市今堀町581-10"}}, {"type": "Feature", "geometry": {"type": "Polygon", "coordinates": [[[136.168656, 35.110204], [136.164681, 35.109698], [136.163197, 35.104916], [136.155571, 35.108702], [136.154469, 35.107409], [136.150967, 35.10872], [136.146836, 35.111992], [136.144797, 35.109381], [136.140468, 35.110096], [136.139973, 35.104695], [136.133063, 35.105802], [136.125564, 35.102645], [136.127374, 35.097795], [136.125508, 35.095747], [136.135475, 35.087912], [136.139409, 35.086883], [136.140802, 35.085152], [136.140652, 35.081041], [136.147913, 35.074309], [136.156017, 35.071543], [136.162395, 35.076379], [136.162224, 35.07906], [136.167025, 35.083179], [136.1735, 35.083401], [136.17266, 35.085279], [136.169737, 35.084992], [136.165302, 35.087429], [136.170113, 35.089886], [136.174149, 35.089437], [136.17421, 35.091723], [136.176709, 35.091587], [136.176806, 35.094563], [136.178871, 35.093183], [136.179647, 35.096043], [136.181646, 35.095493], [136.183442, 35.100257], [136.185985, 35.101271], [136.180518, 35.103424], [136.17815, 35.106617], [136.172452, 35.10569], [136.174368, 35.106898], [136.17228, 35.109381], [136.168656, 35.110204]]]}, "properties": {"A27_001": "25213", "A27_002": "東近江市立", "A27_003": "B125221300069", "A27_004": "八日市西小学校", "A27_005": "東近江市柏木町14"}}, {"type": "Feature", "geometry": {"type": "Polygon", "coordinates": [[[136.141874, 35.206583], [136.133636, 35.212567], [136.121349, 35.212805], [136.111672, 35.216671], [136.108263, 35.215252], [136.109852, 35.207905], [136.111206, 35.2077], [136.109714, 35.207267], [136.110358, 35.205549], [136.101094, 35.201497], [136.101873, 35.198854], [136.098157, 35.196426], [136.104098, 35.196132], [136.105895, 35.18896], [136.111304, 35.189851], [136.112434, 35.185169], [136.123394, 35.187028], [136.12462, 35.182427], [136.129745, 35.183254], [136.131755, 35.175168], [136.135126, 35.175722], [136.135937, 35.173518], [136.138034, 35.176049], [136.137222, 35.177262], [136.14003, 35.183695], [136.134821, 35.187312], [136.13147, 35.193251], [136.134892, 35.196355], [136.13861, 35.195642], [136.137479, 35.196304], [136.139796, 35.198344], [136.144509, 35.196138], [136.146686, 35.197208], [136.147396, 35.198571], [136.139156, 35.202385], [136.141863, 35.20656], [136.141874, 35.206583]]]}, "properties": {"A27_001": "25213", "A27_002": "東近江市立", "A27_003": "B125221300229", "A27_004": "能登川北小学校", "A27_005": "東近江市福堂町2877-1"}}, {"type": "Feature", "geometry": {"type": "Polygon", "coordinates": [[[136.216055, 35.193619], [136.205275, 35.199129], [136.200358, 35.194867], [136.193675, 35.198591], [136.19163, 35.190164], [136.195986, 35.184584], [136.196976, 35.17435], [136.200933, 35.17596], [136.208224, 35.175146], [136.218883, 35.166334], [136.226085, 35.182404], [136.224546, 35.186866], [136.216281, 35.190543], [136.215953, 35.193091], [136.216055, 35.193619]]]}, "properties": {"A27_001": "25425", "A27_002": "愛荘町立", "A27_003": "B125242500036", "A27_004": "愛知川小学校", "A27_005": "愛知郡愛荘町沓掛480"}}, {"type": "Feature", "geometry": {"type": "Polygon", "coordinates": [[[136.23479, 35.176338], [136.230751, 35.178463], [136.229517, 35.176861], [136.225473, 35.178832], [136.222802, 35.175547], [136.223555, 35.174596], [136.219099, 35.166751], [136.225699, 35.164002], [136.22494, 35.160225], [136.231364, 35.157098], [136.233247, 35.159656], [136.233396, 35.158524], [136.236668, 35.158712], [136.239726, 35.157158], [136.239568, 35.154089], [136.245809, 35.151055], [136.247882, 35.152876], [136.248015, 35.156091], [136.253462, 35.153203], [136.258762, 35.159203], [136.267545, 35.155913], [136.268776, 35.159319], [136.244897, 35.163255], [136.24235, 35.165211], [136.245434, 35.170693], [136.234894, 35.176188], [136.23479, 35.176338]]]}, "properties": {"A27_001": "25425", "A27_002": "愛荘町立", "A27_003": "B125242500027", "A27_004": "秦荘西小学校", "A27_005": "愛知郡愛荘町島川1162"}}, {"type": "Feature", "geometry": {"type": "Polygon", "coordinates": [[[136.229834, 35.196708], [136.23113, 35.195304], [136.229921, 35.192336], [136.234054, 35.186385], [136.232726, 35.184394], [136.237174, 35.181148], [136.23479, 35.176338], [136.245434, 35.170693], [136.24235, 35.165211], [136.244897, 35.163255], [136.268776, 35.159319], [136.267545, 35.155913], [136.281701, 35.152452], [136.303555, 35.157717], [136.307656, 35.153661], [136.310597, 35.153224], [136.312743, 35.150102], [136.315157, 35.151201], [136.319673, 35.148071], [136.321626, 35.14587], [136.31893, 35.138618], [136.324839, 35.136947], [136.330905, 35.142875], [136.335682, 35.142954], [136.334514, 35.148116], [136.327649, 35.154382], [136.313581, 35.154763], [136.309534, 35.157596], [136.306815, 35.162836], [136.300331, 35.16664], [136.295197, 35.16741], [136.295781, 35.172051], [136.291405, 35.182285], [136.284717, 35.179779], [136.274759, 35.179782], [136.274563, 35.183168], [136.249448, 35.190587], [136.23629, 35.192836], [136.229835, 35.196708], [136.229834, 35.196708]]]}, "properties": {"A27_001": "25425", "A27_002": "愛荘町立", "A27_003": "B125242500018", "A27_004": "秦荘東小学校", "A27_005": "愛知郡愛荘町東出25"}}, {"type": "Feature", "geometry": {"type": "Polygon", "coordinates": [[[136.219099, 35.166751], [136.208224, 35.175146], [136.200933, 35.17596], [136.196976, 35.17435], [136.19675, 35.169879], [136.204142, 35.156398], [136.204262, 35.148049], [136.210036, 35.149264], [136.214346, 35.144768], [136.216465, 35.148053], [136.226984, 35.143511], [136.231492, 35.147709], [136.232209, 35.151749], [136.228203, 35.1548], [136.229429, 35.157891], [136.22494, 35.160225], [136.225699, 35.164002], [136.219404, 35.166598], [136.219099, 35.166751]]]}, "properties": {"A27_001": "25425", "A27_002": "愛荘町立", "A27_003": "B125242500045", "A27_004": "愛知川東小学校", "A27_005": "愛知郡愛荘町豊満573"}}, {"type": "Feature", "geometry": {"type": "Polygon", "coordinates": [[[136.030333, 35.03084], [136.028088, 35.02911], [136.018321, 35.031359], [136.022386, 35.028095], [136.02106, 35.026321], [136.011108, 35.031858], [136.0071, 35.026895], [135.998981, 35.031274], [135.994172, 35.025626], [136.005966, 35.020147], [136.00749, 35.015413], [136.006503, 35.011649], [136.009879, 35.010978], [136.0088, 35.014047], [136.011297, 35.01479], [136.013846, 35.012885], [136.019637, 35.013079], [136.020845, 35.014378], [136.02333, 35.010739], [136.027902, 35.012945], [136.030436, 35.005549], [136.034198, 35.004939], [136.035535, 35.006829], [136.037728, 35.005273], [136.039584, 35.007402], [136.036241, 35.011849], [136.03965, 35.018429], [136.036687, 35.022884], [136.038886, 35.02617], [136.030652, 35.030546], [136.030333, 35.03084]]]}, "properties": {"A27_001": "25208", "A27_002": "栗東市立", "A27_003": "B125220800066", "A27_004": "葉山東小学校", "A27_005": "栗東市小野320"}}, {"type": "Feature", "geometry": {"type": "Polygon", "coordinates": [[[135.991698, 35.029362], [135.983155, 35.034851], [135.979063, 35.031449], [135.974231, 35.032595], [135.970545, 35.030215], [135.968419, 35.02182], [135.969995, 35.019628], [135.978429, 35.020006], [135.981157, 35.023591], [135.986115, 35.021903], [135.990577, 35.02801], [135.991698, 35.029362]]]}, "properties": {"A27_001": "25208", "A27_002": "栗東市立", "A27_003": "B125220800057", "A27_004": "治田西小学校", "A27_005": "栗東市小柿1-5-21"}}, {"type": "Feature", "geometry": {"type": "Polygon", "coordinates": [[[135.982903, 35.039853], [135.976025, 35.046017], [135.968815, 35.047638], [135.966214, 35.044289], [135.975514, 35.039196], [135.970851, 35.035193], [135.972492, 35.031373], [135.981328, 35.032518], [135.978508, 35.03624], [135.984292, 35.03454], [135.985596, 35.036223], [135.980912, 35.03822], [135.982605, 35.039609], [135.982903, 35.039853]]]}, "properties": {"A27_001": "25208", "A27_002": "栗東市立", "A27_003": "B125220800048", "A27_004": "大宝小学校", "A27_005": "栗東市綣7-14-19"}}, {"type": "Feature", "geometry": {"type": "Polygon", "coordinates": [[[135.995678, 35.027201], [135.991698, 35.029362], [135.986115, 35.021903], [135.981157, 35.023591], [135.978429, 35.020006], [135.971253, 35.020389], [135.972561, 35.018351], [135.970469, 35.015586], [135.982474, 35.008883], [135.985622, 35.009353], [135.990033, 35.013678], [135.988937, 35.015579], [135.995937, 35.017447], [135.993003, 35.020234], [135.997275, 35.023892], [135.994172, 35.025626], [135.995671, 35.027193], [135.995678, 35.027201]]]}, "properties": {"A27_001": "25208", "A27_002": "栗東市立", "A27_003": "B125220800039", "A27_004": "治田小学校", "A27_005": "栗東市坊袋77"}}, {"type": "Feature", "geometry": {"type": "Polygon", "coordinates": [[[136.030333, 35.03084], [136.015963, 35.050671], [136.011475, 35.047603], [136.007154, 35.049904], [136.003487, 35.047652], [135.997336, 35.039564], [136.002953, 35.036183], [135.998981, 35.031274], [136.0071, 35.026895], [136.011108, 35.031858], [136.02106, 35.026321], [136.022386, 35.028095], [136.018321, 35.031359], [136.028088, 35.02911], [136.029886, 35.030456], [136.030333, 35.03084]]]}, "properties": {"A27_001": "25208", "A27_002": "栗東市立", "A27_003": "B125220800020", "A27_004": "葉山小学校", "A27_005": "栗東市高野310"}}, {"type": "Feature", "geometry": {"type": "Polygon", "coordinates": [[[136.037728, 35.005273], [136.035535, 35.006829], [136.034198, 35.004939], [136.030436, 35.005549], [136.027902, 35.012945], [136.02333, 35.010739], [136.020845, 35.014378], [136.019637, 35.013079], [136.013846, 35.012885], [136.009742, 35.014462], [136.008728, 35.013015], [136.009879, 35.010978], [136.006503, 35.011649], [136.005974, 35.009196], [136.005723, 35.004736], [136.008658, 34.999474], [136.007761, 34.997173], [136.004444, 34.995693], [135.997871, 35.000348], [135.997944, 34.997614], [135.999258, 34.997092], [135.996321, 34.992866], [135.99626, 34.989277], [135.994341, 34.988815], [135.991007, 34.991856], [135.989397, 34.987889], [135.991406, 34.983682], [135.989413, 34.979997], [135.993876, 34.98099], [135.993086, 34.97839], [135.998835, 34.976889], [136.003854, 34.980063], [136.00801, 34.978439], [136.010499, 34.975058], [136.010639, 34.970387], [136.013949, 34.966057], [136.013992, 34.962609], [136.009304, 34.963065], [136.00115, 34.961013], [136.001022, 34.959758], [136.003569, 34.9568], [136.010217, 34.954469], [136.014516, 34.945789], [136.016468, 34.944971], [136.016204, 34.943137], [136.019922, 34.943921], [136.02782, 34.939939], [136.031548, 34.940102], [136.034795, 34.943373], [136.038436, 34.943226], [136.040339, 34.945056], [136.039484, 34.949569], [136.041211, 34.953301], [136.039684, 34.95796], [136.040977, 34.95786], [136.039974, 34.958679], [136.041474, 34.961212], [136.043101, 34.960341], [136.041102, 34.956496], [136.042469, 34.956172], [136.040754, 34.955581], [136.042181, 34.954686], [136.040147, 34.947355], [136.041074, 34.945271], [136.043254, 34.945288], [136.04621, 34.946469], [136.045095, 34.95021], [136.047296, 34.952048], [136.04883, 34.958366], [136.061239, 34.96417], [136.061025, 34.966487], [136.053043, 34.97411], [136.053117, 34.976143], [136.050649, 34.97682], [136.044506, 34.984858], [136.042696, 34.985022], [136.046326, 34.995581], [136.038778, 34.997581], [136.039316, 35.001395], [136.03754, 35.005131], [136.037728, 35.005273]]]}, "properties": {"A27_001": "25208", "A27_002": "栗東市立", "A27_003": "B125220800011", "A27_004": "金勝小学校", "A27_005": "栗東市御園911-1"}}, {"type": "Feature", "geometry": {"type": "Polygon", "coordinates": [[[135.998037, 35.038963], [135.99324, 35.036876], [135.982903, 35.039853], [135.980912, 35.03822], [135.985596, 35.036223], [135.984292, 35.03454], [135.977733, 35.035599], [135.995678, 35.027201], [136.002953, 35.036183], [135.998585, 35.038632], [135.998037, 35.038963]]]}, "properties": {"A27_001": "25208", "A27_002": "栗東市立", "A27_003": "B125220800093", "A27_004": "大宝東小学校", "A27_005": "栗東市野尻502-1"}}, {"type": "Feature", "geometry": {"type": "Polygon", "coordinates": [[[135.968815, 35.047638], [135.962836, 35.050685], [135.958471, 35.047252], [135.959234, 35.045406], [135.96501, 35.042608], [135.961037, 35.037524], [135.970037, 35.032702], [135.975514, 35.039196], [135.966214, 35.044289], [135.968802, 35.047621], [135.968815, 35.047638]]]}, "properties": {"A27_001": "25208", "A27_002": "栗東市立", "A27_003": "B125220800084", "A27_004": "大宝西小学校", "A27_005": "栗東市霊仙寺4-2-55"}}, {"type": "Feature", "geometry": {"type": "Polygon", "coordinates": [[[136.006503, 35.011649], [136.00749, 35.015413], [136.005966, 35.020147], [135.998668, 35.024423], [135.993003, 35.020234], [135.995937, 35.017447], [135.988937, 35.015579], [135.990033, 35.013678], [135.985622, 35.009353], [135.990144, 35.007979], [135.992008, 35.003325], [135.996807, 34.999261], [135.998934, 35.00048], [136.006007, 34.995693], [136.008658, 34.999474], [136.005723, 35.004736], [136.006484, 35.0115], [136.006503, 35.011649]]]}, "properties": {"A27_001": "25208", "A27_002": "栗東市立", "A27_003": "B125220800075", "A27_004": "治田東小学校", "A27_005": "栗東市安養寺147"}}, {"type": "Feature", "geometry": {"type": "Polygon", "coordinates": [[[136.05356905884872, 35.45839248384042], [136.05380368683467, 35.46301216670776], [136.06570004512795, 35.47775584170429], [136.05412021795777, 35.48126358813351], [136.05249893608666, 35.488531289053846], [136.04537621365708, 35.49313908487698], [136.0471534158711, 35.499857562207836], [136.05485129058368, 35.50681227005199], [136.04870796286238, 35.5157533668328], [136.0531123331706, 35.52492075144077], [136.06192623414782, 35.52883222823034], [136.06095996574638, 35.53163157582938], [136.04853530642464, 35.5344050819505], [136.04636075130384, 35.53019270483856], [136.04100372410733, 35.532145349272604], [136.02644416700196, 35.52950508527519], [136.0283538564543, 35.5229612429782], [136.0202909706972, 35.51207095168773], [136.01519699249403, 35.51146334792919], [136.0111977150716, 35.49676993501218], [136.0020215158361, 35.48782319320228], [136.0059876237058, 35.47565973372977], [136.02588156586697, 35.46985766947998], [136.02999695470308, 35.47248348789137], [136.03616201220797, 35.4697148281226], [136.04588073842336, 35.45667173381145], [136.05327815001542, 35.45825441786884], [136.05356905884872, 35.45839248384042]]]}, "properties": {"A27_001": "25212", "A27_002": "高島市立", "A27_003": "B125221200024", "A27_004": "マキノ西小学校", "A27_005": "高島市マキノ町寺久保552-1"}}, {"type": "Feature", "geometry": {"type": "Polygon", "coordinates": [[[136.06044102028045, 35.45238610260734], [136.06780703644415, 35.4601489098835], [136.0771138505298, 35.464299024132735], [136.08040943474907, 35.4623866717223], [136.08755004935176, 35.448736513831165], [136.09926777677455, 35.45070995444743], [136.10572917202143, 35.45896199941242], [136.09435489209665, 35.46130837720272], [136.09166956756067, 35.46492942814989], [136.09545342169767, 35.46977120010977], [136.09632318593125, 35.47853904735607], [136.10003061567204, 35.48070590401453], [136.0990242061479, 35.504314075104915], [136.10509604881443, 35.51484168486511], [136.10357019696198, 35.52046633691718], [136.105644682985, 35.52860352078082], [136.0932042865721, 35.537444076411035], [136.08177698972855, 35.54012918148318], [136.07679762030315, 35.534376235006114], [136.077141740407, 35.53065152184224], [136.06986158974874, 35.52630542257787], [136.06192623414782, 35.52883222823034], [136.05629375650605, 35.527504520056425], [136.04870796286238, 35.5157533668328], [136.05485129058368, 35.50681227005199], [136.0471534158711, 35.499857562207836], [136.04537621365708, 35.49313908487698], [136.04984623916022, 35.487852704612166], [136.05249893608666, 35.488531289053846], [136.05412021795777, 35.48126358813351], [136.06570004512795, 35.47775584170429], [136.05373054831435, 35.46284160477588], [136.05335805457204, 35.4584205055268], [136.057698666009, 35.45477031763749], [136.06044102028045, 35.45238610260734]]]}, "properties": {"A27_001": "25212", "A27_002": "高島市立", "A27_003": "B125221200015", "A27_004": "マキノ東小学校", "A27_005": "高島市マキノ町海津2384"}}, {"type": "Feature", "geometry": {"type": "Polygon", "coordinates": [[[136.25092, 35.067848], [136.23446, 35.068967], [136.233861, 35.065566], [136.222837, 35.064892], [136.214555, 35.059789], [136.216669, 35.058717], [136.216878, 35.056522], [136.215616, 35.055558], [136.216579, 35.045137], [136.21472, 35.044311], [136.215097, 35.038612], [136.219261, 35.040221], [136.22068, 35.036748], [136.22526, 35.035221], [136.225687, 35.036922], [136.233651, 35.039625], [136.236446, 35.039146], [136.238478, 35.034925], [136.240497, 35.03759], [136.244156, 35.037474], [136.244746, 35.034938], [136.251119, 35.034368], [136.250617, 35.032262], [136.253102, 35.026754], [136.257118, 35.024205], [136.261827, 35.02327], [136.266013, 35.027764], [136.27131, 35.024571], [136.273809, 35.019614], [136.293681, 35.014523], [136.30141, 35.01485], [136.289135, 35.023884], [136.291982, 35.026577], [136.293996, 35.025779], [136.299427, 35.028601], [136.307317, 35.027205], [136.316294, 35.030038], [136.319698, 35.025583], [136.324861, 35.023063], [136.330649, 35.023774], [136.334642, 35.026217], [136.334609, 35.029955], [136.32912, 35.033284], [136.326669, 35.036994], [136.317733, 35.03843], [136.316396, 35.043374], [136.312142, 35.044163], [136.310233, 35.047128], [136.306269, 35.045749], [136.30286, 35.051065], [136.298691, 35.053063], [136.295905, 35.057272], [136.291489, 35.058632], [136.275578, 35.057932], [136.272945, 35.063064], [136.270464, 35.059182], [136.264567, 35.05805], [136.259916, 35.061019], [136.257747, 35.064807], [136.250998, 35.06779], [136.25092, 35.067848]]]}, "properties": {"A27_001": "25383", "A27_002": "日野町立", "A27_003": "B125238300054", "A27_004": "桜谷小学校", "A27_005": "蒲生郡日野町佐久良37"}}, {"type": "Feature", "geometry": {"type": "Polygon", "coordinates": [[[136.238478, 35.034925], [136.236446, 35.039146], [136.233651, 35.039625], [136.225687, 35.036922], [136.22526, 35.035221], [136.218775, 35.037465], [136.211296, 35.032944], [136.20534, 35.031559], [136.199118, 35.027], [136.200288, 35.024111], [136.196743, 35.022534], [136.193604, 35.022675], [136.191706, 35.024728], [136.184258, 35.025068], [136.183547, 35.019525], [136.180327, 35.015419], [136.18289, 35.013818], [136.181511, 35.011374], [136.183651, 35.008972], [136.181433, 35.002858], [136.185487, 35.00216], [136.188577, 35.000072], [136.188868, 34.997544], [136.201082, 34.991697], [136.207539, 35.000963], [136.215327, 35.007222], [136.220914, 35.004299], [136.227579, 35.00433], [136.234604, 35.000641], [136.236953, 35.006365], [136.232534, 35.011493], [136.230605, 35.010848], [136.225969, 35.01838], [136.222937, 35.01931], [136.22855, 35.021736], [136.230645, 35.021018], [136.230565, 35.022838], [136.234257, 35.023659], [136.231352, 35.028031], [136.238307, 35.034801], [136.238478, 35.034925]]]}, "properties": {"A27_001": "25383", "A27_002": "日野町立", "A27_003": "B125238300045", "A27_004": "必佐小学校", "A27_005": "蒲生郡日野町小御門444"}}, {"type": "Feature", "geometry": {"type": "Polygon", "coordinates": [[[136.234604, 35.000641], [136.227579, 35.00433], [136.220914, 35.004299], [136.215327, 35.007222], [136.204971, 34.998121], [136.199746, 34.989146], [136.206054, 34.988882], [136.207747, 34.985321], [136.211217, 34.984357], [136.215421, 34.985611], [136.220545, 34.977602], [136.218114, 34.972508], [136.219847, 34.968919], [136.228212, 34.970426], [136.230481, 34.967674], [136.230794, 34.964197], [136.237793, 34.959301], [136.251227, 34.956589], [136.261876, 34.96154], [136.258726, 34.967981], [136.253847, 34.967827], [136.252629, 34.969826], [136.250224, 34.969412], [136.247406, 34.9719], [136.249061, 34.974789], [136.24285, 34.9811], [136.243642, 34.986264], [136.242111, 34.991844], [136.236455, 34.996827], [136.234642, 35.000454], [136.234604, 35.000641]]]}, "properties": {"A27_001": "25383", "A27_002": "日野町立", "A27_003": "B125238300036", "A27_004": "南比都佐小学校", "A27_005": "蒲生郡日野町深山口431"}}, {"type": "Feature", "geometry": {"type": "Polygon", "coordinates": [[[136.334642, 35.026217], [136.330649, 35.023774], [136.325107, 35.023027], [136.319698, 35.025583], [136.316294, 35.030038], [136.307317, 35.027205], [136.299427, 35.028601], [136.293996, 35.025779], [136.291982, 35.026577], [136.289135, 35.023884], [136.30141, 35.01485], [136.289025, 35.015104], [136.286243, 35.016878], [136.278714, 35.017411], [136.274747, 35.019891], [136.264487, 35.015853], [136.260209, 35.01069], [136.263089, 35.0101], [136.26383, 35.005745], [136.269342, 34.999794], [136.272629, 35.000368], [136.284461, 34.992833], [136.289168, 34.994101], [136.289502, 34.990379], [136.301173, 34.983432], [136.306826, 34.984243], [136.31581, 34.982627], [136.316665, 34.980764], [136.323323, 34.977642], [136.329092, 34.982489], [136.334965, 34.98301], [136.338569, 34.985338], [136.343435, 34.997118], [136.343015, 35.00175], [136.345419, 35.0086], [136.342712, 35.010614], [136.341257, 35.014197], [136.342484, 35.016574], [136.33938, 35.019811], [136.338722, 35.023403], [136.334652, 35.026061], [136.334642, 35.026217]]]}, "properties": {"A27_001": "25383", "A27_002": "日野町立", "A27_003": "B125238300027", "A27_004": "西大路小学校", "A27_005": "蒲生郡日野町西大路1631"}}, {"type": "Feature", "geometry": {"type": "Polygon", "coordinates": [[[136.273809, 35.019614], [136.27131, 35.024571], [136.266013, 35.027764], [136.261827, 35.02327], [136.257118, 35.024205], [136.253102, 35.026754], [136.250617, 35.032262], [136.251119, 35.034368], [136.244746, 35.034938], [136.244156, 35.037474], [136.240497, 35.03759], [136.231352, 35.028031], [136.234257, 35.023659], [136.230565, 35.022838], [136.230645, 35.021018], [136.22855, 35.021736], [136.222937, 35.01931], [136.225969, 35.01838], [136.230605, 35.010848], [136.232534, 35.011493], [136.236953, 35.006365], [136.234642, 35.000454], [136.236455, 34.996827], [136.242111, 34.991844], [136.243642, 34.986264], [136.24285, 34.9811], [136.249061, 34.974789], [136.247406, 34.9719], [136.250224, 34.969412], [136.252629, 34.969826], [136.253847, 34.967827], [136.258726, 34.967981], [136.260712, 34.962694], [136.262952, 34.961109], [136.26523, 34.963742], [136.267975, 34.963416], [136.269575, 34.961357], [136.274964, 34.965036], [136.277885, 34.964987], [136.281733, 34.970099], [136.284403, 34.970732], [136.284059, 34.973424], [136.286862, 34.974999], [136.290671, 34.973707], [136.301153, 34.983313], [136.289502, 34.990379], [136.289168, 34.994101], [136.284461, 34.992833], [136.272629, 35.000368], [136.269342, 34.999794], [136.26383, 35.005745], [136.263089, 35.0101], [136.260766, 35.009712], [136.26033, 35.012041], [136.264487, 35.015853], [136.273914, 35.01941], [136.273809, 35.019614]]]}, "properties": {"A27_001": "25383", "A27_002": "日野町立", "A27_003": "B125238300018", "A27_004": "日野小学校", "A27_005": "蒲生郡日野町大窪331"}}, {"type": "Feature", "geometry": {"type": "Polygon", "coordinates": [[[136.257687, 35.228375], [136.254886, 35.228621], [136.254698, 35.225011], [136.252083, 35.227259], [136.250266, 35.226021], [136.253026, 35.220331], [136.25066, 35.21709], [136.246706, 35.217772], [136.244598, 35.215518], [136.241286, 35.21773], [136.237557, 35.212834], [136.24498, 35.209227], [136.242624, 35.198834], [136.249301, 35.193913], [136.250214, 35.195367], [136.254182, 35.193747], [136.259977, 35.204179], [136.263583, 35.203927], [136.261897, 35.206081], [136.269956, 35.218225], [136.258154, 35.22794], [136.257687, 35.228375]]]}, "properties": {"A27_001": "25442", "A27_002": "甲良町立", "A27_003": "B125244200026", "A27_004": "甲良西小学校", "A27_005": "犬上郡甲良町在士625"}}, {"type": "Feature", "geometry": {"type": "Polygon", "coordinates": [[[136.289131, 35.199829], [136.284354, 35.200963], [136.280165, 35.204312], [136.269956, 35.218225], [136.261897, 35.206081], [136.263902, 35.205739], [136.263583, 35.203927], [136.259977, 35.204179], [136.255147, 35.195294], [136.256612, 35.192894], [136.256232, 35.188406], [136.274563, 35.183168], [136.274759, 35.179782], [136.28561, 35.179992], [136.290471, 35.182584], [136.28801, 35.187884], [136.290608, 35.192371], [136.285603, 35.197642], [136.289113, 35.199725], [136.289131, 35.199829]]]}, "properties": {"A27_001": "25442", "A27_002": "甲良町立", "A27_003": "B125244200017", "A27_004": "甲良東小学校", "A27_005": "犬上郡甲良町横関215"}}, {"type": "Feature", "geometry": {"type": "Polygon", "coordinates": [[[136.03417146984157, 35.39063992229204], [136.0183756245062, 35.38968109726525], [136.0156904381105, 35.387972418278004], [136.01486656770984, 35.38955918939187], [136.0176128789991, 35.39104427866578], [136.01469371088604, 35.39026112916894], [136.00908157679643, 35.392983977440814], [136.00513501391578, 35.390622613184945], [136.0046127144162, 35.39306875373408], [136.0017760483724, 35.38929471623504], [136.00278275801165, 35.393363216348995], [135.997748159978, 35.38866392617386], [135.9998734241204, 35.39230384457583], [135.99820575871973, 35.393627622700635], [135.99078342270005, 35.39299794809086], [135.9971006861467, 35.3946904610188], [135.99431806490762, 35.398200071762254], [135.98425096536013, 35.39887429460383], [135.98032420824052, 35.39112527937014], [135.98200227134114, 35.39665834016189], [135.976997997272, 35.39865192499181], [135.9739464032805, 35.394685016334705], [135.97116970422, 35.395824034916345], [135.96436481853263, 35.39165370841613], [135.96082512112127, 35.392446841241686], [135.95416684566925, 35.39003527120272], [136.01076240229253, 35.36346387426435], [136.01288457096905, 35.367085817592894], [136.01377563513302, 35.3598085784076], [136.01809591969564, 35.35591048365927], [136.03831217796886, 35.353143336942026], [136.04413502329882, 35.350367300587834], [136.04751821787548, 35.35144536956949], [136.0548816200153, 35.34967747390156], [136.05648796214456, 35.353658951343085], [136.06907779124714, 35.35076321110881], [136.0682501466218, 35.356275911228366], [136.05447418782754, 35.36516645517685], [136.04538068543917, 35.37612848338685], [136.0361337296037, 35.37787571540783], [136.03720398900643, 35.38302016958885], [136.0342188523987, 35.39036927009229], [136.03417146984157, 35.39063992229204]]]}, "properties": {"A27_001": "25212", "A27_002": "高島市立", "A27_003": "B125221200131", "A27_004": "新旭北小学校", "A27_005": "高島市新旭町饗庭26"}}, {"type": "Feature", "geometry": {"type": "Polygon", "coordinates": [[[136.03154821288095, 35.342437050921035], [136.03683210565544, 35.338767682262144], [136.04681900226328, 35.33621227781948], [136.05769078149436, 35.32883853141901], [136.05983887757577, 35.33529668377269], [136.06742927925305, 35.33323475360123], [136.06834872891898, 35.33638481798734], [136.07177951322404, 35.33558690104504], [136.06907779124714, 35.35076321110881], [136.05648796214456, 35.353658951343085], [136.0548816200153, 35.34967747390156], [136.04751821787548, 35.35144536956949], [136.04413502329882, 35.350367300587834], [136.03831217796886, 35.353143336942026], [136.01809591969564, 35.35591048365927], [136.01377563513302, 35.3598085784076], [136.0092165770362, 35.35375229705422], [136.01033227712423, 35.349231249195924], [136.01798152279966, 35.348099814782486], [136.030928617513, 35.3429263757179], [136.03154821288095, 35.342437050921035]]]}, "properties": {"A27_001": "25212", "A27_002": "高島市立", "A27_003": "B125221200122", "A27_004": "新旭南小学校", "A27_005": "高島市新旭町新庄853"}}, {"type": "Feature", "geometry": {"type": "Polygon", "coordinates": [[[135.90427259503193, 35.27632102602014], [135.90629713891076, 35.27479692037204], [135.90449735149284, 35.27092230783523], [135.90957210238665, 35.26463144546833], [135.91713393595327, 35.26600642084309], [135.91872149022132, 35.26093202212588], [135.92797092281515, 35.258124184209244], [135.93268302369006, 35.26102385375792], [135.9374451927571, 35.26060729617701], [135.94061964745745, 35.26696496678763], [135.94531926705315, 35.26723161862084], [135.94583156051917, 35.271281090629195], [135.9487936939158, 35.27423909661475], [135.95535560712673, 35.27557221822698], [135.95620541332624, 35.27771356330585], [135.9771789331653, 35.272289381906205], [135.98366576285414, 35.272222777592965], [135.98795139925122, 35.266727560491184], [135.99082036550558, 35.26689992804206], [135.99354896569335, 35.264335554118325], [135.99795613622214, 35.26971065260158], [136.01167075366772, 35.27429952669671], [136.01866385264486, 35.27901047202214], [136.0185420262984, 35.285966452647905], [136.01563422719713, 35.29410297613845], [136.0308905761158, 35.30398805936491], [136.02716982457164, 35.305869713353644], [136.03044653102694, 35.31635574713013], [136.02879583649238, 35.31855890117016], [136.00331843081764, 35.32224768640239], [135.98772366904245, 35.32672047374316], [135.98048925739607, 35.33006864115601], [135.97392884070237, 35.33696436089352], [135.9653362260571, 35.33488368015103], [135.9607992638797, 35.34284829716578], [135.9552960326628, 35.34431177831201], [135.95062892698894, 35.341245570709034], [135.9495660166536, 35.336261257119695], [135.94186783010454, 35.33520370639325], [135.9426318974631, 35.329104854484044], [135.94011624271386, 35.32292143935602], [135.93202051846723, 35.32262321949766], [135.92866686248206, 35.320367766807536], [135.92928184903744, 35.31742577107805], [135.9313441845212, 35.31732582194552], [135.93053184375904, 35.311918036667834], [135.92040783653744, 35.303777310672906], [135.92025789588584, 35.299794442107945], [135.91542087150722, 35.297436353068576], [135.91269622983015, 35.29259518815369], [135.91318376516293, 35.28755404598177], [135.90963411578875, 35.28736229796038], [135.90619696424787, 35.28456254591024], [135.90424778523092, 35.27693370130707], [135.90427259503193, 35.27632102602014]]]}, "properties": {"A27_001": "25212", "A27_002": "高島市立", "A27_003": "B125221200113", "A27_004": "高島小学校", "A27_005": "高島市勝野1045"}}, {"type": "Feature", "geometry": {"type": "Polygon", "coordinates": [[[136.04546637113677, 35.30184490509615], [136.06097714916584, 35.31536883590295], [136.07626444888623, 35.31608092290244], [136.07907130978697, 35.32737139399409], [136.06834872891898, 35.33638481798734], [136.06742927925305, 35.33323475360123], [136.05983887757577, 35.33529668377269], [136.05769078149436, 35.32883853141901], [136.0414612751525, 35.33364694435902], [136.04038710119465, 35.32756986425403], [136.04871704997456, 35.323292786754344], [136.04466295063983, 35.30473648405727], [136.04546637113677, 35.30184490509615]]]}, "properties": {"A27_001": "25212", "A27_002": "高島市立", "A27_003": "B125221200104", "A27_004": "本庄小学校", "A27_005": "高島市安曇川町南船木391"}}, {"type": "Feature", "geometry": {"type": "Polygon", "coordinates": [[[136.02396943737153, 35.31918286481694], [136.03044653102694, 35.31635574713013], [136.02716982457164, 35.305869713353644], [136.04546637113677, 35.30184490509615], [136.0428600970298, 35.30937129313432], [136.04871704997456, 35.323292786754344], [136.03956453441552, 35.328968703968826], [136.0414612751525, 35.33364694435902], [136.05478046705343, 35.331274729690485], [136.03154821288095, 35.342437050921035], [136.02793924773064, 35.32758995253633], [136.0298131092098, 35.32712336418345], [136.02838412338235, 35.32472715852848], [136.02590036754947, 35.32494384583263], [136.0243964100095, 35.32041218510704], [136.02396943737153, 35.31918286481694]]]}, "properties": {"A27_001": "25212", "A27_002": "高島市立", "A27_003": "B125221200097", "A27_004": "青柳小学校", "A27_005": "高島市安曇川町青柳1138"}}, {"type": "Feature", "geometry": {"type": "Polygon", "coordinates": [[[135.95421685096727, 35.38949366136857], [135.9495172377371, 35.39265984054107], [135.94320526377402, 35.40385867877326], [135.93780574151404, 35.405258467868066], [135.93646840175583, 35.407149926143255], [135.93435601831715, 35.398608978271234], [135.93639336228566, 35.39347612066019], [135.9334311668653, 35.38855148678613], [135.93729916309616, 35.3839630037377], [135.94737294983238, 35.38394918103656], [135.9503600006034, 35.3802744009346], [135.95150335923478, 35.377041508469254], [135.9504550296669, 35.37322455101073], [135.9528238663345, 35.37056795331573], [135.9521471373363, 35.36224311673549], [135.94585410941983, 35.35844289051179], [135.94976294158647, 35.34181846573794], [135.9552960326628, 35.34431177831201], [135.95929189441176, 35.34412584547949], [135.9621192689121, 35.33926788166874], [135.96452773638694, 35.33821091185549], [135.9653362260571, 35.33488368015103], [135.96959972484987, 35.33709943664447], [135.97392884070237, 35.33696436089352], [135.98048925739607, 35.33006864115601], [135.98243705656625, 35.330410826391905], [135.98772366904245, 35.32672047374316], [136.00331843081764, 35.32224768640239], [136.0239690740888, 35.319181808403734], [136.02590036754947, 35.32494384583263], [136.02838412338235, 35.32472715852848], [136.0298131092098, 35.32712336418345], [136.02793924773064, 35.32758995253633], [136.0297899696715, 35.330024999030954], [136.02902649885712, 35.33680239464773], [136.03154821288095, 35.342437050921035], [136.01798152279966, 35.348099814782486], [136.01033227712423, 35.349231249195924], [136.0092165770362, 35.35375229705422], [136.0134790176236, 35.3577325998505], [136.012962644904, 35.367019046110535], [136.0118621889989, 35.367355173794806], [136.01076240229253, 35.36346387426435], [135.95509176074216, 35.38917701819656], [135.95421685096727, 35.38949366136857]]]}, "properties": {"A27_001": "25212", "A27_002": "高島市立", "A27_003": "B125221200088", "A27_004": "安曇小学校", "A27_005": "高島市安曇川町田中445-1"}}, {"type": "Feature", "geometry": {"type": "Polygon", "coordinates": [[[135.85834193454806, 35.28921279502955], [135.86427396350342, 35.30064680524736], [135.8630675439072, 35.3061871908467], [135.85715025533113, 35.305818117659875], [135.84556027393137, 35.30968318215295], [135.83570400069956, 35.321312175170576], [135.8348105220654, 35.32907457236578], [135.84208796256004, 35.33151221236752], [135.85018314475423, 35.326494169359094], [135.85386198736612, 35.32961212374901], [135.8570664781527, 35.33744608674533], [135.85377316521246, 35.34311798287601], [135.8452304886808, 35.34504944962733], [135.83961006586063, 35.355576206643796], [135.8398239795892, 35.36513467099415], [135.83301200762878, 35.36788557938686], [135.82558394914682, 35.380673663319875], [135.81874915884367, 35.38242784801938], [135.81240407389944, 35.380399742211175], [135.80757813247, 35.38555402148871], [135.79077123209515, 35.38660296656033], [135.79061562158236, 35.378787295865834], [135.77883672738832, 35.37321060813941], [135.77770527015056, 35.365920147887046], [135.77001121476866, 35.35987351247901], [135.76964808293297, 35.35424269376696], [135.7641066339047, 35.34439105129183], [135.78081151516727, 35.34056151435305], [135.7911880065236, 35.323378332317375], [135.80913469825305, 35.31650417166806], [135.81108743479226, 35.3138450365981], [135.81016786837745, 35.30907451691549], [135.81441956678006, 35.30699499244795], [135.81523483882552, 35.3008141337103], [135.82130759075577, 35.29712222618956], [135.82016616139418, 35.29061226916699], [135.82964079312043, 35.27671147826935], [135.83523458730485, 35.274126047363744], [135.84785881771128, 35.27907112405486], [135.85163333967242, 35.28592295337618], [135.85696404911104, 35.288981488475486], [135.85834193454806, 35.28921279502955]]]}, "properties": {"A27_001": "25212", "A27_002": "高島市立", "A27_003": "B125221200079", "A27_004": "朽木西小学校", "A27_005": "高島市朽木中牧187"}}, {"type": "Feature", "geometry": {"type": "Polygon", "coordinates": [[[135.93546174029402, 35.386097641662545], [135.932343795133, 35.38417682353342], [135.92196959582535, 35.38713478862657], [135.91956957239952, 35.3773773950563], [135.91575746547247, 35.382293507671484], [135.90873297264608, 35.38191017255836], [135.9045833806891, 35.38457645918269], [135.8934842080892, 35.380934970082855], [135.88895975194214, 35.38270977477778], [135.88674757846022, 35.38750918013139], [135.874111533674, 35.39711632061489], [135.8645795762628, 35.394415157281045], [135.8597431954837, 35.39572624103964], [135.85417930951346, 35.400987489438684], [135.85557835729358, 35.40916617246756], [135.85308680951485, 35.411589781173745], [135.84608183914847, 35.41132166965618], [135.8387654980724, 35.414413341001854], [135.83644248341335, 35.41203408067205], [135.83170635063232, 35.41231951217321], [135.82566640098136, 35.415136371641374], [135.819213458556, 35.412571706220604], [135.81349765704678, 35.41330326243027], [135.8115269161642, 35.41081220395275], [135.80798054164165, 35.39420678706759], [135.81009333994592, 35.39145883655328], [135.80757813247, 35.38555402148871], [135.81240407389944, 35.380399742211175], [135.81874915884367, 35.38242784801938], [135.82558394914682, 35.380673663319875], [135.83301200762878, 35.36788557938686], [135.8398239795892, 35.36513467099415], [135.83961006586063, 35.355576206643796], [135.8452304886808, 35.34504944962733], [135.85377316521246, 35.34311798287601], [135.85705192246877, 35.33766656656457], [135.85386198736612, 35.32961212374901], [135.85018314475423, 35.326494169359094], [135.84208796256004, 35.33151221236752], [135.83437856161814, 35.32867848284067], [135.83570400069956, 35.321312175170576], [135.84526524114807, 35.309873869151886], [135.8635136523861, 35.30551359248092], [135.86427396350342, 35.30064680524736], [135.85834193454806, 35.28921279502955], [135.8600980287555, 35.283323054339306], [135.86585544815847, 35.28013495858737], [135.88329865311968, 35.284819241821594], [135.90290988210236, 35.276088393790005], [135.90619696424787, 35.28456254591024], [135.91318376516293, 35.28755404598177], [135.91269622983015, 35.29259518815369], [135.91542087150722, 35.297436353068576], [135.92025789588584, 35.299794442107945], [135.92040783653744, 35.303777310672906], [135.93053184375904, 35.311918036667834], [135.9313441845212, 35.31732582194552], [135.92928184903744, 35.31742577107805], [135.92866686248206, 35.320367766807536], [135.94011624271386, 35.32292143935602], [135.9426318974631, 35.329104854484044], [135.94186783010454, 35.33520370639325], [135.95053613003117, 35.33732659780578], [135.94585410941983, 35.35844289051179], [135.95137477247798, 35.36110566914973], [135.95293199165698, 35.36453374910378], [135.9528238663345, 35.37056795331573], [135.9504550296669, 35.37322455101073], [135.95150335923478, 35.377041508469254], [135.94737294983238, 35.38394918103656], [135.94158677134757, 35.38312235810167], [135.9361765352233, 35.38591879759384], [135.93546174029402, 35.386097641662545]]]}, "properties": {"A27_001": "25212", "A27_002": "高島市立", "A27_003": "B125221200060", "A27_004": "朽木東小学校", "A27_005": "高島市朽木市場1113"}}, {"type": "Feature", "geometry": {"type": "Polygon", "coordinates": [[[136.04204764791288, 35.43509739691282], [136.03280716946313, 35.43595601995393], [136.02940127216291, 35.43924362535434], [136.02184008941234, 35.44254599214473], [136.01709891880202, 35.44848732895884], [136.01050143349246, 35.45334494286169], [136.00936031995718, 35.45773136497653], [135.99633534164604, 35.459350743692546], [135.9927666383158, 35.45786609266156], [135.9913749609164, 35.45403829730689], [135.98839707980795, 35.45419550215834], [135.9861416005158, 35.45107943061495], [135.9799546217604, 35.45091418119881], [135.97899288475853, 35.44904661719184], [135.98069988795052, 35.439793479368], [135.9844615031853, 35.437385188022446], [135.9809055606647, 35.436100944793665], [135.9842706425588, 35.43485236056656], [135.98524978938008, 35.43116741103959], [135.9868008979173, 35.43224317566965], [135.98593104490135, 35.429160826144106], [135.98862510542696, 35.42868827184878], [135.9833955816788, 35.42677637994402], [135.98180472794778, 35.42788940138384], [135.9787326767599, 35.423461384400376], [135.97906338606154, 35.42019873341087], [135.99154805603138, 35.42111343338819], [135.9964516409656, 35.419396465166045], [135.99727585223562, 35.41558183758697], [136.0012349121297, 35.41520925388103], [136.00363845899253, 35.420810821933735], [136.00674505705166, 35.42057922383814], [136.01735052535483, 35.416884706840335], [136.01776174668888, 35.415285664311746], [136.01548169992768, 35.41522456661765], [136.01434424691843, 35.41311525969857], [136.0330201681758, 35.414809479332035], [136.04314348020046, 35.408845530795915], [136.04540234601365, 35.40583968946043], [136.04684490355675, 35.40624022925725], [136.04810432277486, 35.407185131644034], [136.04556320996437, 35.409657963384575], [136.0462101469437, 35.42157430361574], [136.0409534432113, 35.43128801375139], [136.0412065904807, 35.43346992477742], [136.04204764791288, 35.43509739691282]]]}, "properties": {"A27_001": "25212", "A27_002": "高島市立", "A27_003": "B125221200051", "A27_004": "今津北小学校", "A27_005": "高島市今津町日置前100"}}, {"type": "Feature", "geometry": {"type": "Polygon", "coordinates": [[[136.00998659220076, 35.45749334918794], [136.00800408130522, 35.46036788765836], [136.01171142192996, 35.46625684272029], [136.0109232683405, 35.47087465480227], [136.00214779000837, 35.472201543680455], [135.99979562652854, 35.469220445346295], [135.99191206660103, 35.47171892025931], [135.9936509326902, 35.46969416474911], [135.98842122675165, 35.46527322201055], [135.98546298388317, 35.46759425864562], [135.98742518989468, 35.469527427643435], [135.9865877561391, 35.47161890339687], [135.98190079770205, 35.473502015367174], [135.98103837537698, 35.4782515383757], [135.98251324602055, 35.4816678285952], [135.9850504581394, 35.4807346038946], [135.98952488146642, 35.484984257365404], [135.98455048788713, 35.48916705059779], [135.98091339427526, 35.48655064769261], [135.9744266051572, 35.49749095043787], [135.96883974257062, 35.502323599562715], [135.96271534902635, 35.501131997401984], [135.95744086611816, 35.505897996416564], [135.9523913885047, 35.50622290347515], [135.95165392474325, 35.51196380450881], [135.94646698516186, 35.52096251250107], [135.93954275505752, 35.52037931970247], [135.93788043373777, 35.511188805174136], [135.93019382139207, 35.49184118002906], [135.92448197346084, 35.48947465790416], [135.9223822439538, 35.48587496370308], [135.9238445622574, 35.481642118753655], [135.92184474671387, 35.47585104818707], [135.91595780909617, 35.471051522308024], [135.91730764515108, 35.46741027868788], [135.9143829311916, 35.451570137672974], [135.90973350854608, 35.44716211230708], [135.9130331660022, 35.445228979657735], [135.914108081738, 35.4322135575206], [135.90275938138836, 35.429521758416946], [135.90102204889803, 35.42587204315818], [135.89296019373572, 35.41985587525767], [135.89337249370652, 35.41057352087234], [135.8906351120056, 35.40313256599322], [135.88058598160873, 35.400716015579754], [135.87413651316584, 35.396932964618316], [135.88674757846022, 35.38750918013139], [135.88931398568386, 35.38244199483432], [135.8934842080892, 35.380934970082855], [135.90099617902936, 35.38470972086432], [135.90873297264608, 35.38191017255836], [135.91213275849194, 35.383326689710245], [135.91621993499058, 35.38204353751565], [135.91956957239952, 35.3773773950563], [135.92196959582535, 35.38713478862657], [135.932343795133, 35.38417682353342], [135.93546174029402, 35.386097641662545], [135.9334311668653, 35.38855148678613], [135.93639336228566, 35.39347612066019], [135.93435601831715, 35.398608978271234], [135.936668393079, 35.407258201007195], [135.94320526377402, 35.40385867877326], [135.9495172377371, 35.39265984054107], [135.95421685096727, 35.38949366136857], [135.96082512112127, 35.392446841241686], [135.96598217090394, 35.3922234117951], [135.97116970422, 35.395824034916345], [135.9739464032805, 35.394685016334705], [135.976997997272, 35.39865192499181], [135.98200227134114, 35.39665834016189], [135.98032420824052, 35.39112527937014], [135.98425096536013, 35.39887429460383], [135.99431806490762, 35.398200071762254], [135.9971006861467, 35.3946904610188], [135.99078342270005, 35.39299794809086], [135.99820575871973, 35.393627622700635], [135.9998734241204, 35.39230384457583], [135.997748159978, 35.38866392617386], [136.00278275801165, 35.393363216348995], [136.0017760483724, 35.38929471623504], [136.0046127144162, 35.39306875373408], [136.00513501391578, 35.390622613184945], [136.00908157679643, 35.392983977440814], [136.00965571580053, 35.39161537107164], [136.01267221139207, 35.392635887772926], [136.01469371088604, 35.39026112916894], [136.0176128789991, 35.39104427866578], [136.01486656770984, 35.38955918939187], [136.0156904381105, 35.387972418278004], [136.0183756245062, 35.38968109726525], [136.03417146984157, 35.39063992229204], [136.03851445089273, 35.403697464885404], [136.04540234601365, 35.40583968946043], [136.03744503577616, 35.41271764426967], [136.03273247869876, 35.414863614385574], [136.01434424691843, 35.41311525969857], [136.01776174668888, 35.415285664311746], [136.01735052535483, 35.416884706840335], [136.00674505705166, 35.42057922383814], [136.00363845899253, 35.420810821933735], [136.0002387149769, 35.415109413154966], [135.99727585223562, 35.41558183758697], [135.9964516409656, 35.419396465166045], [135.99154805603138, 35.42111343338819], [135.97906338606154, 35.42019873341087], [135.9787326767599, 35.423461384400376], [135.98180472794778, 35.42788940138384], [135.9833955816788, 35.42677637994402], [135.98862510542696, 35.42868827184878], [135.98593104490135, 35.429160826144106], [135.9868008979173, 35.43224317566965], [135.98524978938008, 35.43116741103959], [135.9842706425588, 35.43485236056656], [135.9809055606647, 35.436100944793665], [135.9844615031853, 35.437385188022446], [135.98069988795052, 35.439793479368], [135.97978122388747, 35.45072383614472], [135.9861416005158, 35.45107943061495], [135.99633534164604, 35.459350743692546], [136.00936031995718, 35.45773136497653], [136.00998659220076, 35.45749334918794]]]}, "properties": {"A27_001": "25212", "A27_002": "高島市立", "A27_003": "B125221200042", "A27_004": "今津東小学校", "A27_005": "高島市今津町弘川59"}}, {"type": "Feature", "geometry": {"type": "Polygon", "coordinates": [[[136.06044102028045, 35.45238610260734], [136.0551301188947, 35.45812811527436], [136.04588073842336, 35.45667173381145], [136.03616201220797, 35.4697148281226], [136.02999695470308, 35.47248348789137], [136.02588156586697, 35.46985766947998], [136.0053926378173, 35.47603818806952], [136.00317309630682, 35.49153381445917], [135.9892613987531, 35.49264912987194], [135.98455048788713, 35.48916705059779], [135.98952488146642, 35.484984257365404], [135.98103837537698, 35.4782515383757], [135.98208828375897, 35.473210382812084], [135.98747518332132, 35.46991074424362], [135.98546298388317, 35.46759425864562], [135.98890743281325, 35.465259283505404], [135.9936509326902, 35.46969416474911], [135.99191206660103, 35.47171892025931], [135.99979562652854, 35.469220445346295], [136.00214779000837, 35.472201543680455], [136.0109232683405, 35.47087465480227], [136.01171142192996, 35.46625684272029], [136.00800408130522, 35.46036788765836], [136.0102977633328, 35.45366507132221], [136.03280716946313, 35.43595601995393], [136.04204764791288, 35.43509739691282], [136.05111594640772, 35.44601076765204], [136.06005666502105, 35.44891984370595], [136.06048379680445, 35.45178816022325], [136.06044102028045, 35.45238610260734]]]}, "properties": {"A27_001": "25212", "A27_002": "高島市立", "A27_003": "B125221200033", "A27_004": "マキノ南小学校", "A27_005": "高島市マキノ町新保887"}}, {"type": "Feature", "geometry": {"type": "Polygon", "coordinates": [[[135.981342, 35.087209], [135.97907, 35.088445], [135.978017, 35.086733], [135.973553, 35.088556], [135.972538, 35.087138], [135.963861, 35.090686], [135.963458, 35.092495], [135.960207, 35.092238], [135.956599, 35.090226], [135.956227, 35.088013], [135.952595, 35.086709], [135.947687, 35.080088], [135.9528, 35.079576], [135.967781, 35.072461], [135.965021, 35.067015], [135.970998, 35.063763], [135.975095, 35.068835], [135.980967, 35.064992], [135.985369, 35.070554], [135.973266, 35.077123], [135.98128, 35.087129], [135.981342, 35.087209]]]}, "properties": {"A27_001": "25207", "A27_002": "守山市立", "A27_003": "B125220700030", "A27_004": "玉津小学校", "A27_005": "守山市赤野井町9-1"}}, {"type": "Feature", "geometry": {"type": "Polygon", "coordinates": [[[135.947676, 35.080729], [135.946315, 35.080408], [135.948125, 35.075972], [135.945523, 35.072941], [135.948172, 35.063375], [135.95013, 35.06154], [135.955093, 35.060317], [135.95755, 35.06125], [135.960809, 35.058857], [135.960274, 35.056568], [135.962755, 35.054433], [135.968295, 35.056727], [135.972077, 35.054798], [135.975691, 35.056487], [135.981907, 35.055039], [135.986179, 35.057979], [135.984216, 35.058005], [135.985627, 35.061746], [135.983047, 35.062105], [135.98375, 35.063], [135.979519, 35.066528], [135.975095, 35.068835], [135.970998, 35.063763], [135.965021, 35.067015], [135.967781, 35.072461], [135.947672, 35.08063], [135.947676, 35.080729]]]}, "properties": {"A27_001": "25207", "A27_002": "守山市立", "A27_003": "B125220700021", "A27_004": "小津小学校", "A27_005": "守山市欲賀町853"}}, {"type": "Feature", "geometry": {"type": "Polygon", "coordinates": [[[135.998438, 35.053223], [135.990687, 35.056294], [135.989338, 35.057121], [135.990717, 35.058134], [135.985159, 35.061009], [135.984216, 35.058005], [135.985855, 35.057571], [135.980042, 35.054713], [135.987778, 35.049721], [135.98481, 35.04607], [135.992764, 35.041765], [135.999386, 35.046478], [135.995779, 35.050733], [135.998284, 35.05299], [135.998438, 35.053223]]]}, "properties": {"A27_001": "25207", "A27_002": "守山市立", "A27_003": "B125220700012", "A27_004": "守山小学校", "A27_005": "守山市勝部1-13-1"}}, {"type": "Feature", "geometry": {"type": "Polygon", "coordinates": [[[136.015963, 35.050671], [136.008243, 35.058808], [136.001506, 35.054756], [136.001323, 35.052128], [135.997395, 35.05295], [135.995779, 35.050733], [135.999386, 35.046478], [135.993082, 35.041588], [135.998037, 35.038963], [136.003714, 35.047807], [136.007154, 35.049904], [136.011475, 35.047603], [136.015492, 35.050328], [136.015963, 35.050671]]]}, "properties": {"A27_001": "25207", "A27_002": "守山市立", "A27_003": "B125220700094", "A27_004": "立入が丘小学校", "A27_005": "守山市立入町222"}}, {"type": "Feature", "geometry": {"type": "Polygon", "coordinates": [[[135.980343, 35.055059], [135.975691, 35.056487], [135.972077, 35.054798], [135.968295, 35.056727], [135.964389, 35.055041], [135.962836, 35.050685], [135.974812, 35.044478], [135.976911, 35.04555], [135.982182, 35.042589], [135.981169, 35.041253], [135.986034, 35.038033], [135.988135, 35.039671], [135.99324, 35.036876], [135.997396, 35.03799], [135.998037, 35.038963], [135.98481, 35.04607], [135.987778, 35.049721], [135.981277, 35.052732], [135.982345, 35.053806], [135.980177, 35.054863], [135.980343, 35.055059]]]}, "properties": {"A27_001": "25207", "A27_002": "守山市立", "A27_003": "B125220700085", "A27_004": "物部小学校", "A27_005": "守山市二町町252"}}, {"type": "Feature", "geometry": {"type": "Polygon", "coordinates": [[[135.997169, 35.063954], [135.985369, 35.070554], [135.9808, 35.064785], [135.990717, 35.058134], [135.989338, 35.057121], [136.001323, 35.052128], [136.001506, 35.054756], [136.008243, 35.058808], [136.004316, 35.058656], [135.997235, 35.063646], [135.997169, 35.063954]]]}, "properties": {"A27_001": "25207", "A27_002": "守山市立", "A27_003": "B125220700076", "A27_004": "吉身小学校", "A27_005": "守山市吉身3-2-26"}}, {"type": "Feature", "geometry": {"type": "Polygon", "coordinates": [[[136.003394, 35.089758], [136.001602, 35.090398], [136.003949, 35.094061], [136.003758, 35.102838], [135.998299, 35.110583], [135.991895, 35.109555], [135.993716, 35.117479], [135.988583, 35.120191], [135.984993, 35.12018], [135.984987, 35.122121], [135.981891, 35.122143], [135.975986, 35.125894], [135.972382, 35.121733], [135.967423, 35.121482], [135.964937, 35.118448], [135.966676, 35.115445], [135.965529, 35.114041], [135.968929, 35.111252], [135.96808, 35.110149], [135.970422, 35.106404], [135.967127, 35.102405], [135.979582, 35.09551], [135.992747, 35.096839], [136.000508, 35.088298], [136.003017, 35.089564], [136.003394, 35.089758]]]}, "properties": {"A27_001": "25207", "A27_002": "守山市立", "A27_003": "B125220700067", "A27_004": "中洲小学校", "A27_005": "守山市幸津川町1406"}}, {"type": "Feature", "geometry": {"type": "Polygon", "coordinates": [[[135.967423, 35.121482], [135.963323, 35.121933], [135.959888, 35.125289], [135.952238, 35.127426], [135.944636, 35.124617], [135.941881, 35.120193], [135.943986, 35.115325], [135.940338, 35.106218], [135.939854, 35.108369], [135.940304, 35.10502], [135.937232, 35.094721], [135.941936, 35.087156], [135.946613, 35.085494], [135.946078, 35.080302], [135.948463, 35.080941], [135.952595, 35.086709], [135.956227, 35.088013], [135.956599, 35.090226], [135.960207, 35.092238], [135.963458, 35.092495], [135.963861, 35.090686], [135.972538, 35.087138], [135.973553, 35.088556], [135.978017, 35.086733], [135.97907, 35.088445], [135.981342, 35.087209], [135.98853, 35.096216], [135.979582, 35.09551], [135.967127, 35.102405], [135.970422, 35.106404], [135.96808, 35.110149], [135.968929, 35.111252], [135.965529, 35.114041], [135.966676, 35.115445], [135.965459, 35.119094], [135.967423, 35.121482]]]}, "properties": {"A27_001": "25207", "A27_002": "守山市立", "A27_003": "B125220700058", "A27_004": "速野小学校", "A27_005": "守山市木浜町112"}}, {"type": "Feature", "geometry": {"type": "Polygon", "coordinates": [[[136.003394, 35.089758], [136.000508, 35.088298], [135.992747, 35.096839], [135.98853, 35.096216], [135.973266, 35.077123], [135.997169, 35.063954], [136.001866, 35.06905], [136.007167, 35.070213], [136.010124, 35.077043], [136.010732, 35.085769], [136.003435, 35.08966], [136.003394, 35.089758]]]}, "properties": {"A27_001": "25207", "A27_002": "守山市立", "A27_003": "B125220700049", "A27_004": "河西小学校", "A27_005": "守山市小島町1843"}}, {"type": "Feature", "geometry": {"type": "Polygon", "coordinates": [[[136.34658, 35.336366], [136.347366, 35.339253], [136.342857, 35.341134], [136.33989, 35.345795], [136.332336, 35.349617], [136.325846, 35.34992], [136.324537, 35.346409], [136.318165, 35.346267], [136.316383, 35.34387], [136.311118, 35.342622], [136.311147, 35.340678], [136.308215, 35.340268], [136.307026, 35.33828], [136.303866, 35.338687], [136.303681, 35.335755], [136.300811, 35.334006], [136.296467, 35.335104], [136.295496, 35.337007], [136.293191, 35.336594], [136.293145, 35.33051], [136.290603, 35.328338], [136.291428, 35.318399], [136.29457, 35.319441], [136.297751, 35.317001], [136.298525, 35.313225], [136.296022, 35.308516], [136.300441, 35.307878], [136.306391, 35.316187], [136.30514, 35.317471], [136.30823, 35.318194], [136.308775, 35.320547], [136.314512, 35.316087], [136.31456, 35.320686], [136.319616, 35.322729], [136.318346, 35.324982], [136.321402, 35.324495], [136.319452, 35.327917], [136.327744, 35.323801], [136.331785, 35.324091], [136.333425, 35.324719], [136.331744, 35.327319], [136.340745, 35.330591], [136.34208, 35.334652], [136.346538, 35.336334], [136.34658, 35.336366]]]}, "properties": {"A27_001": "25214", "A27_002": "米原市立", "A27_003": "B125221400095", "A27_004": "息長小学校", "A27_005": "米原市能登瀬1339"}}, {"type": "Feature", "geometry": {"type": "Polygon", "coordinates": [[[136.140705, 34.886931], [136.14039, 34.888573], [136.135067, 34.892071], [136.137105, 34.896217], [136.139363, 34.897239], [136.138888, 34.898808], [136.142347, 34.900235], [136.144078, 34.903282], [136.154635, 34.905158], [136.156, 34.90132], [136.161553, 34.903356], [136.164659, 34.907235], [136.163355, 34.912357], [136.163635, 34.917052], [136.165338, 34.917412], [136.16582, 34.91955], [136.16471, 34.927635], [136.161934, 34.929463], [136.15811, 34.9379], [136.153526, 34.937345], [136.151414, 34.933099], [136.148782, 34.933624], [136.147263, 34.930654], [136.134713, 34.923656], [136.127146, 34.923794], [136.12236, 34.927427], [136.104576, 34.923281], [136.096209, 34.923078], [136.100478, 34.919678], [136.100025, 34.917393], [136.101225, 34.913865], [136.10327, 34.912694], [136.102954, 34.910339], [136.1112, 34.904982], [136.110793, 34.901834], [136.115294, 34.89855], [136.114459, 34.894678], [136.115842, 34.892439], [136.120446, 34.89144], [136.121657, 34.88788], [136.125426, 34.888302], [136.131216, 34.883105], [136.135024, 34.884943], [136.136608, 34.888348], [136.140262, 34.887024], [136.140705, 34.886931]]]}, "properties": {"A27_001": "25209", "A27_002": "甲賀市立", "A27_003": "B125220900136", "A27_004": "甲南第二小学校", "A27_005": "甲賀市甲南町杉谷2046"}}, {"type": "Feature", "geometry": {"type": "Polygon", "coordinates": [[[136.190354, 34.91336], [136.194259, 34.916862], [136.200535, 34.914338], [136.203576, 34.916206], [136.19894, 34.926026], [136.194314, 34.924224], [136.189084, 34.924446], [136.185053, 34.922037], [136.189326, 34.926514], [136.18529, 34.933064], [136.194406, 34.939565], [136.193822, 34.943675], [136.190447, 34.945971], [136.188396, 34.95113], [136.182045, 34.955007], [136.174918, 34.955077], [136.179806, 34.950281], [136.177306, 34.939917], [136.179537, 34.939642], [136.180364, 34.93634], [136.176888, 34.937294], [136.176055, 34.93958], [136.168224, 34.935513], [136.168575, 34.938707], [136.172465, 34.940098], [136.173875, 34.945277], [136.170193, 34.948858], [136.165681, 34.946678], [136.161599, 34.94685], [136.157301, 34.943399], [136.155471, 34.943896], [136.155012, 34.941213], [136.160373, 34.93466], [136.162035, 34.929344], [136.171233, 34.928441], [136.179271, 34.917774], [136.1858, 34.916825], [136.190284, 34.913385], [136.190354, 34.91336]]]}, "properties": {"A27_001": "25209", "A27_002": "甲賀市立", "A27_003": "B125220900127", "A27_004": "甲南第一小学校", "A27_005": "甲賀市甲南町深川1728-1"}}, {"type": "Feature", "geometry": {"type": "Polygon", "coordinates": [[[136.269603, 34.919487], [136.268689, 34.923399], [136.266712, 34.924043], [136.262141, 34.931124], [136.263135, 34.934853], [136.24834, 34.936132], [136.243177, 34.940883], [136.23683, 34.942308], [136.233451, 34.942624], [136.23304, 34.94112], [136.236765, 34.93932], [136.237445, 34.934564], [136.231175, 34.938537], [136.218273, 34.940132], [136.21831, 34.941475], [136.213799, 34.941453], [136.213934, 34.942995], [136.211757, 34.942], [136.20513, 34.945012], [136.197603, 34.93828], [136.194405, 34.939965], [136.18529, 34.933064], [136.189326, 34.926514], [136.185053, 34.922037], [136.189084, 34.924446], [136.194314, 34.924224], [136.19894, 34.926026], [136.202846, 34.917802], [136.208408, 34.913984], [136.221145, 34.9163], [136.227638, 34.921348], [136.228022, 34.923259], [136.231569, 34.922999], [136.232889, 34.921217], [136.237038, 34.921531], [136.240229, 34.923592], [136.241065, 34.92631], [136.244906, 34.923663], [136.250944, 34.922908], [136.257521, 34.918525], [136.260005, 34.919965], [136.264016, 34.918127], [136.269355, 34.919392], [136.269603, 34.919487]]]}, "properties": {"A27_001": "25209", "A27_002": "甲賀市立", "A27_003": "B125220900118", "A27_004": "佐山小学校", "A27_005": "甲賀市甲賀町小佐治2922"}}, {"type": "Feature", "geometry": {"type": "Polygon", "coordinates": [[[136.280465, 34.873159], [136.280341, 34.880482], [136.273374, 34.888437], [136.267214, 34.889154], [136.250233, 34.895279], [136.243111, 34.895964], [136.242843, 34.898886], [136.240498, 34.900203], [136.23083, 34.898043], [136.214911, 34.899961], [136.21191, 34.898854], [136.209757, 34.89929], [136.210349, 34.901553], [136.206448, 34.902322], [136.205179, 34.904392], [136.203433, 34.903032], [136.205368, 34.90115], [136.200538, 34.897546], [136.201789, 34.894122], [136.196853, 34.891485], [136.196632, 34.886419], [136.193931, 34.884026], [136.194735, 34.882758], [136.199041, 34.88324], [136.205103, 34.879696], [136.208181, 34.880088], [136.208748, 34.878251], [136.217259, 34.876859], [136.219773, 34.873134], [136.217999, 34.871351], [136.217933, 34.867092], [136.220088, 34.863353], [136.250388, 34.857756], [136.268047, 34.864546], [136.269223, 34.868337], [136.273685, 34.869787], [136.277115, 34.874214], [136.280362, 34.873196], [136.280465, 34.873159]]]}, "properties": {"A27_001": "25209", "A27_002": "甲賀市立", "A27_003": "B125220900109", "A27_004": "油日小学校", "A27_005": "甲賀市甲賀町上野1322"}}, {"type": "Feature", "geometry": {"type": "Polygon", "coordinates": [[[136.222879, 35.205628], [136.219782, 35.206439], [136.213488, 35.197079], [136.215997, 35.195003], [136.215892, 35.191119], [136.2248, 35.186548], [136.226085, 35.182404], [136.225128, 35.179017], [136.23479, 35.176338], [136.237174, 35.181148], [136.232726, 35.184394], [136.234054, 35.186385], [136.229921, 35.192336], [136.23113, 35.195304], [136.227159, 35.197545], [136.228841, 35.199595], [136.224721, 35.201631], [136.223097, 35.205517], [136.222879, 35.205628]]]}, "properties": {"A27_001": "25441", "A27_002": "豊郷町立", "A27_003": "B125244100027", "A27_004": "日栄小学校", "A27_005": "犬上郡豊郷町吉田1454"}}, {"type": "Feature", "geometry": {"type": "Polygon", "coordinates": [[[136.237557, 35.212834], [136.225759, 35.21855], [136.222104, 35.213827], [136.223888, 35.212229], [136.221964, 35.208432], [136.223347, 35.207798], [136.22122, 35.207002], [136.224039, 35.204952], [136.224721, 35.201631], [136.228841, 35.199595], [136.227159, 35.197545], [136.23629, 35.192836], [136.256232, 35.188406], [136.255941, 35.195079], [136.254182, 35.193747], [136.250214, 35.195367], [136.249301, 35.193913], [136.243107, 35.197504], [136.244345, 35.201513], [136.242014, 35.202526], [136.24498, 35.209227], [136.238068, 35.212562], [136.237557, 35.212834]]]}, "properties": {"A27_001": "25441", "A27_002": "豊郷町立", "A27_003": "B125244100018", "A27_004": "豊郷小学校", "A27_005": "犬上郡豊郷町石畑518"}}, {"type": "Feature", "geometry": {"type": "Polygon", "coordinates": [[[136.003331, 34.87881], [135.997349, 34.877948], [135.990373, 34.892852], [135.98676, 34.889468], [135.974978, 34.888462], [135.974714, 34.891682], [135.971451, 34.893919], [135.967457, 34.891218], [135.966373, 34.883101], [135.964036, 34.879811], [135.955889, 34.880761], [135.953387, 34.878739], [135.949606, 34.879567], [135.947292, 34.877664], [135.942819, 34.877795], [135.943627, 34.872794], [135.940927, 34.863891], [135.945212, 34.858541], [135.947046, 34.853832], [135.946351, 34.851631], [135.961399, 34.85466], [135.962733, 34.850434], [135.966599, 34.84917], [135.967796, 34.846706], [135.972054, 34.846049], [135.969867, 34.837779], [135.981797, 34.839178], [135.984946, 34.841532], [135.987638, 34.840649], [135.991853, 34.842898], [135.994544, 34.842125], [135.999206, 34.844954], [136.00277, 34.844581], [136.008666, 34.849533], [136.006805, 34.860313], [136.016282, 34.862974], [136.011201, 34.868047], [136.005409, 34.870855], [136.004044, 34.877808], [136.003331, 34.87881]]]}, "properties": {"A27_001": "25209", "A27_002": "甲賀市立", "A27_003": "B125220900190", "A27_004": "朝宮小学校", "A27_005": "甲賀市信楽町下朝宮268"}}, {"type": "Feature", "geometry": {"type": "Polygon", "coordinates": [[[136.043236, 34.837566], [136.045842, 34.839949], [136.044607, 34.846832], [136.047366, 34.849815], [136.048203, 34.854259], [136.048215, 34.857857], [136.045898, 34.861454], [136.041533, 34.860497], [136.037622, 34.862315], [136.03571, 34.865345], [136.036576, 34.866592], [136.031015, 34.874617], [136.027958, 34.872571], [136.023619, 34.872452], [136.018541, 34.876683], [136.003026, 34.880759], [136.005081, 34.877331], [136.005409, 34.870855], [136.011201, 34.868047], [136.016282, 34.862974], [136.006805, 34.860313], [136.008666, 34.849533], [136.00277, 34.844581], [136.005342, 34.842876], [136.003649, 34.841076], [136.002316, 34.832919], [136.0055, 34.826408], [136.012166, 34.825174], [136.01549, 34.826599], [136.016273, 34.828911], [136.022807, 34.824293], [136.024524, 34.826792], [136.033844, 34.825943], [136.042584, 34.836717], [136.043236, 34.837566]]]}, "properties": {"A27_001": "25209", "A27_002": "甲賀市立", "A27_003": "B125220900181", "A27_004": "小原小学校", "A27_005": "甲賀市信楽町柞原899"}}, {"type": "Feature", "geometry": {"type": "Polygon", "coordinates": [[[136.110793, 34.901834], [136.110914, 34.905336], [136.102954, 34.910339], [136.10327, 34.912694], [136.101225, 34.913865], [136.100025, 34.917393], [136.100478, 34.919678], [136.096166, 34.92271], [136.097268, 34.924118], [136.095505, 34.926686], [136.103161, 34.934899], [136.105177, 34.940242], [136.109898, 34.944155], [136.110266, 34.946408], [136.108713, 34.948225], [136.104762, 34.948637], [136.102798, 34.951875], [136.094719, 34.954558], [136.093313, 34.957347], [136.091612, 34.954345], [136.086444, 34.953697], [136.079618, 34.958075], [136.076404, 34.962467], [136.071582, 34.962593], [136.070133, 34.965655], [136.06508, 34.962641], [136.061239, 34.96417], [136.049494, 34.959018], [136.047296, 34.952048], [136.045095, 34.95021], [136.046178, 34.946399], [136.041074, 34.945271], [136.039602, 34.942263], [136.033109, 34.938226], [136.037666, 34.933404], [136.041959, 34.931366], [136.042703, 34.926748], [136.039801, 34.922058], [136.042687, 34.911223], [136.033405, 34.905229], [136.033104, 34.897894], [136.038144, 34.893508], [136.040589, 34.896434], [136.046613, 34.89439], [136.053202, 34.889516], [136.054303, 34.885693], [136.056872, 34.883834], [136.063117, 34.883382], [136.066784, 34.880501], [136.071739, 34.881127], [136.075228, 34.878141], [136.085555, 34.877511], [136.085233, 34.879018], [136.0896, 34.8825], [136.085346, 34.886862], [136.087475, 34.890622], [136.093105, 34.887672], [136.09804, 34.889256], [136.101663, 34.896087], [136.110768, 34.901824], [136.110793, 34.901834]]]}, "properties": {"A27_001": "25209", "A27_002": "甲賀市立", "A27_003": "B125220900172", "A27_004": "雲井小学校", "A27_005": "甲賀市信楽町牧868"}}, {"type": "Feature", "geometry": {"type": "Polygon", "coordinates": [[[136.170193, 34.948858], [136.173875, 34.945277], [136.172465, 34.940098], [136.168575, 34.938707], [136.168224, 34.935513], [136.176055, 34.93958], [136.176888, 34.937294], [136.180364, 34.93634], [136.179537, 34.939642], [136.177306, 34.939917], [136.179806, 34.950281], [136.174672, 34.955102], [136.172788, 34.954081], [136.173519, 34.950793], [136.170264, 34.948903], [136.170193, 34.948858]]]}, "properties": {"A27_001": "25209", "A27_002": "甲賀市立", "A27_003": "B125220900163", "A27_004": "希望ヶ丘小学校", "A27_005": "甲賀市甲南町希望ヶ丘3-34"}}, {"type": "Feature", "geometry": {"type": "Polygon", "coordinates": [[[136.203433, 34.903032], [136.201731, 34.902461], [136.199772, 34.906549], [136.197251, 34.905998], [136.197752, 34.908614], [136.195629, 34.910941], [136.193242, 34.910661], [136.192946, 34.913887], [136.190433, 34.913296], [136.1858, 34.916825], [136.179271, 34.917774], [136.171233, 34.928441], [136.16385, 34.928634], [136.16582, 34.91955], [136.165338, 34.917412], [136.163624, 34.917019], [136.163527, 34.910176], [136.164862, 34.908067], [136.163475, 34.905318], [136.156, 34.90132], [136.154635, 34.905158], [136.145244, 34.904064], [136.142347, 34.900235], [136.138888, 34.898808], [136.139363, 34.897239], [136.137105, 34.896217], [136.135067, 34.892071], [136.14749, 34.881924], [136.153572, 34.884581], [136.159421, 34.884773], [136.160008, 34.886673], [136.166647, 34.887906], [136.163276, 34.895073], [136.174209, 34.900977], [136.176164, 34.90409], [136.174751, 34.904759], [136.174677, 34.908659], [136.177314, 34.908092], [136.178046, 34.909428], [136.1846, 34.901989], [136.182748, 34.897798], [136.189291, 34.896765], [136.194513, 34.889815], [136.196318, 34.889471], [136.196918, 34.891549], [136.201789, 34.894122], [136.200538, 34.897546], [136.205368, 34.90115], [136.203463, 34.903035], [136.203433, 34.903032]]]}, "properties": {"A27_001": "25209", "A27_002": "甲賀市立", "A27_003": "B125220900154", "A27_004": "甲南中部小学校", "A27_005": "甲賀市甲南町竜法師1137"}}, {"type": "Feature", "geometry": {"type": "Polygon", "coordinates": [[[136.218357, 34.865589], [136.217985, 34.871305], [136.219773, 34.873134], [136.217259, 34.876859], [136.208748, 34.878251], [136.208181, 34.880088], [136.205103, 34.879696], [136.199041, 34.88324], [136.194378, 34.882973], [136.196841, 34.887108], [136.196318, 34.889471], [136.194513, 34.889815], [136.189291, 34.896765], [136.182748, 34.897798], [136.1846, 34.901989], [136.1782, 34.909348], [136.177314, 34.908092], [136.174685, 34.908676], [136.174751, 34.904759], [136.176164, 34.90409], [136.174209, 34.900977], [136.163276, 34.895073], [136.166647, 34.887906], [136.18056, 34.886151], [136.178255, 34.882583], [136.178742, 34.879816], [136.188457, 34.877775], [136.190474, 34.873085], [136.194613, 34.872822], [136.202912, 34.8684], [136.207333, 34.868626], [136.212014, 34.866021], [136.218259, 34.865563], [136.218357, 34.865589]]]}, "properties": {"A27_001": "25209", "A27_002": "甲賀市立", "A27_003": "B125220900145", "A27_004": "甲南第三小学校", "A27_005": "甲賀市甲南町野川840"}}, {"type": "Feature", "geometry": {"type": "Polygon", "coordinates": [[[136.290616, 35.328374], [136.293145, 35.33051], [136.293191, 35.336594], [136.295496, 35.337007], [136.296467, 35.335104], [136.300811, 35.334006], [136.303681, 35.335755], [136.303866, 35.338687], [136.307026, 35.33828], [136.308215, 35.340268], [136.311147, 35.340678], [136.310166, 35.346476], [136.306884, 35.34879], [136.305779, 35.352167], [136.298054, 35.350277], [136.296399, 35.354615], [136.277589, 35.350811], [136.277552, 35.345964], [136.27431, 35.337697], [136.270355, 35.331511], [136.267434, 35.330025], [136.275927, 35.33073], [136.282692, 35.32794], [136.290637, 35.328428], [136.290616, 35.328374]]]}, "properties": {"A27_001": "25214", "A27_002": "米原市立", "A27_003": "B125221400086", "A27_004": "坂田小学校", "A27_005": "米原市宇賀野508"}}, {"type": "Feature", "geometry": {"type": "Polygon", "coordinates": [[[136.296022, 35.308516], [136.298704, 35.315159], [136.29568, 35.318982], [136.291467, 35.318305], [136.290903, 35.329128], [136.282692, 35.32794], [136.278363, 35.330441], [136.267591, 35.330029], [136.267055, 35.32845], [136.269009, 35.329139], [136.270413, 35.327828], [136.267157, 35.320691], [136.267892, 35.319538], [136.258884, 35.308297], [136.259627, 35.306873], [136.253382, 35.300379], [136.254165, 35.299296], [136.257526, 35.300411], [136.259821, 35.298628], [136.260566, 35.29453], [136.26232, 35.293979], [136.264962, 35.295146], [136.268602, 35.294172], [136.269919, 35.296772], [136.28612, 35.297028], [136.28823, 35.301574], [136.291486, 35.299443], [136.294921, 35.300673], [136.297546, 35.29888], [136.300961, 35.30206], [136.297727, 35.301342], [136.298071, 35.304739], [136.296014, 35.308493], [136.296022, 35.308516]]]}, "properties": {"A27_001": "25214", "A27_002": "米原市立", "A27_003": "B125221400077", "A27_004": "米原小学校", "A27_005": "米原市入江307"}}, {"type": "Feature", "geometry": {"type": "Polygon", "coordinates": [[[136.34658, 35.336366], [136.34208, 35.334652], [136.340745, 35.330591], [136.331744, 35.327319], [136.333425, 35.324719], [136.331785, 35.324091], [136.327744, 35.323801], [136.319452, 35.327917], [136.321402, 35.324495], [136.318346, 35.324982], [136.319616, 35.322729], [136.31456, 35.320686], [136.314512, 35.316087], [136.308775, 35.320547], [136.30823, 35.318194], [136.30514, 35.317471], [136.306391, 35.316187], [136.300605, 35.307998], [136.296022, 35.308516], [136.298071, 35.304739], [136.297727, 35.301342], [136.301181, 35.301991], [136.300954, 35.29792], [136.305138, 35.294219], [136.313709, 35.293022], [136.317499, 35.288679], [136.318892, 35.280897], [136.322937, 35.279857], [136.325639, 35.283918], [136.325022, 35.28808], [136.32848, 35.291611], [136.326009, 35.298441], [136.328675, 35.297934], [136.33174, 35.291485], [136.339709, 35.289826], [136.346134, 35.286425], [136.349911, 35.27524], [136.35152498126465, 35.274129953320816], [136.35551397595003, 35.27478694001604], [136.36404997413908, 35.281120911897126], [136.36992197273065, 35.28202190868668], [136.37707997615422, 35.28766889840678], [136.38083396801864, 35.284069899616796], [136.38524896778617, 35.28683889368738], [136.3917289632409, 35.28711089004647], [136.39103196806906, 35.28996888845091], [136.39430897021134, 35.292286885035594], [136.39444797378516, 35.294520881995155], [136.38579899025885, 35.299928878628485], [136.38224499263197, 35.299535880732044], [136.37733301227215, 35.307172872732494], [136.36742302106052, 35.31016087578192], [136.36504602734354, 35.31255187320578], [136.36701603611596, 35.316350865214915], [136.36688903137932, 35.31961488962253], [136.36546403065296, 35.32002789316381], [136.36718402445334, 35.3227319149055], [136.363787, 35.32609], [136.366527, 35.333004], [136.36986, 35.333774], [136.358177, 35.340072], [136.353266, 35.338191], [136.353401, 35.333008], [136.348621, 35.337477], [136.346583, 35.336337], [136.34658, 35.336366]]]}, "properties": {"A27_001": "25214", "A27_002": "米原市立", "A27_003": "B125221400068", "A27_004": "河南小学校", "A27_005": "米原市枝折77"}}, {"type": "Feature", "geometry": {"type": "Polygon", "coordinates": [[[136.41400223793394, 35.371470701522384], [136.4155742483779, 35.37356069391185], [136.42631423167188, 35.373357708435464], [136.4380502568111, 35.38064069139924], [136.422535323348, 35.38588263806706], [136.41315938944976, 35.39319858583693], [136.41223935404219, 35.388819614576576], [136.40802332009864, 35.38356764337092], [136.40504931874023, 35.382650644317565], [136.40080431602757, 35.383948651486286], [136.39891031781394, 35.38189864606726], [136.39090132347158, 35.383290643130834], [136.38588429439122, 35.38065167287332], [136.38418931531447, 35.38659266291958], [136.38088527093439, 35.38727871134597], [136.374119, 35.393046], [136.368594, 35.38835], [136.368463, 35.384183], [136.367108, 35.383994], [136.366951, 35.382362], [136.37133, 35.381931], [136.371101, 35.378042], [136.374799, 35.375113], [136.373379, 35.368877], [136.37658815147623, 35.369941822835564], [136.37937617537264, 35.36701179182877], [136.37922014526438, 35.362402813384406], [136.38679116764806, 35.35356876457951], [136.3891411884117, 35.35955474511359], [136.39264719720143, 35.361602736921604], [136.39264521977768, 35.36617171864562], [136.39060822425776, 35.367005715253384], [136.39357725567976, 35.37224269255432], [136.4008422423913, 35.37015270077172], [136.40988025811146, 35.374111686313285], [136.41384523884525, 35.371587700804994], [136.41400223793394, 35.371470701522384]]]}, "properties": {"A27_001": "25214", "A27_002": "米原市立", "A27_003": "B125221400059", "A27_004": "春照小学校", "A27_005": "米原市杉沢817"}}, {"type": "Feature", "geometry": {"type": "Polygon", "coordinates": [[[136.4380502568111, 35.38064069139924], [136.44425531272313, 35.389577652319325], [136.44138232929154, 35.39085063957379], [136.4408893548718, 35.393861619564696], [136.43700437296792, 35.39512160395266], [136.43656739072077, 35.39724358921524], [136.42796543498852, 35.40078455427645], [136.4203065524235, 35.41290746342629], [136.4118086121614, 35.4185974179551], [136.41183964771642, 35.422405387622184], [136.41888669899285, 35.42777535013657], [136.41618672833147, 35.43041332663262], [136.41572976063048, 35.43342230213903], [136.42311982467396, 35.43973425460193], [136.4222058557862, 35.442557229790715], [136.4262229185917, 35.44840018269929], [136.42459697901373, 35.45332813531079], [136.4214670081248, 35.455638111959686], [136.4205391356833, 35.465961010621704], [136.4188861552589, 35.46747699472709], [136.4143041427762, 35.46652800218063], [136.40162016589275, 35.47001698777733], [136.4019562087907, 35.47347195451304], [136.39800628387098, 35.48092790230229], [136.38671931408652, 35.48880889791775], [136.38783440736233, 35.49683183567222], [136.39409554925143, 35.50632273452969], [136.40048964826076, 35.51155766338548], [136.4000716631955, 35.5136386595494], [136.4037456709572, 35.51138363976099], [136.40567870453498, 35.51345461722851], [136.40250572244642, 35.51897063058028], [136.3990577094476, 35.521341657077926], [136.40175375491842, 35.52564863920182], [136.39982074816635, 35.52727465579147], [136.40040576522523, 35.53008165794708], [136.39762575434358, 35.53196767906438], [136.38425366297912, 35.53309076457425], [136.38261867068846, 35.537125780436064], [136.38099666143373, 35.537658790568415], [136.38026869735032, 35.54606780802756], [136.37577169379676, 35.55123583803981], [136.37356471776084, 35.55939386326194], [136.3627556434782, 35.55881690487396], [136.36218661212362, 35.55374790405121], [136.35912756144467, 35.548783918211264], [136.3566624866783, 35.53991393544779], [136.34683539061007, 35.53770099787559], [136.34588237139104, 35.536108006480845], [136.3476652902504, 35.522713022705915], [136.34616824120098, 35.517839046348655], [136.34280505399374, 35.514932188661106], [136.342652, 35.502577], [136.336721, 35.494409], [136.337141, 35.487735], [136.334748, 35.482923], [136.338396, 35.476632], [136.332697, 35.469567], [136.343926, 35.464259], [136.343184, 35.459358], [136.350423, 35.451204], [136.349666, 35.446852], [136.358709, 35.434319], [136.356136, 35.428987], [136.357144, 35.42447], [136.362941, 35.415394], [136.359572, 35.408166], [136.359704, 35.404715], [136.356637, 35.40045], [136.370159, 35.39729], [136.370117, 35.395897], [136.38088527093439, 35.38727871134597], [136.38418931531447, 35.38659266291958], [136.38588429439122, 35.38065167287332], [136.39090132347158, 35.383290643130834], [136.39891031781394, 35.38189864606726], [136.40080431602757, 35.383948651486286], [136.40366231909977, 35.38251964431245], [136.40802332009864, 35.38356764337092], [136.41223935404219, 35.388819614576576], [136.41234438865112, 35.39321758694018], [136.41516638422576, 35.392768590200916], [136.422535323348, 35.38588263806706], [136.43797025723086, 35.380673691090706], [136.4380502568111, 35.38064069139924]]]}, "properties": {"A27_001": "25214", "A27_002": "米原市立", "A27_003": "B125221400040", "A27_004": "伊吹小学校", "A27_005": "米原市上野991"}}, {"type": "Feature", "geometry": {"type": "Polygon", "coordinates": [[[136.373126, 35.370636], [136.374891, 35.37485], [136.371101, 35.378042], [136.37133, 35.381931], [136.366951, 35.382362], [136.368594, 35.38835], [136.374196, 35.393102], [136.370159, 35.39729], [136.363712, 35.397969], [136.359252, 35.400475], [136.351215, 35.400288], [136.340938, 35.40256], [136.336999, 35.405438], [136.333087, 35.40384], [136.332324, 35.397367], [136.335672, 35.3911], [136.33518, 35.385834], [136.337379, 35.379095], [136.340515, 35.374558], [136.343023, 35.37422], [136.343653, 35.371347], [136.362138, 35.369283], [136.362772, 35.370453], [136.3651, 35.368884], [136.367975, 35.373884], [136.373096, 35.37069], [136.373126, 35.370636]]]}, "properties": {"A27_001": "25214", "A27_002": "米原市立", "A27_003": "B125221400031", "A27_004": "大原小学校", "A27_005": "米原市市場424"}}, {"type": "Feature", "geometry": {"type": "Polygon", "coordinates": [[[136.34658, 35.336366], [136.348621, 35.337477], [136.353401, 35.333008], [136.352994, 35.337416], [136.354306, 35.339195], [136.358177, 35.340072], [136.360837, 35.338529], [136.367367, 35.338532], [136.372949, 35.341853], [136.374749, 35.345391], [136.37947609525577, 35.346050850987076], [136.38742616539142, 35.35083176316759], [136.38679116764806, 35.35356876457951], [136.37922014526438, 35.362402813384406], [136.37947617610223, 35.36685579080164], [136.37658815147623, 35.369941822835564], [136.373592, 35.36856], [136.373096, 35.37069], [136.367975, 35.373884], [136.3651, 35.368884], [136.362772, 35.370453], [136.362138, 35.369283], [136.343653, 35.371347], [136.343023, 35.37422], [136.340515, 35.374558], [136.337379, 35.379095], [136.333858, 35.37187], [136.334104, 35.367695], [136.329313, 35.365047], [136.328237, 35.360595], [136.32646, 35.359287], [136.325542, 35.350428], [136.333405, 35.349282], [136.337269, 35.346045], [136.33989, 35.345795], [136.342857, 35.341134], [136.347366, 35.339253], [136.346574, 35.336432], [136.34658, 35.336366]]]}, "properties": {"A27_001": "25214", "A27_002": "米原市立", "A27_003": "B125221400022", "A27_004": "山東小学校", "A27_005": "米原市大鹿546"}}, {"type": "Feature", "geometry": {"type": "Polygon", "coordinates": [[[136.41400223793394, 35.371470701522384], [136.40988025811146, 35.374111686313285], [136.4008422423913, 35.37015270077172], [136.39357725567976, 35.37224269255432], [136.39060822425776, 35.367005715253384], [136.39264521977768, 35.36617171864562], [136.39264719720143, 35.361602736921604], [136.3889521869795, 35.35923774638159], [136.38679116764806, 35.35356876457951], [136.38742616539142, 35.35083176316759], [136.37947609525577, 35.346050850987076], [136.374749, 35.345391], [136.372949, 35.341853], [136.368918, 35.339116], [136.360837, 35.338529], [136.369894, 35.333723], [136.366527, 35.333004], [136.363787, 35.32609], [136.36718402445334, 35.3227319149055], [136.3654730304985, 35.32009589371201], [136.36688903137932, 35.31961488962253], [136.36706803674548, 35.31661986471846], [136.36509202713594, 35.312473873320464], [136.36742302106052, 35.31016087578192], [136.37733301227215, 35.307172872732494], [136.38224499263197, 35.299535880732044], [136.38579899025885, 35.299928878628485], [136.3948969727803, 35.29406188240759], [136.39938097755325, 35.29943287325337], [136.40311997648453, 35.300591871729075], [136.40324098348054, 35.30344186933262], [136.40684798380536, 35.30526386679037], [136.40662699449325, 35.309747861392054], [136.4120360017021, 35.3150518521929], [136.41213202069568, 35.32218084264761], [136.41362902430697, 35.32426284037339], [136.4114270425883, 35.32901383086097], [136.41539105408768, 35.333953823550765], [136.41555406554127, 35.33699681760966], [136.41902307553315, 35.34118481231722], [136.41924509069753, 35.34483180311038], [136.4223251018383, 35.34838979636016], [136.42142312935115, 35.353916778208436], [136.4161651417401, 35.354749770758005], [136.4132651331736, 35.352261776473554], [136.41055913811454, 35.352543773990874], [136.40972716205135, 35.35696775887445], [136.4135281736735, 35.35997274991095], [136.4119122310093, 35.36989570689103], [136.41399023777592, 35.37144170164167], [136.41400223793394, 35.371470701522384]]]}, "properties": {"A27_001": "25214", "A27_002": "米原市立", "A27_003": "B125221400013", "A27_004": "柏原小学校", "A27_005": "米原市柏原2320"}}, {"type": "Feature", "geometry": {"type": "Polygon", "coordinates": [[[136.18154, 35.011244], [136.182929, 35.013723], [136.180492, 35.014558], [136.178312, 35.020076], [136.176469, 35.021321], [136.174836, 35.016957], [136.173173, 35.016617], [136.171416, 35.021413], [136.167467, 35.024072], [136.164398, 35.030479], [136.159197, 35.0222], [136.153405, 35.019255], [136.14218, 35.025045], [136.141726, 35.020493], [136.136998, 35.013684], [136.139457, 35.007985], [136.139123, 35.002954], [136.125856, 34.998454], [136.122425, 34.995689], [136.127206, 34.991379], [136.127539, 34.989136], [136.139966, 34.985738], [136.14551, 34.986665], [136.153441, 34.983414], [136.156056, 34.983922], [136.155339, 34.987087], [136.167838, 34.986136], [136.168032, 34.984573], [136.171424, 34.987598], [136.177575, 34.983304], [136.180862, 34.98791], [136.187988, 34.989998], [136.189037, 34.99748], [136.188577, 35.000072], [136.18498, 35.002164], [136.181867, 34.993097], [136.179175, 34.992734], [136.177744, 34.994198], [136.179444, 35.002417], [136.175514, 35.005927], [136.17772, 35.011364], [136.181074, 35.0112], [136.18154, 35.011244]]]}, "properties": {"A27_001": "25209", "A27_002": "甲賀市立", "A27_003": "B125220900010", "A27_004": "伴谷小学校", "A27_005": "甲賀市水口町伴中山2252"}}, {"type": "Feature", "geometry": {"type": "Polygon", "coordinates": [[[136.269603, 34.919487], [136.264016, 34.918127], [136.260005, 34.919965], [136.2577, 34.918482], [136.250944, 34.922908], [136.244906, 34.923663], [136.241065, 34.92631], [136.237648, 34.921801], [136.234216, 34.92099], [136.228022, 34.923259], [136.227638, 34.921348], [136.221422, 34.916473], [136.215305, 34.91598], [136.212965, 34.913816], [136.2079, 34.914096], [136.202846, 34.917802], [136.202417, 34.914619], [136.196823, 34.914918], [136.194259, 34.916862], [136.19035, 34.913378], [136.193549, 34.913435], [136.193197, 34.910712], [136.196351, 34.910449], [136.198023, 34.908039], [136.197162, 34.906118], [136.199816, 34.906515], [136.201953, 34.902283], [136.205983, 34.904272], [136.20611, 34.902511], [136.210776, 34.901121], [136.210036, 34.899195], [136.213603, 34.898676], [136.214911, 34.899961], [136.23083, 34.898043], [136.240498, 34.900203], [136.242843, 34.898886], [136.243111, 34.895964], [136.250233, 34.895279], [136.268798, 34.888734], [136.271893, 34.889136], [136.280319, 34.880519], [136.280465, 34.873158], [136.283722, 34.870292], [136.292932, 34.870309], [136.299231, 34.875636], [136.305019, 34.875182], [136.310206, 34.879987], [136.312918, 34.880627], [136.313226, 34.886972], [136.320788, 34.889821], [136.319788, 34.895689], [136.316615, 34.896243], [136.312996, 34.899322], [136.31291, 34.906311], [136.309943, 34.910305], [136.302259, 34.913592], [136.299307, 34.911572], [136.29654, 34.912297], [136.295726, 34.909975], [136.292832, 34.908794], [136.289299, 34.911816], [136.288313, 34.917585], [136.278524, 34.914936], [136.269811, 34.919357], [136.269603, 34.919487]]]}, "properties": {"A27_001": "25209", "A27_002": "甲賀市立", "A27_003": "B125220900092", "A27_004": "大原小学校", "A27_005": "甲賀市甲賀町大久保1000"}}, {"type": "Feature", "geometry": {"type": "Polygon", "coordinates": [[[136.269603, 34.919487], [136.278524, 34.914936], [136.288313, 34.917585], [136.289299, 34.911816], [136.292832, 34.908794], [136.295726, 34.909975], [136.29654, 34.912297], [136.299307, 34.911572], [136.302259, 34.913592], [136.309943, 34.910305], [136.31291, 34.906311], [136.313346, 34.898778], [136.319788, 34.895689], [136.320788, 34.889821], [136.326137, 34.888673], [136.330634, 34.892401], [136.339409, 34.895472], [136.346214, 34.894733], [136.350559, 34.899093], [136.357357, 34.900482], [136.360193, 34.904116], [136.366034, 34.904899], [136.364737, 34.911548], [136.3685, 34.914867], [136.367225, 34.916839], [136.367812, 34.921901], [136.37524, 34.924509], [136.371691, 34.927596], [136.372956, 34.928507], [136.371813, 34.934414], [136.375389, 34.939011], [136.37269, 34.942257], [136.385671, 34.952649], [136.395112, 34.951635], [136.396471, 34.957419], [136.399556, 34.961106], [136.399159, 34.963234], [136.403378, 34.966433], [136.403146, 34.969152], [136.415801, 34.980529], [136.414638, 34.98176], [136.416369, 34.992266], [136.413468, 34.995376], [136.421364, 35.000056], [136.416962, 35.011238], [136.418386, 35.017901], [136.407855, 35.013875], [136.403767, 35.013826], [136.400107, 35.016521], [136.394521, 35.017146], [136.387911, 35.022452], [136.384574, 35.021473], [136.383322, 35.018397], [136.374493, 35.015083], [136.364523, 35.016403], [136.363377, 35.021792], [136.354901, 35.023413], [136.342484, 35.016574], [136.341257, 35.014197], [136.345399, 35.008419], [136.342188, 34.992799], [136.338569, 34.985338], [136.334965, 34.98301], [136.329092, 34.982489], [136.323316, 34.977641], [136.316665, 34.980764], [136.31581, 34.982627], [136.301247, 34.983627], [136.293029, 34.975199], [136.290612, 34.973678], [136.286862, 34.974999], [136.284059, 34.973424], [136.284403, 34.970732], [136.281733, 34.970099], [136.277885, 34.964987], [136.272473, 34.963341], [136.27391, 34.962528], [136.273788, 34.960276], [136.268405, 34.95275], [136.269307, 34.948235], [136.266739, 34.940132], [136.266915, 34.939094], [136.269595, 34.940256], [136.269945, 34.938534], [136.263135, 34.934853], [136.262141, 34.931124], [136.266712, 34.924043], [136.268689, 34.923399], [136.269661, 34.919633], [136.269603, 34.919487]]]}, "properties": {"A27_001": "25209", "A27_002": "甲賀市立", "A27_003": "B125220900083", "A27_004": "土山小学校", "A27_005": "甲賀市土山町北土山1462"}}, {"type": "Feature", "geometry": {"type": "Polygon", "coordinates": [[[136.21963, 34.969304], [136.216975, 34.968821], [136.21896, 34.966227], [136.212883, 34.954069], [136.221241, 34.951908], [136.225773, 34.945678], [136.231662, 34.942834], [136.242251, 34.94127], [136.249671, 34.935867], [136.262431, 34.934752], [136.269945, 34.938534], [136.269595, 34.940256], [136.266915, 34.939094], [136.266739, 34.940132], [136.269307, 34.948235], [136.268334, 34.952485], [136.271939, 34.956238], [136.273771, 34.962799], [136.269464, 34.961357], [136.267975, 34.963416], [136.26523, 34.963742], [136.263802, 34.961335], [136.258912, 34.960678], [136.252242, 34.956727], [136.247118, 34.956544], [136.237793, 34.959301], [136.231834, 34.963169], [136.228212, 34.970426], [136.219717, 34.969163], [136.21963, 34.969304]]]}, "properties": {"A27_001": "25209", "A27_002": "甲賀市立", "A27_003": "B125220900074", "A27_004": "大野小学校", "A27_005": "甲賀市土山町大野949"}}, {"type": "Feature", "geometry": {"type": "Polygon", "coordinates": [[[136.18154, 35.011244], [136.1781, 35.011723], [136.175514, 35.005927], [136.179026, 35.003986], [136.177744, 34.994198], [136.180342, 34.992493], [136.182529, 34.994132], [136.185266, 35.00161], [136.181433, 35.002858], [136.183651, 35.008972], [136.181548, 35.011207], [136.18154, 35.011244]]]}, "properties": {"A27_001": "25209", "A27_002": "甲賀市立", "A27_003": "B125220900065", "A27_004": "伴谷東小学校", "A27_005": "甲賀市水口町山774"}}, {"type": "Feature", "geometry": {"type": "Polygon", "coordinates": [[[136.162581, 34.986817], [136.162143, 34.974642], [136.155371, 34.973863], [136.158075, 34.970021], [136.153932, 34.966762], [136.16654957041496, 34.96172268982715], [136.177043, 34.97621], [136.1741274583188, 34.97833728545565], [136.177328, 34.979424], [136.177595, 34.983245], [136.171424, 34.987598], [136.167494, 34.986187], [136.162581, 34.986817]]]}, "properties": {"A27_001": "25209", "A27_002": "甲賀市立", "A27_003": "B125220900056", "A27_004": "綾野小学校", "A27_005": "甲賀市水口町綾野3-6"}}, {"type": "Feature", "geometry": {"type": "Polygon", "coordinates": [[[136.15811, 34.9379], [136.155012, 34.941213], [136.155471, 34.943896], [136.157301, 34.943399], [136.159427, 34.945865], [136.16578, 34.946703], [136.173519, 34.950793], [136.17082, 34.957382], [136.166782, 34.961612], [136.16011, 34.96277], [136.153932, 34.966762], [136.145494, 34.966566], [136.130528, 34.970851], [136.131538, 34.967296], [136.12936, 34.965812], [136.131952, 34.963411], [136.12563, 34.960963], [136.123337, 34.954996], [136.119574, 34.954604], [136.113577, 34.947699], [136.110147, 34.946598], [136.109898, 34.944155], [136.105177, 34.940242], [136.103161, 34.934899], [136.095505, 34.926686], [136.096974, 34.923037], [136.104576, 34.923281], [136.12236, 34.927427], [136.127146, 34.923794], [136.134713, 34.923656], [136.147263, 34.930654], [136.148782, 34.933624], [136.151414, 34.933099], [136.153526, 34.937345], [136.157792, 34.937849], [136.15811, 34.9379]]]}, "properties": {"A27_001": "25209", "A27_002": "甲賀市立", "A27_003": "B125220900047", "A27_004": "貴生川小学校", "A27_005": "甲賀市水口町三大寺437"}}, {"type": "Feature", "geometry": {"type": "Polygon", "coordinates": [[[136.174918, 34.955077], [136.181883, 34.95505], [136.18733, 34.952013], [136.190919, 34.945337], [136.193822, 34.943675], [136.193893, 34.940219], [136.19757, 34.93828], [136.205708, 34.945021], [136.211757, 34.942], [136.213934, 34.942995], [136.213799, 34.941453], [136.21831, 34.941475], [136.218273, 34.940132], [136.231175, 34.938537], [136.237445, 34.934564], [136.237092, 34.93874], [136.23304, 34.94112], [136.233451, 34.942624], [136.224933, 34.946292], [136.220991, 34.952057], [136.212883, 34.954069], [136.21896, 34.966227], [136.216975, 34.968821], [136.21963, 34.969304], [136.218114, 34.972439], [136.220529, 34.977494], [136.219618, 34.979971], [136.217869, 34.980538], [136.215421, 34.985611], [136.211217, 34.984357], [136.207747, 34.985321], [136.206054, 34.988882], [136.200103, 34.988891], [136.201161, 34.992337], [136.196746, 34.993261], [136.192397, 34.996668], [136.189037, 34.99748], [136.187988, 34.989998], [136.180862, 34.98791], [136.178826, 34.985816], [136.177328, 34.979424], [136.1741274583188, 34.97833728545565], [136.177043, 34.97621], [136.17375097546486, 34.97458060382154], [136.1716794069676, 34.9694720725742], [136.16801479855587, 34.96587400764711], [136.16654957041496, 34.96172268982715], [136.172304, 34.954311], [136.174885, 34.955081], [136.174918, 34.955077]]]}, "properties": {"A27_001": "25209", "A27_002": "甲賀市立", "A27_003": "B125220900038", "A27_004": "水口小学校", "A27_005": "甲賀市水口町本町1-2-1"}}, {"type": "Feature", "geometry": {"type": "Polygon", "coordinates": [[[136.162581, 34.986817], [136.155339, 34.987087], [136.153441, 34.983414], [136.127539, 34.989136], [136.124395, 34.988418], [136.124042, 34.983981], [136.130528, 34.970851], [136.147169, 34.966408], [136.153932, 34.966762], [136.158075, 34.970021], [136.155371, 34.973863], [136.162143, 34.974642], [136.160443, 34.981143], [136.164029, 34.982851], [136.161806, 34.983328], [136.162581, 34.986817]]]}, "properties": {"A27_001": "25209", "A27_002": "甲賀市立", "A27_003": "B125220900029", "A27_004": "柏木小学校", "A27_005": "甲賀市水口町北脇1132"}}, {"type": "Feature", "geometry": {"type": "Polygon", "coordinates": [[[136.0627517426683, 35.0183351206245], [136.0723260971164, 35.02038105006619], [136.0739484460745, 35.02324939745051], [136.07177357484488, 35.02303711880023], [136.07556547806917, 35.02775534774571], [136.07564093869803, 35.030382006153104], [136.07913915255358, 35.03317477857087], [136.084692, 35.033997], [136.08423458239335, 35.035584491993426], [136.0802775996608, 35.03692296613599], [136.0745577768447, 35.03589164016398], [136.0730308595614, 35.038174364193196], [136.06714542912744, 35.037679071799744], [136.06446288728011, 35.03938718520726], [136.0529709483044, 35.04087720848393], [136.053316, 35.037036], [136.051263, 35.035814], [136.051207, 35.031685], [136.045031, 35.029356], [136.041434, 35.025754], [136.06272000000024, 35.01835000000011], [136.0627517426683, 35.0183351206245]]]}, "properties": {"A27_001": "25211", "A27_002": "湖南市立", "A27_003": "B125221100070", "A27_004": "菩提寺小学校", "A27_005": "湖南市菩提寺1583-270"}}, {"type": "Feature", "geometry": {"type": "Polygon", "coordinates": [[[136.1261947729261, 34.99855973015088], [136.13912306098064, 35.002954441394536], [136.1394569387869, 35.007985279497234], [136.136365, 35.01827300000018], [136.13139884747386, 35.01804984970812], [136.12949336660688, 35.02018775051971], [136.122421, 35.0205210000001], [136.12135863987146, 35.01634399492272], [136.12074962898336, 35.01791748785645], [136.11908367979925, 35.01691065898071], [136.11909944858783, 35.01241464060818], [136.1174033806061, 35.012504644770345], [136.11779612997586, 35.010092377837026], [136.11995934531942, 35.00965800366929], [136.11838701141332, 35.00757146855917], [136.122458, 35.005096], [136.12040640611082, 35.0017503888038], [136.12122398204124, 34.999195161655706], [136.12596202616726, 34.99870495951913], [136.1261947729261, 34.99855973015088]]]}, "properties": {"A27_001": "25211", "A27_002": "湖南市立", "A27_003": "B125221100061", "A27_004": "水戸小学校", "A27_005": "湖南市水戸町31-1"}}, {"type": "Feature", "geometry": {"type": "Polygon", "coordinates": [[[136.1174033806061, 35.01250464477039], [136.1190994485878, 35.0124146406082], [136.11908367979925, 35.01691065898075], [136.1207496289834, 35.017917487856494], [136.12135863987146, 35.01634399492269], [136.122421, 35.020521000000144], [136.12949336660688, 35.02018775051971], [136.13139884747386, 35.01804984970812], [136.136365, 35.018273000000136], [136.13838500536383, 35.01493333370655], [136.14172555059383, 35.02049305411134], [136.1421799996075, 35.02504500052652], [136.137129, 35.026974], [136.136873, 35.03047], [136.129554, 35.035396], [136.123963, 35.037212], [136.118401, 35.036297], [136.123543, 35.025411], [136.122956, 35.022531], [136.119784, 35.021128], [136.116918, 35.027074], [136.10818849129933, 35.02632448171043], [136.11557633989412, 35.02157564169784], [136.11685506843196, 35.01279869287765], [136.1174033806061, 35.01250464477039]]]}, "properties": {"A27_001": "25211", "A27_002": "湖南市立", "A27_003": "B125221100052", "A27_004": "下田小学校", "A27_005": "湖南市下田2784"}}, {"type": "Feature", "geometry": {"type": "Polygon", "coordinates": [[[136.1240519460407, 34.98384194584929], [136.12522416286504, 34.98584944129885], [136.12439472083986, 34.98841833313975], [136.1275152784076, 34.989093892169535], [136.12734027213605, 34.99078749544674], [136.12242138793692, 34.99579305450601], [136.1261947729261, 34.99855973015088], [136.12122398204122, 34.99919516165568], [136.12040640611087, 35.00175038880377], [136.122458, 35.005096], [136.11838701141335, 35.007571468559206], [136.11995934531944, 35.009658003669244], [136.11772297869368, 35.010196658905386], [136.11690216663817, 35.01871544997903], [136.1133808939287, 35.023911527305984], [136.10818849129933, 35.02632448171043], [136.104619, 35.024575], [136.103255, 35.021764], [136.101104, 35.021566], [136.097527, 35.024874], [136.092334, 35.025253], [136.09075, 35.029085], [136.085865, 35.030424], [136.085855, 35.034008], [136.08165777422994, 35.03377664288603], [136.07564093869803, 35.030382006153104], [136.07556547806917, 35.02775534774571], [136.07177357484488, 35.02303711880023], [136.0739484460745, 35.02324939745051], [136.0723260971164, 35.02038105006619], [136.06320776241876, 35.01929004351956], [136.06330400000024, 35.018071000000134], [136.082486, 35.010797], [136.0990220000001, 35.000176], [136.11029, 34.989293], [136.12383202391914, 34.983863231844055], [136.1240519460407, 34.98384194584929]]]}, "properties": {"A27_001": "25211", "A27_002": "湖南市立", "A27_003": "B125221100043", "A27_004": "岩根小学校", "A27_005": "湖南市岩根3791"}}, {"type": "Feature", "geometry": {"type": "Polygon", "coordinates": [[[136.061239, 34.964244], [136.0662225023667, 34.9628608290642], [136.0702264752394, 34.965325643878074], [136.07191293359165, 34.968609722945416], [136.07670281028126, 34.96981260904934], [136.07914121241694, 34.97341974923589], [136.08553093196596, 34.97622441930852], [136.08710725613457, 34.97495230653442], [136.10009363133892, 34.97869280002443], [136.10413877893484, 34.981228405640216], [136.10366047436838, 34.983929726251326], [136.10698026821268, 34.98634649648815], [136.1064578972116, 34.988043261101154], [136.10988, 34.989562], [136.099022, 35.000176], [136.075877, 35.013608], [136.06793132419693, 35.00459449576121], [136.06487200000012, 35.00351900000014], [136.06311400000016, 34.99998300000013], [136.0665464226046, 34.99883755384825], [136.06404407177885, 34.99693273354151], [136.06698457575783, 34.98975892626574], [136.06979358774228, 34.992158331808], [136.0720986971054, 34.98876401398447], [136.06864391645806, 34.982435404417764], [136.06722988670842, 34.97507951578498], [136.06087965566383, 34.96660091340699], [136.061239, 34.964254], [136.061239, 34.964244]]]}, "properties": {"A27_001": "25211", "A27_002": "湖南市立", "A27_003": "B125221100034", "A27_004": "三雲小学校", "A27_005": "湖南市夏見1857"}}, {"type": "Feature", "geometry": {"type": "Polygon", "coordinates": [[[136.06087965566383, 34.96660091340699], [136.06722988670845, 34.97507951578501], [136.0686439164581, 34.9824354044178], [136.0720986971054, 34.98876401398451], [136.0697935877423, 34.99215833180796], [136.06698457575783, 34.98975892626578], [136.06404407177888, 34.996932733541485], [136.06654642260457, 34.99883755384826], [136.06320199821084, 34.99938301219879], [136.06443400000012, 35.002305], [136.0635400000001, 35.004611], [136.06096200000013, 35.004912], [136.06106565719904, 35.002432805775584], [136.05925975819548, 35.004774555501456], [136.052739, 35.004172], [136.05112699274173, 35.00788906107647], [136.04967250258426, 35.00704398745313], [136.0491645791776, 35.008720778266365], [136.04344800000013, 35.007843], [136.04168749065332, 35.00570830558348], [136.04282682739472, 35.004033783814414], [136.0506262650781, 35.00101607518957], [136.04980577535594, 34.997714587257974], [136.04526067674874, 34.999429166943855], [136.046397, 34.994825], [136.042443, 34.98562], [136.049067, 34.980138], [136.050554, 34.976903], [136.053031, 34.976232], [136.053043, 34.97411], [136.060877, 34.966603], [136.06087965566383, 34.96660091340699]]]}, "properties": {"A27_001": "25211", "A27_002": "湖南市立", "A27_003": "B125221100025", "A27_004": "石部南小学校", "A27_005": "湖南市丸山1-1-1"}}, {"type": "Feature", "geometry": {"type": "Polygon", "coordinates": [[[136.045381, 34.996484], [136.04648558352403, 34.997474579444685], [136.04526067674874, 34.99942916694383], [136.0498057753559, 34.99771458725795], [136.0506262650781, 35.001016075189526], [136.0428268273947, 35.00403378381438], [136.0416874906533, 35.00570830558345], [136.04344800000013, 35.007843], [136.0491645791776, 35.008720778266394], [136.04967250258426, 35.00704398745309], [136.05112699274173, 35.00788906107643], [136.052739, 35.004172], [136.0592597581955, 35.004774555501484], [136.061065657199, 35.00243280577561], [136.060962, 35.004912], [136.06235100000026, 35.005008], [136.0640943063795, 35.002677331583044], [136.06793132419693, 35.00459449576121], [136.075877, 35.013608], [136.038886, 35.02617], [136.036646, 35.021301], [136.03965, 35.018429], [136.036241, 35.011849], [136.039584, 35.007402], [136.037289, 35.004812], [136.039316, 35.001395], [136.038525, 34.997936], [136.045328, 34.996515], [136.045381, 34.996484]]]}, "properties": {"A27_001": "25211", "A27_002": "湖南市立", "A27_003": "B125221100016", "A27_004": "石部小学校", "A27_005": "湖南市石部中央2-3-1"}}, {"type": "Feature", "geometry": {"type": "Polygon", "coordinates": [[[136.085555, 34.877511], [136.075228, 34.878141], [136.071739, 34.881127], [136.066784, 34.880501], [136.063117, 34.883382], [136.056872, 34.883834], [136.054303, 34.885693], [136.053202, 34.889516], [136.046613, 34.89439], [136.040589, 34.896434], [136.038144, 34.893508], [136.033709, 34.896907], [136.032857, 34.904427], [136.042687, 34.911223], [136.039933, 34.918402], [136.040642, 34.921085], [136.035327, 34.92393], [136.03307, 34.922189], [136.023548, 34.921603], [136.019761, 34.916728], [136.009757, 34.919954], [136.002827, 34.914442], [135.999234, 34.909104], [135.993093, 34.90951], [135.991687, 34.900922], [135.98693, 34.897585], [135.987272, 34.893798], [135.991538, 34.891688], [135.99752, 34.877795], [136.000481, 34.879335], [136.003245, 34.878749], [136.003026, 34.880759], [136.018541, 34.876683], [136.023619, 34.872452], [136.027958, 34.872571], [136.031015, 34.874617], [136.036576, 34.866592], [136.03571, 34.865345], [136.037622, 34.862315], [136.041533, 34.860497], [136.045898, 34.861454], [136.048215, 34.857857], [136.048203, 34.854259], [136.047366, 34.849815], [136.044607, 34.846832], [136.045842, 34.839949], [136.043236, 34.837566], [136.048073, 34.834308], [136.055855, 34.836142], [136.05832, 34.832703], [136.069768, 34.835017], [136.074137, 34.834357], [136.083661, 34.829059], [136.085222, 34.825032], [136.09254, 34.820666], [136.093251, 34.821904], [136.087582, 34.830045], [136.089639, 34.831087], [136.089926, 34.833791], [136.086052, 34.837598], [136.090749, 34.83643], [136.094943, 34.840158], [136.100099, 34.839112], [136.104472, 34.840581], [136.107457, 34.845439], [136.108371, 34.850256], [136.107074, 34.852564], [136.110872, 34.855444], [136.117106, 34.855587], [136.121035, 34.859789], [136.126411, 34.861852], [136.122726, 34.866489], [136.125857, 34.870019], [136.122132, 34.872752], [136.118855, 34.870627], [136.115476, 34.871934], [136.113322, 34.869295], [136.107961, 34.870524], [136.103167, 34.869694], [136.085604, 34.877313], [136.085555, 34.877511]]]}, "properties": {"A27_001": "25209", "A27_002": "甲賀市立", "A27_003": "B125220900216", "A27_004": "信楽小学校", "A27_005": "甲賀市信楽町江田969"}}, {"type": "Feature", "geometry": {"type": "Polygon", "coordinates": [[[136.09254, 34.820666], [136.085222, 34.825032], [136.083661, 34.829059], [136.074137, 34.834357], [136.069768, 34.835017], [136.05832, 34.832703], [136.055855, 34.836142], [136.048073, 34.834308], [136.043236, 34.837566], [136.034236, 34.826135], [136.023202, 34.825928], [136.022986, 34.824108], [136.027858, 34.821665], [136.028776, 34.816302], [136.016696, 34.81107], [136.010171, 34.798456], [136.011331, 34.795806], [136.015862, 34.797813], [136.01631, 34.794694], [136.019633, 34.792197], [136.02811, 34.790589], [136.032924, 34.794074], [136.038779, 34.794038], [136.041171, 34.798458], [136.044944, 34.799169], [136.046713, 34.801447], [136.051554, 34.799091], [136.057411, 34.803741], [136.062549, 34.79976], [136.068407, 34.80396], [136.072993, 34.804212], [136.075507, 34.807852], [136.081302, 34.807507], [136.085687, 34.810884], [136.0905, 34.812086], [136.090798, 34.815841], [136.095181, 34.81885], [136.092546, 34.820639], [136.09254, 34.820666]]]}, "properties": {"A27_001": "25209", "A27_002": "甲賀市立", "A27_003": "B125220900207", "A27_004": "多羅尾小学校", "A27_005": "甲賀市信楽町多羅尾2012"}}, {"type": "Feature", "geometry": {"type": "Polygon", "coordinates": [[[135.958545, 35.029369], [135.957562, 35.029928], [135.953511, 35.024947], [135.95548, 35.023872], [135.954072, 35.022087], [135.970488, 35.015617], [135.972561, 35.018351], [135.969979, 35.020913], [135.966155, 35.022657], [135.961069, 35.021254], [135.961766, 35.022822], [135.955801, 35.026002], [135.958545, 35.029369]]]}, "properties": {"A27_001": "25206", "A27_002": "草津市立", "A27_003": "B125220600086", "A27_004": "草津第二小学校", "A27_005": "草津市大路2-7-62"}}, {"type": "Feature", "geometry": {"type": "Polygon", "coordinates": [[[135.945553, 35.072813], [135.939845, 35.071768], [135.943322, 35.070732], [135.938336, 35.071321], [135.942223, 35.074141], [135.940468, 35.075113], [135.942013, 35.074791], [135.931738, 35.075951], [135.934856, 35.070038], [135.929543, 35.063109], [135.92943, 35.058366], [135.923893, 35.056271], [135.919583, 35.050829], [135.917183, 35.05054], [135.916331, 35.047032], [135.929328, 35.047195], [135.944968, 35.039417], [135.954767, 35.048111], [135.958655, 35.045983], [135.964379, 35.054663], [135.960576, 35.056044], [135.960809, 35.058857], [135.95755, 35.06125], [135.955093, 35.060317], [135.948971, 35.062466], [135.945719, 35.072662], [135.945553, 35.072813]]]}, "properties": {"A27_001": "25206", "A27_002": "草津市立", "A27_003": "B125220600077", "A27_004": "常盤小学校", "A27_005": "草津市志那中町119"}}, {"type": "Feature", "geometry": {"type": "Polygon", "coordinates": [[[135.944968, 35.039417], [135.928863, 35.047285], [135.917996, 35.046218], [135.909946, 35.0403], [135.921404, 35.036939], [135.931039, 35.030191], [135.938598, 35.030147], [135.954072, 35.022087], [135.95548, 35.023872], [135.953511, 35.024947], [135.954645, 35.026321], [135.95025, 35.029819], [135.951682, 35.033597], [135.944886, 35.039327], [135.944968, 35.039417]]]}, "properties": {"A27_001": "25206", "A27_002": "草津市立", "A27_003": "B125220600068", "A27_004": "笠縫小学校", "A27_005": "草津市上笠1-6-2"}}, {"type": "Feature", "geometry": {"type": "Polygon", "coordinates": [[[135.954072, 35.022087], [135.938598, 35.030147], [135.931039, 35.030191], [135.921404, 35.036939], [135.913052, 35.039669], [135.909946, 35.0403], [135.906976, 35.036425], [135.912695, 35.033741], [135.912793, 35.030019], [135.917075, 35.026628], [135.917205, 35.020261], [135.913578, 35.01572], [135.915389, 35.015086], [135.932893, 35.01365], [135.939739, 35.009985], [135.943039, 35.014098], [135.943942, 35.016057], [135.942417, 35.016926], [135.943869, 35.018461], [135.947092, 35.018913], [135.947552, 35.021001], [135.952827, 35.019661], [135.954282, 35.021982], [135.954072, 35.022087]]]}, "properties": {"A27_001": "25206", "A27_002": "草津市立", "A27_003": "B125220600059", "A27_004": "山田小学校", "A27_005": "草津市北山田町350"}}, {"type": "Feature", "geometry": {"type": "Polygon", "coordinates": [[[135.929289, 34.996097], [135.927855179753, 34.99696445375172], [135.92968451425196, 34.99751927210438], [135.92903118050234, 34.99835795100954], [135.93419141462417, 35.00169360307683], [135.9314526495159, 35.00374518942274], [135.93342270413808, 35.00423453351314], [135.93652628874105, 35.01162750605556], [135.932893, 35.01365], [135.913578, 35.01572], [135.909174, 35.009438], [135.90992, 35.001281], [135.90864, 34.999775], [135.909744, 34.999287], [135.907542, 34.999431], [135.906597, 34.99683], [135.909636, 34.995333], [135.918921, 34.996319], [135.929981, 34.994202], [135.929262, 34.996072], [135.929289, 34.996097]]]}, "properties": {"A27_001": "25206", "A27_002": "草津市立", "A27_003": "B125220600040", "A27_004": "老上西小学校", "A27_005": "草津市矢橋町508-1"}}, {"type": "Feature", "geometry": {"type": "Polygon", "coordinates": [[[135.943039, 35.014098], [135.939739, 35.009985], [135.93567435487606, 35.01090698807309], [135.93342270413808, 35.00423453351314], [135.9314526495159, 35.00374518942274], [135.93419141462417, 35.00169360307683], [135.927855179753, 34.99696445375172], [135.936324, 34.993754], [135.943203, 34.998462], [135.949938, 35.007286], [135.945145, 35.00854], [135.943935, 35.013595], [135.943039, 35.014098]]]}, "properties": {"A27_001": "25206", "A27_002": "草津市立", "A27_003": "B125220600031", "A27_004": "老上小学校", "A27_005": "草津市野路町517"}}, {"type": "Feature", "geometry": {"type": "Polygon", "coordinates": [[[135.970488, 35.015617], [135.955047, 35.021605], [135.951839, 35.019482], [135.947552, 35.021001], [135.947092, 35.018913], [135.944655, 35.017954], [135.95212187454874, 35.01269261375856], [135.96063, 35.009181], [135.963177, 35.010387], [135.965355, 35.009221], [135.966559, 35.010741], [135.968567, 35.00967], [135.972285, 35.014347], [135.970469, 35.015586], [135.970488, 35.015617]]]}, "properties": {"A27_001": "25206", "A27_002": "草津市立", "A27_003": "B125220600022", "A27_004": "草津小学校", "A27_005": "草津市草津3-14-5"}}, {"type": "Feature", "geometry": {"type": "Polygon", "coordinates": [[[135.985622, 35.009353], [135.982474, 35.008883], [135.972285, 35.014347], [135.968567, 35.00967], [135.963177, 35.010387], [135.96025853607168, 35.00699343987304], [135.96228, 35.005484], [135.960914, 35.004186], [135.962212, 35.001966], [135.960248, 35.00091], [135.96711143457372, 34.99754157990846], [135.96736397716506, 34.994335440950245], [135.96987040519952, 34.99320573299087], [135.976068, 34.997012], [135.972543, 34.986686], [135.973896, 34.984654], [135.978361, 34.983858], [135.976086, 34.981899], [135.978466, 34.978713], [135.983397, 34.979745], [135.983685, 34.978524], [135.988008, 34.978355], [135.991406, 34.983143], [135.989382, 34.987164], [135.990585, 34.991463], [135.995936, 34.98896], [135.996321, 34.992866], [135.999258, 34.997092], [135.992008, 35.003325], [135.990144, 35.007979], [135.985661, 35.009333], [135.985622, 35.009353]]]}, "properties": {"A27_001": "25206", "A27_002": "草津市立", "A27_003": "B125220600013", "A27_004": "志津小学校", "A27_005": "草津市青地町827"}}, {"type": "Feature", "geometry": {"type": "Polygon", "coordinates": [[[135.873192, 35.008218], [135.865373, 35.014165], [135.862055, 35.012786], [135.863075, 35.010912], [135.861519, 35.006341], [135.865959, 35.005369], [135.865025, 35.004122], [135.871558, 35.004321], [135.874045, 35.005916], [135.872401, 35.007147], [135.873151, 35.008159], [135.873192, 35.008218]]]}, "properties": {"A27_001": "25201", "A27_002": "大津市立", "A27_003": "B125220100134", "A27_004": "中央小学校", "A27_005": "大津市島の関1-60"}}, {"type": "Feature", "geometry": {"type": "Polygon", "coordinates": [[[135.862037, 35.007935], [135.860408, 35.006161], [135.856533, 35.006932], [135.856957, 35.002607], [135.855018, 35.000114], [135.856338, 34.999676], [135.853659, 34.995907], [135.856465, 34.994029], [135.854603, 34.987733], [135.856674, 34.979534], [135.860373, 34.980191], [135.864325, 34.986769], [135.87442, 34.996616], [135.875399, 35.001003], [135.877984, 35.001016], [135.871219, 35.0025], [135.871558, 35.004321], [135.865025, 35.004122], [135.865959, 35.005369], [135.861781, 35.007152], [135.862037, 35.007935]]]}, "properties": {"A27_001": "25201", "A27_002": "大津市立", "A27_003": "B125220100125", "A27_004": "逢坂小学校", "A27_005": "大津市音羽台6-1"}}, {"type": "Feature", "geometry": {"type": "Polygon", "coordinates": [[[135.863444, 35.013875], [135.861062, 35.014086], [135.86233, 35.015154], [135.860612, 35.015538], [135.86185, 35.020506], [135.863591, 35.021095], [135.863414, 35.023441], [135.865263, 35.025075], [135.855091, 35.024914], [135.855159, 35.022469], [135.847511, 35.023678], [135.847967, 35.024771], [135.84557, 35.025082], [135.846011, 35.028496], [135.841475, 35.027433], [135.839709, 35.034178], [135.836735, 35.036888], [135.834203, 35.033579], [135.837562, 35.033351], [135.835474, 35.030559], [135.836959, 35.028602], [135.82727, 35.022332], [135.834425, 35.022166], [135.83537, 35.016565], [135.844378, 35.014595], [135.842352, 35.006608], [135.847642, 35.004028], [135.847966, 35.000863], [135.856732, 35.00371], [135.856702, 35.007144], [135.860408, 35.006161], [135.863075, 35.010912], [135.862055, 35.012786], [135.863444, 35.013875]]]}, "properties": {"A27_001": "25201", "A27_002": "大津市立", "A27_003": "B125220100116", "A27_004": "長等小学校", "A27_005": "大津市大門通5-1"}}, {"type": "Feature", "geometry": {"type": "Polygon", "coordinates": [[[135.856732, 35.00371], [135.847966, 35.000863], [135.847642, 35.004028], [135.842352, 35.006608], [135.844618, 35.014187], [135.842063, 35.015785], [135.83537, 35.016565], [135.835464, 35.012329], [135.831701, 35.011709], [135.824946, 35.012351], [135.820239, 35.015194], [135.820239, 35.012962], [135.824279, 35.008717], [135.832682, 35.009425], [135.836559, 35.001226], [135.835456, 34.999254], [135.832357, 35.000835], [135.832427, 34.998772], [135.826905, 34.991204], [135.843558, 34.989587], [135.849267, 34.991734], [135.849118, 34.984812], [135.855176, 34.984606], [135.856465, 34.994029], [135.853659, 34.995907], [135.855772, 34.997854], [135.854616, 34.997972], [135.856338, 34.999676], [135.855018, 35.000114], [135.856995, 35.003749], [135.856732, 35.00371]]]}, "properties": {"A27_001": "25201", "A27_002": "大津市立", "A27_003": "B125220100107", "A27_004": "藤尾小学校", "A27_005": "大津市茶戸町10-1"}}, {"type": "Feature", "geometry": {"type": "Polygon", "coordinates": [[[135.858515, 35.059372], [135.852804, 35.060102], [135.850554, 35.057102], [135.839138, 35.051725], [135.837108, 35.036603], [135.839709, 35.034178], [135.841475, 35.027433], [135.846011, 35.028496], [135.84557, 35.025082], [135.847967, 35.024771], [135.847511, 35.023678], [135.855159, 35.022469], [135.855091, 35.024914], [135.8635, 35.025922], [135.865754, 35.024908], [135.869937, 35.026437], [135.864579, 35.037471], [135.859054, 35.037848], [135.858443, 35.04141], [135.851491, 35.043325], [135.854073, 35.046036], [135.852459, 35.046644], [135.852956, 35.047842], [135.858119, 35.049723], [135.862463, 35.054616], [135.859761, 35.056797], [135.860731, 35.058322], [135.858486, 35.059325], [135.858515, 35.059372]]]}, "properties": {"A27_001": "25201", "A27_002": "大津市立", "A27_003": "B125220100090", "A27_004": "志賀小学校", "A27_005": "大津市南志賀1-5-1"}}, {"type": "Feature", "geometry": {"type": "Polygon", "coordinates": [[[135.882432, 35.080845], [135.880336, 35.077113], [135.882118, 35.075648], [135.879335, 35.072459], [135.880355, 35.070604], [135.868769, 35.05898], [135.869248, 35.056799], [135.87378, 35.056597], [135.870848, 35.052789], [135.873644, 35.051151], [135.876564, 35.054579], [135.879435, 35.054653], [135.878012, 35.057137], [135.879586, 35.058418], [135.879992, 35.062623], [135.885013, 35.066035], [135.888477, 35.065127], [135.887108, 35.068217], [135.890704, 35.071691], [135.890819, 35.073274], [135.888052, 35.07472], [135.88847, 35.07639], [135.890304, 35.076104], [135.888879, 35.078553], [135.883089, 35.080666], [135.882432, 35.080845]]]}, "properties": {"A27_001": "25201", "A27_002": "大津市立", "A27_003": "B125220100081", "A27_004": "下阪本小学校", "A27_005": "大津市下阪本4-10-1"}}, {"type": "Feature", "geometry": {"type": "Polygon", "coordinates": [[[135.877227, 35.094164], [135.870103, 35.099681], [135.86099, 35.102299], [135.859489, 35.104541], [135.84295, 35.105844], [135.842938, 35.102515], [135.839286, 35.099829], [135.835046, 35.091327], [135.83984, 35.086137], [135.838317, 35.079079], [135.836591, 35.078935], [135.831892, 35.071456], [135.835847, 35.06233], [135.835995, 35.059157], [135.833326, 35.053864], [135.834809, 35.051822], [135.837563, 35.050953], [135.850554, 35.057102], [135.853649, 35.060323], [135.854689, 35.059074], [135.868725, 35.05733], [135.87419, 35.065733], [135.876088, 35.065217], [135.880355, 35.070604], [135.879335, 35.072459], [135.882118, 35.075648], [135.88057, 35.077106], [135.878816, 35.076006], [135.873328, 35.081927], [135.874524, 35.083388], [135.869878, 35.083872], [135.873281, 35.084469], [135.870942, 35.085562], [135.873011, 35.088205], [135.870965, 35.089494], [135.874511, 35.090308], [135.870809, 35.09026], [135.867824, 35.092094], [135.869282, 35.093979], [135.876588, 35.093956], [135.877227, 35.094164]]]}, "properties": {"A27_001": "25201", "A27_002": "大津市立", "A27_003": "B125220100072", "A27_004": "坂本小学校", "A27_005": "大津市坂本3-12-57"}}, {"type": "Feature", "geometry": {"type": "Polygon", "coordinates": [[[135.874157, 35.083523], [135.8777756132883, 35.08798162231954], [135.88505416531788, 35.08516265149798], [135.882432, 35.080845], [135.888671, 35.078674], [135.890528, 35.076168], [135.892768, 35.081284], [135.897517, 35.083156], [135.895751, 35.085103], [135.896808, 35.085838], [135.895162, 35.085373], [135.895455, 35.089133], [135.897459, 35.085282], [135.899277, 35.088911], [135.906247, 35.091976], [135.905923, 35.094689], [135.910257, 35.098673], [135.906876, 35.098267], [135.90673, 35.100105], [135.904454, 35.099196], [135.903324, 35.100827], [135.90057419999565, 35.094739437791425], [135.892818, 35.097574], [135.89011, 35.095613], [135.890528, 35.097609], [135.887604, 35.098875], [135.881334, 35.093835], [135.869051, 35.093921], [135.869679, 35.092918], [135.86787, 35.091677], [135.874511, 35.090308], [135.870965, 35.089494], [135.873011, 35.088205], [135.870942, 35.085562], [135.873281, 35.084469], [135.869845, 35.084036], [135.87364, 35.083754], [135.874157, 35.083523]]]}, "properties": {"A27_001": "25201", "A27_002": "大津市立", "A27_003": "B125220100063", "A27_004": "雄琴小学校", "A27_005": "大津市雄琴2-16-1"}}, {"type": "Feature", "geometry": {"type": "Polygon", "coordinates": [[[135.89826, 35.121253], [135.897649, 35.122983], [135.895647, 35.120036], [135.880133, 35.121203], [135.871618, 35.118921], [135.857502, 35.124431], [135.849377, 35.124613], [135.849866, 35.120589], [135.84731, 35.114165], [135.8444, 35.113648], [135.845095, 35.111838], [135.843262, 35.109903], [135.84295, 35.105844], [135.859489, 35.104541], [135.86099, 35.102299], [135.870103, 35.099681], [135.877517, 35.094014], [135.881334, 35.093835], [135.887604, 35.098875], [135.890528, 35.097609], [135.890941, 35.095431], [135.892818, 35.097574], [135.882655, 35.102196], [135.886361, 35.103894], [135.88609, 35.105908], [135.889896, 35.109225], [135.889664, 35.111668], [135.891864, 35.111553], [135.891075, 35.112733], [135.892411, 35.113075], [135.893329, 35.111234], [135.894276, 35.113303], [135.89312, 35.113861], [135.904114, 35.114608], [135.898701, 35.121206], [135.89826, 35.121253]]]}, "properties": {"A27_001": "25201", "A27_002": "大津市立", "A27_003": "B125220100054", "A27_004": "仰木小学校", "A27_005": "大津市仰木4-15-8"}}, {"type": "Feature", "geometry": {"type": "Polygon", "coordinates": [[[135.904114, 35.114608], [135.90775236577477, 35.11458320277981], [135.9073047495885, 35.110597095708535], [135.903469, 35.106359], [135.904568, 35.104599], [135.902979, 35.100892], [135.904939, 35.100962], [135.905997, 35.102884], [135.909379, 35.102253], [135.906153, 35.103019], [135.910594, 35.102778], [135.908864, 35.104124], [135.911294, 35.10553], [135.914854, 35.102269], [135.915777, 35.106698], [135.921659, 35.109795], [135.922917, 35.114218], [135.927924, 35.117221], [135.926991, 35.117996], [135.928185, 35.118036], [135.927683, 35.121051], [135.929457, 35.124874], [135.928482, 35.126033], [135.932175, 35.126179], [135.92751, 35.13047], [135.91934, 35.125671], [135.915262, 35.11998], [135.909858, 35.122528], [135.907869, 35.119329], [135.900397, 35.120572], [135.900394, 35.117933], [135.904069, 35.114926], [135.904114, 35.114608]]]}, "properties": {"A27_001": "25201", "A27_002": "大津市立", "A27_003": "B125220100045", "A27_004": "堅田小学校", "A27_005": "大津市本堅田3-6-1"}}, {"type": "Feature", "geometry": {"type": "Polygon", "coordinates": [[[135.922777, 35.137468], [135.92453617788814, 35.13346131368272], [135.908062, 35.136268], [135.907746, 35.138826], [135.906052, 35.139615], [135.903733, 35.138185], [135.904447, 35.139847], [135.90274, 35.140222], [135.904114, 35.145954], [135.902661, 35.148626], [135.893735, 35.146807], [135.893677, 35.14468], [135.89038, 35.142248], [135.892318, 35.138683], [135.890133, 35.136785], [135.893375, 35.129833], [135.897296, 35.130946], [135.898736, 35.127734], [135.899621, 35.125291], [135.89826, 35.121253], [135.905276, 35.119195], [135.908527, 35.119741], [135.909858, 35.122528], [135.915262, 35.11998], [135.91934, 35.125671], [135.925994, 35.128889], [135.927648, 35.131694], [135.925817, 35.132155], [135.92685, 35.132276], [135.924403, 35.137529], [135.923066, 35.13749], [135.922777, 35.137468]]]}, "properties": {"A27_001": "25201", "A27_002": "大津市立", "A27_003": "B125220100036", "A27_004": "真野小学校", "A27_005": "大津市真野4-6-17"}}, {"type": "Feature", "geometry": {"type": "Polygon", "coordinates": [[[135.865192, 35.187522], [135.858878, 35.187533], [135.85076, 35.184589], [135.847565, 35.185598], [135.845373, 35.180892], [135.841583, 35.179365], [135.843349, 35.178701], [135.842387, 35.173753], [135.846633, 35.16264], [135.850282, 35.160336], [135.856089, 35.159564], [135.856861, 35.156972], [135.856763, 35.153615], [135.853881, 35.151922], [135.852595, 35.146043], [135.848768, 35.142185], [135.850602, 35.138194], [135.85012, 35.135258], [135.852294, 35.134267], [135.849377, 35.124613], [135.857502, 35.124431], [135.871618, 35.118921], [135.880133, 35.121203], [135.895987, 35.120149], [135.897649, 35.122983], [135.89826, 35.121253], [135.899621, 35.125291], [135.897466, 35.130802], [135.89357, 35.129751], [135.891469, 35.133178], [135.890117, 35.136907], [135.89231, 35.139369], [135.89038, 35.142248], [135.893677, 35.14468], [135.893609, 35.146736], [135.900756, 35.148206], [135.899512, 35.151172], [135.900604, 35.153077], [135.90519, 35.154798], [135.90191, 35.157365], [135.898265, 35.157202], [135.893875, 35.15968], [135.888341, 35.167286], [135.881982, 35.16631], [135.873846, 35.177689], [135.871259, 35.187398], [135.86584, 35.186946], [135.865192, 35.187522]]]}, "properties": {"A27_001": "25201", "A27_002": "大津市立", "A27_003": "B125220100027", "A27_004": "伊香立小学校", "A27_005": "大津市伊香立生津町132-1"}}, {"type": "Feature", "geometry": {"type": "Polygon", "coordinates": [[[135.903529, 35.276112], [135.882987, 35.284642], [135.865873, 35.280151], [135.860755, 35.28296], [135.858617, 35.281244], [135.858362, 35.27817], [135.85461, 35.27558], [135.854933, 35.271422], [135.847535, 35.266665], [135.844673, 35.261985], [135.846089, 35.257112], [135.842354, 35.253386], [135.843978, 35.251492], [135.840153, 35.247932], [135.839842, 35.243744], [135.834526, 35.241119], [135.837688, 35.237204], [135.838056, 35.226105], [135.830668, 35.222667], [135.829308, 35.220346], [135.830749, 35.218408], [135.829964, 35.215778], [135.832568, 35.214138], [135.831046, 35.210504], [135.835601, 35.206509], [135.835241, 35.20221], [135.83733, 35.196262], [135.841908, 35.18984], [135.840213, 35.182096], [135.841113, 35.179562], [135.845373, 35.180892], [135.847565, 35.185598], [135.85076, 35.184589], [135.858878, 35.187533], [135.865192, 35.187522], [135.865989, 35.19293], [135.867264, 35.193263], [135.866587, 35.19538], [135.868125, 35.195411], [135.869737, 35.199853], [135.866478, 35.200869], [135.867418, 35.203782], [135.871455, 35.204214], [135.879004, 35.201983], [135.883541, 35.20527], [135.885593, 35.209564], [135.894479, 35.213442], [135.892881, 35.216836], [135.893972, 35.219337], [135.892673, 35.226598], [135.896756, 35.231272], [135.904668, 35.233552], [135.906435, 35.236944], [135.898557, 35.242024], [135.885661, 35.244999], [135.879834, 35.244707], [135.879211, 35.249659], [135.884061, 35.254058], [135.890948, 35.255582], [135.893717, 35.262209], [135.897726, 35.26349], [135.901697, 35.275162], [135.903437, 35.27598], [135.903529, 35.276112]]]}, "properties": {"A27_001": "25201", "A27_002": "大津市立", "A27_003": "B125220100018", "A27_004": "葛川小学校", "A27_005": "大津市葛川中村町108-1"}}, {"type": "Feature", "geometry": {"type": "Polygon", "coordinates": [[[136.08423458239335, 35.035584491993426], [136.083958, 35.039272], [136.078882, 35.045489], [136.078687, 35.050024], [136.066364, 35.054966], [136.055227, 35.055954], [136.056039, 35.045251], [136.0529709483044, 35.04087720848393], [136.06446288728011, 35.03938718520726], [136.06714542912744, 35.037679071799744], [136.0730308595614, 35.038174364193196], [136.0745577768447, 35.03589164016398], [136.0802775996608, 35.03692296613599], [136.08376512851783, 35.03559400677176], [136.08423458239335, 35.035584491993426]]]}, "properties": {"A27_001": "25211", "A27_002": "湖南市立", "A27_003": "B125221100098", "A27_004": "菩提寺北小学校", "A27_005": "湖南市菩提寺328"}}, {"type": "Feature", "geometry": {"type": "Polygon", "coordinates": [[[136.0702264752394, 34.965325643878074], [136.07165666662206, 34.96253944104251], [136.0764041625223, 34.962467225482214], [136.07961833951492, 34.958075000461065], [136.08644444835284, 34.95369722484719], [136.0916122181295, 34.95434527901159], [136.09331306094919, 34.95734694620478], [136.09471861137501, 34.95455805411109], [136.10279778159247, 34.951874721741206], [136.10476221750253, 34.94863722532784], [136.10871333315401, 34.948225000383616], [136.1099497273982, 34.94658472150786], [136.11357749630463, 34.94769889249005], [136.11957389062275, 34.95460416235238], [136.12333722333437, 34.95499610848378], [136.12562999992474, 34.960963333291375], [136.1319619456874, 34.96348082887732], [136.12936000016407, 34.96581222505432], [136.13166805353796, 34.967980829551834], [136.12587610839591, 34.98195194592574], [136.10988, 34.989562], [136.1064578972116, 34.988043261101154], [136.10698026821262, 34.986346496488125], [136.10366047436844, 34.98392972625135], [136.10390943871766, 34.98097916372819], [136.09570252625213, 34.976716337215066], [136.08710725613457, 34.97495230653442], [136.08569054175712, 34.97625856290165], [136.07914121241697, 34.973419749235916], [136.0764594195689, 34.96964012952287], [136.07191293359165, 34.968609722945416], [136.07038105177708, 34.96567385325284], [136.0702264752394, 34.965325643878074]]]}, "properties": {"A27_001": "25211", "A27_002": "湖南市立", "A27_003": "B125221100089", "A27_004": "三雲東小学校", "A27_005": "湖南市三雲3100"}}, {"type": "Feature", "geometry": {"type": "Polygon", "coordinates": [[[135.922263, 35.137323], [135.923143, 35.147562], [135.912397, 35.147141], [135.914339, 35.143615], [135.913832, 35.14018], [135.916608, 35.138752], [135.919456, 35.139625], [135.922083, 35.137383], [135.922263, 35.137323]]]}, "properties": {"A27_001": "25201", "A27_002": "大津市立", "A27_003": "B125220100376", "A27_004": "小野小学校", "A27_005": "大津市水明1-34-2"}}, {"type": "Feature", "geometry": {"type": "Polygon", "coordinates": [[[135.944383, 35.217782], [135.952019, 35.220659], [135.953214, 35.22292], [135.963574, 35.228319], [135.961263, 35.233235], [135.959781, 35.233432], [135.960841, 35.233288], [135.961915, 35.24083], [135.964464, 35.243802], [135.971167, 35.245946], [135.96953, 35.246985], [135.971238, 35.246014], [135.976539, 35.25705], [135.985892, 35.26227], [135.993506, 35.264231], [135.992466, 35.265356], [135.993638, 35.264483], [135.990941, 35.267166], [135.987925, 35.267009], [135.983692, 35.272308], [135.97679, 35.272316], [135.956844, 35.277702], [135.955632, 35.275483], [135.948665, 35.274183], [135.945809, 35.271241], [135.945269, 35.267308], [135.940485, 35.267063], [135.937178, 35.260622], [135.932229, 35.261029], [135.927893, 35.258275], [135.919033, 35.260642], [135.917137, 35.26598], [135.910095, 35.264223], [135.904584, 35.270738], [135.906259, 35.27498], [135.904332, 35.276284], [135.901697, 35.275162], [135.898123, 35.26419], [135.893717, 35.262209], [135.891668, 35.256884], [135.907599, 35.247101], [135.932075, 35.236246], [135.934218, 35.232467], [135.940377, 35.227366], [135.938501, 35.224927], [135.940414, 35.223683], [135.938731, 35.222647], [135.944132, 35.217959], [135.944383, 35.217782]]]}, "properties": {"A27_001": "25201", "A27_002": "大津市立", "A27_003": "B125220100367", "A27_004": "小松小学校", "A27_005": "大津市南小松1122"}}, {"type": "Feature", "geometry": {"type": "Polygon", "coordinates": [[[135.944383, 35.217782], [135.938731, 35.222647], [135.940414, 35.223683], [135.938501, 35.224927], [135.94059, 35.226972], [135.932075, 35.236246], [135.907599, 35.247101], [135.891668, 35.256884], [135.884061, 35.254058], [135.879211, 35.249659], [135.879834, 35.244707], [135.885661, 35.244999], [135.898557, 35.242024], [135.906435, 35.236944], [135.904668, 35.233552], [135.896756, 35.231272], [135.892673, 35.226598], [135.893972, 35.219337], [135.892881, 35.216836], [135.894479, 35.213442], [135.885593, 35.209564], [135.884379, 35.206248], [135.878265, 35.200587], [135.878524, 35.195659], [135.886711, 35.191172], [135.893439, 35.184116], [135.893228, 35.17802], [135.909867, 35.175768], [135.918046, 35.176715], [135.916379, 35.180593], [135.917447, 35.186446], [135.924029, 35.196987], [135.924569, 35.200468], [135.929505, 35.20534], [135.935916, 35.205181], [135.937566, 35.211291], [135.944379, 35.217782], [135.944383, 35.217782]]]}, "properties": {"A27_001": "25201", "A27_002": "大津市立", "A27_003": "B125220100358", "A27_004": "木戸小学校", "A27_005": "大津市荒川1000"}}, {"type": "Feature", "geometry": {"type": "Polygon", "coordinates": [[[135.879465, 35.202364], [135.867418, 35.203782], [135.866478, 35.200869], [135.869737, 35.199853], [135.868125, 35.195411], [135.866587, 35.19538], [135.867264, 35.193263], [135.865989, 35.19293], [135.865192, 35.187522], [135.871259, 35.187398], [135.873846, 35.177689], [135.881982, 35.16631], [135.888341, 35.167286], [135.893875, 35.15968], [135.904475, 35.156048], [135.904862, 35.154101], [135.900604, 35.153077], [135.899953, 35.148675], [135.903077, 35.148548], [135.904374, 35.146162], [135.910861, 35.148495], [135.912898, 35.141738], [135.91439, 35.143122], [135.912397, 35.147141], [135.922953, 35.147677], [135.922263, 35.137323], [135.924403, 35.137529], [135.92688, 35.144879], [135.925886, 35.146876], [135.926406, 35.145754], [135.92753, 35.148478], [135.930841, 35.149676], [135.936921, 35.156283], [135.933112, 35.157261], [135.924417, 35.164678], [135.924594, 35.168287], [135.92135, 35.170455], [135.918046, 35.176715], [135.909867, 35.175768], [135.893228, 35.17802], [135.892738, 35.185039], [135.886711, 35.191172], [135.877832, 35.196504], [135.879085, 35.196882], [135.878265, 35.200587], [135.879375, 35.202088], [135.879465, 35.202364]]]}, "properties": {"A27_001": "25201", "A27_002": "大津市立", "A27_003": "B125220100349", "A27_004": "和邇小学校", "A27_005": "大津市和邇中190"}}, {"type": "Feature", "geometry": {"type": "Polygon", "coordinates": [[[135.903324, 35.100827], [135.903469, 35.106359], [135.9073047495885, 35.110597095708535], [135.90775236577477, 35.11458320277981], [135.897241, 35.113677], [135.893211, 35.102744], [135.889301, 35.099612], [135.90057419999565, 35.094739437791425], [135.90300157109846, 35.09992864805801], [135.903324, 35.100827]]]}, "properties": {"A27_001": "25201", "A27_002": "大津市立", "A27_003": "B125220100330", "A27_004": "仰木の里東小学校", "A27_005": "大津市仰木の里東6-1-1"}}, {"type": "Feature", "geometry": {"type": "Polygon", "coordinates": [[[135.960248, 35.00091], [135.958074, 34.998426], [135.955431, 34.99849], [135.955888, 34.997292], [135.961576, 34.994845], [135.96016299122076, 34.992801142417306], [135.962761, 34.99211], [135.962155, 34.990908], [135.966564, 34.9868], [135.967136, 34.983131], [135.97242, 34.984377], [135.97455477059145, 34.99225468425321], [135.97333457354785, 34.991706976402675], [135.975941, 34.997207], [135.96987040519952, 34.99320573299087], [135.96727327474693, 34.9944246865919], [135.96711143457372, 34.99754157990846], [135.962937, 34.998725], [135.960248, 35.00091]]]}, "properties": {"A27_001": "25206", "A27_002": "草津市立", "A27_003": "B125220600120", "A27_004": "志津南小学校", "A27_005": "草津市若草2-16-2"}}, {"type": "Feature", "geometry": {"type": "Polygon", "coordinates": [[[135.960191, 34.974239], [135.961628, 34.970926], [135.960323, 34.970207], [135.962953, 34.965989], [135.96434, 34.970994], [135.966333, 34.969634], [135.981829, 34.975631], [135.982338, 34.972559], [135.981261, 34.970869], [135.978906, 34.97101], [135.979066, 34.967583], [135.977484, 34.967235], [135.977426, 34.960915], [135.974996, 34.960484], [135.976927, 34.957379], [135.978822, 34.957438], [135.978165, 34.955093], [135.980379, 34.956564], [135.979439, 34.953035], [135.980882, 34.954306], [135.983627, 34.95143], [135.989494, 34.950185], [135.991302, 34.948063], [135.994775, 34.947962], [135.999741, 34.944914], [136.007877, 34.944134], [136.010332, 34.942158], [136.017904, 34.941263], [136.020717, 34.943319], [136.016204, 34.943137], [136.016468, 34.944971], [136.014516, 34.945789], [136.010217, 34.954469], [136.003569, 34.9568], [136.001022, 34.959758], [136.00115, 34.961013], [136.009304, 34.963065], [136.013992, 34.962609], [136.013949, 34.966057], [136.010639, 34.970387], [136.010361, 34.975366], [136.005541, 34.979837], [135.998835, 34.976889], [135.993086, 34.97839], [135.993856, 34.980992], [135.988397, 34.980114], [135.987323, 34.978057], [135.983685, 34.978524], [135.983397, 34.979745], [135.978466, 34.978713], [135.976086, 34.981899], [135.978361, 34.983858], [135.973896, 34.984654], [135.973395, 34.98602], [135.97234, 34.984327], [135.966988, 34.983097], [135.965765, 34.977521], [135.96862, 34.978045], [135.969022, 34.976638], [135.96273, 34.976394], [135.960106, 34.974304], [135.960191, 34.974239]]]}, "properties": {"A27_001": "25201", "A27_002": "大津市立", "A27_003": "B125220100321", "A27_004": "青山小学校", "A27_005": "大津市青山3-16-1"}}, {"type": "Feature", "geometry": {"type": "Polygon", "coordinates": [[[135.958655, 35.045983], [135.954767, 35.048111], [135.944735, 35.039146], [135.948988, 35.037051], [135.951682, 35.033597], [135.950369, 35.029399], [135.954645, 35.026321], [135.957562, 35.029928], [135.963012, 35.029448], [135.966843, 35.034194], [135.961037, 35.037524], [135.96501, 35.042608], [135.958638, 35.045965], [135.958655, 35.045983]]]}, "properties": {"A27_001": "25206", "A27_002": "草津市立", "A27_003": "B125220600111", "A27_004": "笠縫東小学校", "A27_005": "草津市平井3-8-1"}}, {"type": "Feature", "geometry": {"type": "Polygon", "coordinates": [[[135.897241, 35.113677], [135.89312, 35.113861], [135.894276, 35.113303], [135.893329, 35.111234], [135.892411, 35.113075], [135.889664, 35.111668], [135.889896, 35.109225], [135.88609, 35.105908], [135.886361, 35.103894], [135.882655, 35.102196], [135.889301, 35.099612], [135.891943, 35.100995], [135.89712, 35.113305], [135.897241, 35.113677]]]}, "properties": {"A27_001": "25201", "A27_002": "大津市立", "A27_003": "B125220100312", "A27_004": "仰木の里小学校", "A27_005": "大津市仰木の里4-4-1"}}, {"type": "Feature", "geometry": {"type": "Polygon", "coordinates": [[[135.944655, 35.017954], [135.942417, 35.016926], [135.943942, 35.016057], [135.943151, 35.012645], [135.945739, 35.010548], [135.945019, 35.008698], [135.949938, 35.007286], [135.948819, 35.005792], [135.953352, 35.003489], [135.955431, 34.99849], [135.958074, 34.998426], [135.962212, 35.001966], [135.960914, 35.004186], [135.96228, 35.005484], [135.96021239794166, 35.00677327329857], [135.96151643505343, 35.00932522185249], [135.95212187454874, 35.01269261375856], [135.945371, 35.017531], [135.944655, 35.017954]]]}, "properties": {"A27_001": "25206", "A27_002": "草津市立", "A27_003": "B125220600102", "A27_004": "矢倉小学校", "A27_005": "草津市矢倉2-5-50"}}, {"type": "Feature", "geometry": {"type": "Polygon", "coordinates": [[[135.904035, 35.146214], [135.90274, 35.140222], [135.904447, 35.139847], [135.903733, 35.138185], [135.906052, 35.139615], [135.907746, 35.138826], [135.908062, 35.136268], [135.92453617788814, 35.13346131368272], [135.922777, 35.137468], [135.919895, 35.137936], [135.919456, 35.139625], [135.916608, 35.138752], [135.913832, 35.14018], [135.914442, 35.141628], [135.912477, 35.142249], [135.910861, 35.148495], [135.904172, 35.146166], [135.904035, 35.146214]]]}, "properties": {"A27_001": "25201", "A27_002": "大津市立", "A27_003": "B125220100303", "A27_004": "真野北小学校", "A27_005": "大津市緑町15-2"}}, {"type": "Feature", "geometry": {"type": "Polygon", "coordinates": [[[135.936236, 34.993785], [135.93027, 34.996389], [135.92913, 34.995951], [135.929981, 34.994202], [135.918921, 34.996319], [135.909636, 34.995333], [135.908652, 34.98675], [135.911049, 34.986445], [135.912833, 34.988622], [135.920495, 34.987675], [135.920448, 34.98515], [135.922962, 34.983822], [135.928988, 34.986497], [135.927049, 34.98815], [135.936218, 34.993775], [135.936236, 34.993785]]]}, "properties": {"A27_001": "25201", "A27_002": "大津市立", "A27_003": "B125220100296", "A27_004": "瀬田北小学校", "A27_005": "大津市大将軍1-14-5"}}, {"type": "Feature", "geometry": {"type": "Polygon", "coordinates": [[[135.882432, 35.080845], [135.88505416531788, 35.08516265149798], [135.8777756132883, 35.08798162231954], [135.874583, 35.085592], [135.873348, 35.082303], [135.879334, 35.075774], [135.882207, 35.080904], [135.882432, 35.080845]]]}, "properties": {"A27_001": "25201", "A27_002": "大津市立", "A27_003": "B125220100287", "A27_004": "日吉台小学校", "A27_005": "大津市日吉台3-33-3"}}, {"type": "Feature", "geometry": {"type": "Polygon", "coordinates": [[[135.936236, 34.993785], [135.927049, 34.98815], [135.928988, 34.986497], [135.922962, 34.983822], [135.926517, 34.98303], [135.926044, 34.981462], [135.928062, 34.980966], [135.930145, 34.976481], [135.932847, 34.975142], [135.934421, 34.976371], [135.936411, 34.971174], [135.940902, 34.972295], [135.94819, 34.977069], [135.943075, 34.986419], [135.939713, 34.988526], [135.941512, 34.990799], [135.936324, 34.993754], [135.936236, 34.993785]]]}, "properties": {"A27_001": "25201", "A27_002": "大津市立", "A27_003": "B125220100278", "A27_004": "瀬田東小学校", "A27_005": "大津市一里山2-20-2"}}, {"type": "Feature", "geometry": {"type": "Polygon", "coordinates": [[[135.910321, 34.946036], [135.901443, 34.948724], [135.897789, 34.947074], [135.886203, 34.950228], [135.880322, 34.949097], [135.876028, 34.94323], [135.879924, 34.934525], [135.870713, 34.926004], [135.871854, 34.923899], [135.868654, 34.919525], [135.86936, 34.916335], [135.871215, 34.914999], [135.877696, 34.916519], [135.896107, 34.915249], [135.902244, 34.910921], [135.913265, 34.91254], [135.912702, 34.921571], [135.916983, 34.926621], [135.91373, 34.934702], [135.909172, 34.938013], [135.910395, 34.946048], [135.910321, 34.946036]]]}, "properties": {"A27_001": "25201", "A27_002": "大津市立", "A27_003": "B125220100269", "A27_004": "南郷小学校", "A27_005": "大津市南郷1-15-9"}}, {"type": "Feature", "geometry": {"type": "Polygon", "coordinates": [[[135.970037, 35.032702], [135.966843, 35.034194], [135.963012, 35.029448], [135.958545, 35.029369], [135.955801, 35.026002], [135.961766, 35.022822], [135.961069, 35.021254], [135.968328, 35.021712], [135.972492, 35.031373], [135.970147, 35.032639], [135.970037, 35.032702]]]}, "properties": {"A27_001": "25206", "A27_002": "草津市立", "A27_003": "B125220600148", "A27_004": "渋川小学校", "A27_005": "草津市西渋川2-8-55"}}, {"type": "Feature", "geometry": {"type": "Polygon", "coordinates": [[[135.943203, 34.998462], [135.936324, 34.993754], [135.941512, 34.990799], [135.939713, 34.988526], [135.943075, 34.986419], [135.946875, 34.980516], [135.94938, 34.973097], [135.953523, 34.971677], [135.954984, 34.973802], [135.960063, 34.972347], [135.960102, 34.974631], [135.96288, 34.976404], [135.950949, 34.983449], [135.946744, 34.99149], [135.947373, 34.994364], [135.943425, 34.997962], [135.943203, 34.998462]]]}, "properties": {"A27_001": "25206", "A27_002": "草津市立", "A27_003": "B125220600139", "A27_004": "南笠東小学校", "A27_005": "草津市南笠東4-4-1"}}, {"type": "Feature", "geometry": {"type": "Polygon", "coordinates": [[[135.955431, 34.99849], [135.953352, 35.003489], [135.948819, 35.005792], [135.943203, 34.998462], [135.947373, 34.994364], [135.946431, 34.992479], [135.948148, 34.9875], [135.953461, 34.981309], [135.96288, 34.976404], [135.969022, 34.976638], [135.96862, 34.978045], [135.965765, 34.977521], [135.966746, 34.986138], [135.962155, 34.990908], [135.962761, 34.99211], [135.96016299122076, 34.992801142417306], [135.961576, 34.994845], [135.955369, 34.998431], [135.955431, 34.99849]]]}, "properties": {"A27_001": "25206", "A27_002": "草津市立", "A27_003": "B125220600095", "A27_004": "玉川小学校", "A27_005": "草津市野路9-6-12"}}, {"type": "Feature", "geometry": {"type": "Polygon", "coordinates": [[[135.833378, 35.053292], [135.825849, 35.053426], [135.821387, 35.049566], [135.81662, 35.047982], [135.814757, 35.0452], [135.816187, 35.043601], [135.815633, 35.041417], [135.821534, 35.036151], [135.824617, 35.035638], [135.825598, 35.031956], [135.827739, 35.030379], [135.826397, 35.023743], [135.827607, 35.02224], [135.82773, 35.023703], [135.831329, 35.024069], [135.830936, 35.025377], [135.83697, 35.028631], [135.835474, 35.030559], [135.837562, 35.033351], [135.834203, 35.033579], [135.838078, 35.03757], [135.839567, 35.052124], [135.837327, 35.050862], [135.833464, 35.053236], [135.833378, 35.053292]]]}, "properties": {"A27_001": "25201", "A27_002": "大津市立", "A27_003": "B125220100250", "A27_004": "比叡平小学校", "A27_005": "大津市比叡平1-45-1"}}, {"type": "Feature", "geometry": {"type": "Polygon", "coordinates": [[[135.911049, 34.986445], [135.908629, 34.986618], [135.90739, 34.980193], [135.908643, 34.977916], [135.90616, 34.968092], [135.911078, 34.959365], [135.911507, 34.952363], [135.913374, 34.949835], [135.915444, 34.95015], [135.916632, 34.946311], [135.919518, 34.947309], [135.922521, 34.951653], [135.924312, 34.950161], [135.930571, 34.950157], [135.931496, 34.952707], [135.933203, 34.951817], [135.934222, 34.952959], [135.932298, 34.954509], [135.933182, 34.955737], [135.9356, 34.956815], [135.929239, 34.959217], [135.931211, 34.959727], [135.931816, 34.963115], [135.927218, 34.966685], [135.926626, 34.96984], [135.921306, 34.973425], [135.919769, 34.972943], [135.917947, 34.976961], [135.913509, 34.976531], [135.910456, 34.98233], [135.911066, 34.986264], [135.911049, 34.986445]]]}, "properties": {"A27_001": "25201", "A27_002": "大津市立", "A27_003": "B125220100241", "A27_004": "瀬田南小学校", "A27_005": "大津市三大寺1-1"}}, {"type": "Feature", "geometry": {"type": "Polygon", "coordinates": [[[135.868725, 35.05733], [135.858515, 35.059372], [135.860731, 35.058322], [135.859761, 35.056797], [135.862463, 35.054616], [135.858119, 35.049723], [135.852956, 35.047842], [135.852459, 35.046644], [135.854073, 35.046036], [135.851491, 35.043325], [135.858443, 35.04141], [135.859054, 35.037848], [135.864579, 35.037471], [135.867507, 35.033075], [135.867081, 35.03571], [135.869416, 35.036987], [135.867668, 35.03931], [135.868009, 35.042692], [135.874093, 35.045736], [135.875012, 35.049083], [135.870848, 35.052789], [135.87378, 35.056597], [135.868881, 35.057347], [135.868725, 35.05733]]]}, "properties": {"A27_001": "25201", "A27_002": "大津市立", "A27_003": "B125220100232", "A27_004": "唐崎小学校", "A27_005": "大津市際川4-7-1"}}, {"type": "Feature", "geometry": {"type": "Polygon", "coordinates": [[[135.891438, 34.982281], [135.889161, 34.983836], [135.885039, 34.991955], [135.878046, 34.990289], [135.876807, 34.987061], [135.863931, 34.976007], [135.852463, 34.970777], [135.855648, 34.969879], [135.856276, 34.966637], [135.859911, 34.967542], [135.870608, 34.964956], [135.869702, 34.966808], [135.873136, 34.96768], [135.876679, 34.973147], [135.879101, 34.971111], [135.880222, 34.972498], [135.880641, 34.970842], [135.886916, 34.972964], [135.892178, 34.97219], [135.891418, 34.981945], [135.891438, 34.982281]]]}, "properties": {"A27_001": "25201", "A27_002": "大津市立", "A27_003": "B125220100223", "A27_004": "富士見小学校", "A27_005": "大津市富士見台42-16"}}, {"type": "Feature", "geometry": {"type": "Polygon", "coordinates": [[[135.922962, 34.983822], [135.920448, 34.98515], [135.920495, 34.987675], [135.912833, 34.988622], [135.911042, 34.987124], [135.910456, 34.98233], [135.913509, 34.976531], [135.917947, 34.976961], [135.919769, 34.972943], [135.921306, 34.973425], [135.926626, 34.96984], [135.927218, 34.966685], [135.931816, 34.963115], [135.931211, 34.959727], [135.929239, 34.959217], [135.93281, 34.957643], [135.935922, 34.956841], [135.94633, 34.969821], [135.95129, 34.971898], [135.947977, 34.977144], [135.940902, 34.972295], [135.936411, 34.971174], [135.934421, 34.976371], [135.932847, 34.975142], [135.930145, 34.976481], [135.928062, 34.980966], [135.926044, 34.981462], [135.926517, 34.98303], [135.923159, 34.983481], [135.922962, 34.983822]]]}, "properties": {"A27_001": "25201", "A27_002": "大津市立", "A27_003": "B125220100214", "A27_004": "瀬田小学校", "A27_005": "大津市大江4-2-1"}}, {"type": "Feature", "geometry": {"type": "Polygon", "coordinates": [[[136.039801, 34.922058], [136.042675, 34.926354], [136.042284, 34.930871], [136.033043, 34.937851], [136.039602, 34.942263], [136.041091, 34.9449], [136.040098, 34.94964], [136.042741, 34.961254], [136.039974, 34.958679], [136.040959, 34.957837], [136.039684, 34.95796], [136.041211, 34.953301], [136.039484, 34.949569], [136.040339, 34.945056], [136.038436, 34.943226], [136.034795, 34.943373], [136.030152, 34.939726], [136.020717, 34.943319], [136.017904, 34.941263], [135.999741, 34.944914], [135.994775, 34.947962], [135.991302, 34.948063], [135.989494, 34.950185], [135.983627, 34.95143], [135.980882, 34.954306], [135.979439, 34.953035], [135.980379, 34.956564], [135.978165, 34.955093], [135.978822, 34.957438], [135.976927, 34.957379], [135.974996, 34.960484], [135.977426, 34.960915], [135.977484, 34.967235], [135.979066, 34.967583], [135.978906, 34.97101], [135.981261, 34.970869], [135.982338, 34.972559], [135.981829, 34.975631], [135.966333, 34.969634], [135.96434, 34.970994], [135.962953, 34.965989], [135.960323, 34.970207], [135.961628, 34.970926], [135.960679, 34.974105], [135.959987, 34.972316], [135.954893, 34.97379], [135.953599, 34.971696], [135.94633, 34.969821], [135.93959, 34.960587], [135.932298, 34.954509], [135.934222, 34.952959], [135.934118, 34.949605], [135.943449, 34.948169], [135.950243, 34.943683], [135.958874, 34.944642], [135.965773, 34.940198], [135.975103, 34.94004], [135.983213, 34.936722], [135.98615, 34.929576], [135.992013, 34.927347], [135.999618, 34.92177], [136.008622, 34.923237], [136.011471, 34.92201], [136.010322, 34.92012], [136.019634, 34.916724], [136.023548, 34.921603], [136.03307, 34.922189], [136.035327, 34.92393], [136.037765, 34.921634], [136.039649, 34.922011], [136.039801, 34.922058]]]}, "properties": {"A27_001": "25201", "A27_002": "大津市立", "A27_003": "B125220100205", "A27_004": "上田上小学校", "A27_005": "大津市平野1-18-5"}}, {"type": "Feature", "geometry": {"type": "Polygon", "coordinates": [[[135.933203, 34.951817], [135.931496, 34.952707], [135.928983, 34.949689], [135.922521, 34.951653], [135.919518, 34.947309], [135.916632, 34.946311], [135.915444, 34.95015], [135.913374, 34.949835], [135.911507, 34.952363], [135.91253, 34.947503], [135.910371, 34.937818], [135.915581, 34.931867], [135.916983, 34.926621], [135.912702, 34.921571], [135.913531, 34.917046], [135.915592, 34.91709], [135.918243, 34.920272], [135.922237, 34.920755], [135.933184, 34.917653], [135.942957, 34.918082], [135.956871, 34.914727], [135.965706, 34.910399], [135.976416, 34.908504], [135.985534, 34.903856], [135.988844, 34.90588], [135.992613, 34.904981], [135.993093, 34.90951], [135.999234, 34.909104], [136.002827, 34.914442], [136.011471, 34.92201], [136.006374, 34.923514], [136.00269, 34.921626], [135.997097, 34.922635], [135.993272, 34.926576], [135.98615, 34.929576], [135.983213, 34.936722], [135.975103, 34.94004], [135.965773, 34.940198], [135.958874, 34.944642], [135.950599, 34.943571], [135.943449, 34.948169], [135.934118, 34.949605], [135.933346, 34.951759], [135.933203, 34.951817]]]}, "properties": {"A27_001": "25201", "A27_002": "大津市立", "A27_003": "B125220100198", "A27_004": "田上小学校", "A27_005": "大津市里5-8-1"}}, {"type": "Feature", "geometry": {"type": "Polygon", "coordinates": [[[135.992613, 34.904981], [135.989547, 34.905987], [135.985221, 34.903868], [135.976416, 34.908504], [135.965706, 34.910399], [135.954676, 34.915342], [135.942957, 34.918082], [135.933184, 34.917653], [135.922526, 34.92076], [135.918243, 34.920272], [135.915592, 34.91709], [135.913531, 34.917046], [135.913265, 34.91254], [135.908078, 34.911033], [135.901447, 34.911078], [135.89543, 34.915355], [135.873033, 34.915867], [135.871215, 34.914999], [135.870474, 34.908666], [135.862921, 34.903143], [135.867289, 34.896869], [135.866637, 34.89214], [135.88122, 34.883825], [135.884179, 34.884512], [135.886931, 34.883206], [135.888601, 34.87988], [135.885729, 34.878554], [135.885002, 34.875546], [135.891967, 34.87455], [135.897891, 34.871267], [135.907423, 34.874019], [135.906791, 34.875481], [135.909663, 34.877154], [135.909879, 34.880362], [135.912656, 34.883516], [135.918571, 34.884789], [135.923226, 34.883617], [135.92871, 34.888106], [135.93363, 34.887997], [135.936026, 34.891641], [135.940894, 34.893683], [135.939566, 34.888637], [135.941192, 34.884494], [135.939659, 34.881383], [135.943235, 34.878177], [135.947292, 34.877664], [135.949606, 34.879567], [135.953387, 34.878739], [135.955889, 34.880761], [135.963914, 34.879758], [135.966373, 34.883101], [135.967457, 34.891218], [135.971451, 34.893919], [135.974714, 34.891682], [135.974829, 34.888473], [135.987493, 34.889837], [135.988961, 34.892221], [135.987272, 34.893798], [135.986955, 34.89766], [135.991687, 34.900922], [135.992543, 34.904914], [135.992613, 34.904981]]]}, "properties": {"A27_001": "25201", "A27_002": "大津市立", "A27_003": "B125220100189", "A27_004": "大石小学校", "A27_005": "大津市大石東7-4-1"}}, {"type": "Feature", "geometry": {"type": "Polygon", "coordinates": [[[135.904303, 34.966919], [135.900956, 34.968256], [135.896718, 34.966889], [135.894465, 34.965256], [135.8941, 34.961049], [135.888763, 34.956299], [135.877431, 34.955366], [135.875444, 34.953613], [135.876008, 34.949939], [135.878322, 34.9476], [135.881995, 34.950103], [135.885397, 34.950272], [135.897789, 34.947074], [135.901443, 34.948724], [135.910321, 34.946036], [135.911284, 34.948571], [135.909878, 34.959164], [135.904999, 34.964012], [135.904323, 34.966809], [135.904303, 34.966919]]]}, "properties": {"A27_001": "25201", "A27_002": "大津市立", "A27_003": "B125220100170", "A27_004": "石山小学校", "A27_005": "大津市石山寺3-11-20"}}, {"type": "Feature", "geometry": {"type": "Polygon", "coordinates": [[[135.904303, 34.966919], [135.905983, 34.976641], [135.904016, 34.983244], [135.900351, 34.986334], [135.899065, 34.984855], [135.897069, 34.985461], [135.896986, 34.981665], [135.895076, 34.981721], [135.89553, 34.980638], [135.891438, 34.982281], [135.892178, 34.97219], [135.886916, 34.972964], [135.880641, 34.970842], [135.880222, 34.972498], [135.879101, 34.971111], [135.876679, 34.973147], [135.873136, 34.96768], [135.869702, 34.966808], [135.870608, 34.964956], [135.859911, 34.967542], [135.856276, 34.966637], [135.863043, 34.960781], [135.863878, 34.957602], [135.875444, 34.953613], [135.877431, 34.955366], [135.888763, 34.956299], [135.8941, 34.961049], [135.894465, 34.965256], [135.896718, 34.966889], [135.900956, 34.968256], [135.904001, 34.966879], [135.904303, 34.966919]]]}, "properties": {"A27_001": "25201", "A27_002": "大津市立", "A27_003": "B125220100161", "A27_004": "晴嵐小学校", "A27_005": "大津市光が丘町4-70"}}, {"type": "Feature", "geometry": {"type": "Polygon", "coordinates": [[[135.852463, 34.970777], [135.863931, 34.976007], [135.876807, 34.987061], [135.878553, 34.989015], [135.87789, 34.990202], [135.883301, 34.991752], [135.886443, 34.991068], [135.890127, 34.982894], [135.89553, 34.980638], [135.895076, 34.981721], [135.896986, 34.981665], [135.897069, 34.985461], [135.899065, 34.984855], [135.900351, 34.986334], [135.895576, 34.992245], [135.89644, 34.995213], [135.894715, 34.997108], [135.896005, 34.997852], [135.892796, 35.00035], [135.892377, 35.005136], [135.890225, 35.0049], [135.889109, 34.999845], [135.884953, 34.999811], [135.885189, 34.996849], [135.880395, 34.995274], [135.879007, 34.992387], [135.87654, 34.991862], [135.877854, 34.990265], [135.874673, 34.988224], [135.871073, 34.987454], [135.871221, 34.989558], [135.868649, 34.991345], [135.860373, 34.980191], [135.857401, 34.979937], [135.853929, 34.977189], [135.854756, 34.974978], [135.852438, 34.970789], [135.852463, 34.970777]]]}, "properties": {"A27_001": "25201", "A27_002": "大津市立", "A27_003": "B125220100152", "A27_004": "膳所小学校", "A27_005": "大津市中庄2-8-37"}}, {"type": "Feature", "geometry": {"type": "Polygon", "coordinates": [[[135.869131, 34.991652], [135.871221, 34.989558], [135.871073, 34.987454], [135.877854, 34.990265], [135.87654, 34.991862], [135.879007, 34.992387], [135.881804, 34.996307], [135.885189, 34.996849], [135.884953, 34.999811], [135.889109, 34.999845], [135.890157, 35.005942], [135.873192, 35.008218], [135.872401, 35.007147], [135.874045, 35.005916], [135.872088, 35.005268], [135.871219, 35.0025], [135.877984, 35.001016], [135.875399, 35.001003], [135.87442, 34.996616], [135.869238, 34.99174], [135.869131, 34.991652]]]}, "properties": {"A27_001": "25201", "A27_002": "大津市立", "A27_003": "B125220100143", "A27_004": "平野小学校", "A27_005": "大津市馬場1-2-1"}}, {"type": "Feature", "geometry": {"type": "Polygon", "coordinates": [[[136.376505, 35.186071], [136.372193, 35.187393], [136.367257, 35.191613], [136.366511, 35.194089], [136.360035, 35.19803], [136.345401, 35.196768], [136.337996, 35.198191], [136.329534, 35.202208], [136.3246, 35.206912], [136.321797, 35.205558], [136.310303, 35.211621], [136.305338, 35.209353], [136.299604, 35.210351], [136.298465, 35.206148], [136.294899, 35.202333], [136.29159, 35.202483], [136.290911, 35.200513], [136.286944, 35.199514], [136.285603, 35.197642], [136.290608, 35.192371], [136.288038, 35.187475], [136.292974, 35.18045], [136.293426, 35.175739], [136.295781, 35.172051], [136.295197, 35.16741], [136.300331, 35.16664], [136.306815, 35.162836], [136.309534, 35.157596], [136.313581, 35.154763], [136.327649, 35.154382], [136.334514, 35.148116], [136.333859, 35.146769], [136.336991, 35.139849], [136.340481, 35.138931], [136.340713, 35.136057], [136.354724, 35.131104], [136.359391, 35.136548], [136.364834, 35.135077], [136.372001, 35.139123], [136.379385, 35.140345], [136.386713, 35.144658], [136.391352, 35.151312], [136.390584, 35.155048], [136.386741, 35.156493], [136.385317, 35.159622], [136.380537, 35.162035], [136.375919, 35.169513], [136.376154, 35.175276], [136.374484, 35.177452], [136.376461, 35.186021], [136.376505, 35.186071]]]}, "properties": {"A27_001": "25443", "A27_002": "多賀町立", "A27_003": "B125244300025", "A27_004": "大滝小学校", "A27_005": "犬上郡多賀町川相568"}}, {"type": "Feature", "geometry": {"type": "Polygon", "coordinates": [[[136.3917289632409, 35.28711089004647], [136.38524896778617, 35.28683889368738], [136.38083396801864, 35.284069899616796], [136.37677197628528, 35.2875618987419], [136.36992197273065, 35.28202190868668], [136.36404997413908, 35.281120911897126], [136.35551397595003, 35.27478694001604], [136.35152498126465, 35.274129953320816], [136.35081498209965, 35.268233955910816], [136.345351, 35.26863], [136.338635, 35.263963], [136.319524, 35.267301], [136.319719, 35.265504], [136.316429, 35.265556], [136.307726, 35.257681], [136.304543, 35.257072], [136.304971, 35.255845], [136.299664, 35.256497], [136.29671, 35.253015], [136.296917, 35.249133], [136.294346, 35.245387], [136.291407, 35.245947], [136.287809, 35.241154], [136.281731, 35.240416], [136.279368, 35.242367], [136.2761, 35.238986], [136.274581, 35.24029], [136.269903, 35.232635], [136.274979, 35.229534], [136.272213, 35.226046], [136.267885, 35.225853], [136.261465, 35.230498], [136.257687, 35.228375], [136.273047, 35.215313], [136.278702, 35.205789], [136.284927, 35.200791], [136.289377, 35.199755], [136.29159, 35.202483], [136.294899, 35.202333], [136.298465, 35.206148], [136.299604, 35.210351], [136.305338, 35.209353], [136.310303, 35.211621], [136.321797, 35.205558], [136.3246, 35.206912], [136.329534, 35.202208], [136.337996, 35.198191], [136.345401, 35.196768], [136.360035, 35.19803], [136.366511, 35.194089], [136.367257, 35.191613], [136.374715, 35.186034], [136.378755, 35.187226], [136.379463, 35.189449], [136.387572, 35.190772], [136.389085, 35.196796], [136.403319, 35.18759], [136.408653, 35.187183], [136.412708, 35.192053], [136.41445394552167, 35.20073995758085], [136.41800292677783, 35.20377794237183], [136.41592291076628, 35.206440929877445], [136.41679889670093, 35.21438891701248], [136.4156898971645, 35.21718991770908], [136.4120099004356, 35.21844692129966], [136.40838890365424, 35.223621920937454], [136.399296911736, 35.22586792751157], [136.39858391236982, 35.2280469263758], [136.39247191780268, 35.22981992791024], [136.39382891659648, 35.2308059266498], [136.3920499187429, 35.23418092554987], [136.3856859248501, 35.235114929217865], [136.38361292858676, 35.23966692991989], [136.37726693319914, 35.24326693125891], [136.37904293284188, 35.244560929606905], [136.37921493403974, 35.24750492756779], [136.38915392630756, 35.249766920907355], [136.3969619245211, 35.257730908657585], [136.39453992794043, 35.25898190997648], [136.3935409327364, 35.261912908910475], [136.3959609494511, 35.280228893422304], [136.39182196307843, 35.28704789004713], [136.3917289632409, 35.28711089004647]]]}, "properties": {"A27_001": "25443", "A27_002": "多賀町立", "A27_003": "B125244300016", "A27_004": "多賀小学校", "A27_005": "犬上郡多賀町多賀738"}}]}