{"type": "FeatureCollection", "features": [{"type": "Feature", "geometry": {"type": "Polygon", "coordinates": [[[133.822225, 34.092188], [133.834133, 34.097741], [133.838337, 34.095212], [133.842153, 34.094966], [133.85019, 34.099151], [133.854838, 34.104165], [133.858539, 34.105274], [133.864329, 34.104611], [133.867084, 34.100153], [133.873915, 34.101138], [133.892855, 34.108197], [133.900527, 34.100998], [133.903609, 34.100739], [133.911564, 34.10441], [133.921982, 34.114262], [133.920226, 34.118006], [133.912989, 34.124538], [133.904259, 34.138214], [133.896074, 34.139717], [133.889869, 34.138782], [133.885421, 34.13581], [133.88269, 34.138497], [133.879974, 34.138103], [133.874919, 34.14544], [133.877654, 34.149952], [133.877459, 34.154577], [133.874856, 34.154147], [133.865536, 34.15888], [133.863147, 34.164695], [133.860054, 34.165015], [133.860711, 34.166903], [133.858116, 34.17052], [133.856952, 34.170835], [133.852446, 34.164642], [133.847963, 34.16377], [133.842184, 34.158892], [133.838581, 34.162639], [133.83623, 34.170239], [133.832551, 34.171203], [133.838514, 34.179468], [133.836852, 34.182865], [133.824768, 34.180882], [133.821678, 34.174961], [133.815318, 34.17534], [133.809511, 34.178319], [133.807046, 34.182249], [133.806486, 34.175799], [133.803058, 34.171851], [133.803871, 34.163306], [133.800644, 34.156369], [133.802542, 34.152933], [133.808498, 34.157239], [133.812176, 34.157604], [133.811273, 34.152139], [133.813267, 34.148799], [133.817236, 34.146673], [133.815829, 34.142389], [133.817552, 34.136762], [133.816836, 34.131511], [133.818411, 34.128676], [133.815707, 34.120687], [133.820212, 34.109455], [133.818353, 34.102604], [133.82223, 34.092208], [133.822225, 34.092188]]]}, "properties": {"A27_001": "37406", "A27_002": "まんのう町立", "A27_003": "B137240600062", "A27_004": "仲南小学校", "A27_005": "仲多度郡まんのう町帆山743"}}, {"type": "Feature", "geometry": {"type": "Polygon", "coordinates": [[[133.859277, 34.192617], [133.852407, 34.194181], [133.849683, 34.191623], [133.850057, 34.188608], [133.84768, 34.190607], [133.844439, 34.19026], [133.843956, 34.187193], [133.841513, 34.187557], [133.842355, 34.186244], [133.832926, 34.183921], [133.834274, 34.18188], [133.836852, 34.182865], [133.838514, 34.179468], [133.832507, 34.172615], [133.832628, 34.171129], [133.83623, 34.170239], [133.838581, 34.162639], [133.842184, 34.158892], [133.844331, 34.159517], [133.847837, 34.163695], [133.852446, 34.164642], [133.85796, 34.170606], [133.860711, 34.166903], [133.860054, 34.165015], [133.863147, 34.164695], [133.865536, 34.15888], [133.874856, 34.154147], [133.877459, 34.154577], [133.877654, 34.149952], [133.874919, 34.14544], [133.879974, 34.138103], [133.88269, 34.138497], [133.885421, 34.13581], [133.889869, 34.138782], [133.898524, 34.139757], [133.896564, 34.141719], [133.893401, 34.157886], [133.889049, 34.161298], [133.88786, 34.164911], [133.881192, 34.168782], [133.875075, 34.177215], [133.879104, 34.182937], [133.87347, 34.187599], [133.860941, 34.192077], [133.859277, 34.192617]]]}, "properties": {"A27_001": "37406", "A27_002": "まんのう町立", "A27_003": "B137240600053", "A27_004": "満濃南小学校", "A27_005": "仲多度郡まんのう町吉野74"}}, {"type": "Feature", "geometry": {"type": "Polygon", "coordinates": [[[133.900676, 34.209042], [133.897841, 34.20608], [133.89335, 34.208221], [133.883951, 34.2041], [133.868663, 34.202628], [133.85812, 34.203701], [133.860164, 34.199468], [133.8584, 34.199636], [133.859277, 34.192617], [133.873134, 34.187767], [133.879104, 34.182937], [133.875075, 34.177215], [133.881192, 34.168782], [133.88786, 34.164911], [133.889049, 34.161298], [133.893401, 34.157886], [133.896564, 34.141719], [133.904401, 34.138122], [133.913339, 34.126014], [133.916961, 34.13882], [133.920118, 34.139966], [133.921941, 34.142798], [133.916163, 34.1492], [133.914243, 34.154603], [133.91049, 34.155972], [133.910245, 34.157985], [133.913023, 34.160823], [133.90851, 34.166921], [133.91008, 34.167984], [133.909657, 34.171323], [133.917218, 34.167594], [133.923313, 34.171295], [133.923416, 34.174978], [133.9276, 34.177549], [133.935198, 34.177704], [133.93579, 34.180866], [133.934003, 34.181228], [133.933217, 34.18649], [133.927113, 34.190189], [133.928582, 34.192742], [133.918134, 34.196722], [133.916903, 34.199891], [133.911628, 34.200415], [133.909585, 34.202515], [133.906567, 34.202066], [133.902463, 34.204358], [133.900752, 34.209112], [133.900676, 34.209042]]]}, "properties": {"A27_001": "37406", "A27_002": "まんのう町立", "A27_003": "B137240600044", "A27_004": "長炭小学校", "A27_005": "仲多度郡まんのう町炭所西1431-2"}}, {"type": "Feature", "geometry": {"type": "Polygon", "coordinates": [[[133.85812, 34.203701], [133.855168, 34.204596], [133.853771, 34.200903], [133.850243, 34.204779], [133.850921, 34.207934], [133.848867, 34.208591], [133.841035, 34.203792], [133.833868, 34.201861], [133.832425, 34.203635], [133.828488, 34.201168], [133.832209, 34.191368], [133.837134, 34.184209], [133.842355, 34.186244], [133.841513, 34.187557], [133.843956, 34.187193], [133.844439, 34.19026], [133.84768, 34.190607], [133.850057, 34.188608], [133.849683, 34.191623], [133.852407, 34.194181], [133.859277, 34.192617], [133.8584, 34.199636], [133.860164, 34.199468], [133.857988, 34.203334], [133.85812, 34.203701]]]}, "properties": {"A27_001": "37406", "A27_002": "まんのう町立", "A27_003": "B137240600035", "A27_004": "四条小学校", "A27_005": "仲多度郡まんのう町四條732"}}, {"type": "Feature", "geometry": {"type": "Polygon", "coordinates": [[[133.832123, 34.202865], [133.833868, 34.201861], [133.841035, 34.203792], [133.849713, 34.208974], [133.845552, 34.212222], [133.845843, 34.215234], [133.839428, 34.216996], [133.839335, 34.219013], [133.83633, 34.218583], [133.832476, 34.220453], [133.830366, 34.21908], [133.82828, 34.221504], [133.825439, 34.220572], [133.821802, 34.225698], [133.817128, 34.226228], [133.814478, 34.224685], [133.81426, 34.221825], [133.82013, 34.21357], [133.818731, 34.211752], [133.820118, 34.209838], [133.81811, 34.206955], [133.820101, 34.207749], [133.821643, 34.205376], [133.827538, 34.205951], [133.832084, 34.202878], [133.832123, 34.202865]]]}, "properties": {"A27_001": "37406", "A27_002": "まんのう町立", "A27_003": "B137240600026", "A27_004": "高篠小学校", "A27_005": "仲多度郡まんのう町東高篠139"}}, {"type": "Feature", "geometry": {"type": "Polygon", "coordinates": [[[133.921982, 34.114262], [133.931967, 34.116011], [133.939309, 34.115342], [133.937668, 34.107822], [133.939566, 34.104657], [133.944431, 34.101754], [133.943406, 34.099646], [133.944535, 34.093023], [133.956478, 34.088099], [133.959231, 34.085916], [133.959125, 34.082495], [133.968813, 34.081493], [133.972607, 34.072806], [133.985622, 34.07731], [133.993934, 34.072617], [134.001504, 34.075225], [134.002344, 34.081132], [134.010021, 34.086687], [134.020855, 34.084499], [134.026258, 34.085088], [134.027889, 34.08726], [134.025632, 34.09196], [134.028336, 34.093156], [134.031321, 34.097442], [134.04004, 34.100865], [134.042169, 34.110261], [134.049885, 34.117416], [134.038704, 34.126935], [134.035985, 34.127204], [134.034334, 34.134694], [134.029615, 34.139822], [134.016588, 34.138214], [134.011142, 34.140625], [134.009639, 34.143989], [134.006013, 34.145208], [134.003608, 34.144322], [133.998876, 34.146586], [133.990126, 34.144379], [133.982508, 34.154752], [133.978014, 34.153666], [133.976062, 34.156672], [133.972445, 34.157875], [133.967538, 34.156904], [133.956889, 34.158995], [133.950216, 34.157339], [133.946712, 34.161609], [133.947184, 34.170246], [133.940227, 34.178559], [133.93579, 34.180866], [133.935198, 34.177704], [133.9276, 34.177549], [133.923416, 34.174978], [133.923313, 34.171295], [133.917218, 34.167594], [133.909657, 34.171323], [133.91008, 34.167984], [133.908507, 34.167303], [133.913023, 34.160823], [133.910245, 34.157985], [133.91049, 34.155972], [133.914243, 34.154603], [133.916163, 34.1492], [133.921941, 34.142798], [133.920118, 34.139966], [133.916961, 34.13882], [133.916917, 34.135978], [133.913838, 34.130967], [133.91455, 34.12728], [133.912574, 34.126026], [133.921944, 34.114355], [133.921982, 34.114262]]]}, "properties": {"A27_001": "37406", "A27_002": "まんのう町立", "A27_003": "B137240600017", "A27_004": "琴南小学校", "A27_005": "仲多度郡まんのう町造田1984-1"}}, {"type": "Feature", "geometry": {"type": "Polygon", "coordinates": [[[134.079406, 34.308346], [134.085113, 34.307507], [134.085297, 34.301964], [134.09166, 34.300282], [134.088109, 34.292164], [134.085801, 34.291781], [134.08691, 34.28765], [134.087369, 34.288856], [134.09687, 34.28728], [134.100885, 34.305], [134.103658, 34.304363], [134.10204, 34.306323], [134.104643, 34.30742], [134.102878, 34.310711], [134.098356, 34.312459], [134.097875, 34.316693], [134.091498, 34.317233], [134.090701, 34.315556], [134.087123, 34.319205], [134.086849, 34.322966], [134.083824, 34.324193], [134.082489, 34.323298], [134.079542, 34.309192], [134.079406, 34.308346]]]}, "properties": {"A27_001": "37201", "A27_002": "高松市立", "A27_003": "B137220100130", "A27_004": "川添小学校", "A27_005": "高松市東山崎町207-1"}}, {"type": "Feature", "geometry": {"type": "Polygon", "coordinates": [[[134.126891, 34.312867], [134.123493, 34.314529], [134.12187, 34.312433], [134.108702, 34.311432], [134.107165, 34.30959], [134.105527, 34.311357], [134.104643, 34.30742], [134.102026, 34.306274], [134.103658, 34.304363], [134.100885, 34.305], [134.098933, 34.295999], [134.102419, 34.296611], [134.106074, 34.293129], [134.104993, 34.293157], [134.106361, 34.289279], [134.103348, 34.287328], [134.11111, 34.285065], [134.110041, 34.281135], [134.117137, 34.280022], [134.119179, 34.290413], [134.122719, 34.292122], [134.121093, 34.294082], [134.121672, 34.297058], [134.126366, 34.299254], [134.124311, 34.298954], [134.126525, 34.303731], [134.12426, 34.311127], [134.126866, 34.312817], [134.126891, 34.312867]]]}, "properties": {"A27_001": "37201", "A27_002": "高松市立", "A27_003": "B137220100121", "A27_004": "前田小学校", "A27_005": "高松市前田東町819-3"}}, {"type": "Feature", "geometry": {"type": "Polygon", "coordinates": [[[134.081951, 34.347439], [134.085802, 34.342416], [134.094554, 34.340428], [134.095722, 34.335709], [134.105393, 34.336947], [134.105609, 34.340352], [134.116253, 34.342767], [134.113427, 34.344996], [134.110584, 34.34482], [134.104347, 34.357056], [134.104366, 34.360782], [134.098605, 34.359299], [134.09883, 34.354713], [134.100828, 34.356265], [134.101834, 34.353532], [134.098672, 34.350512], [134.09531, 34.352652], [134.093275, 34.35154], [134.09423, 34.346941], [134.082247, 34.347405], [134.081951, 34.347439]]]}, "properties": {"A27_001": "37201", "A27_002": "高松市立", "A27_003": "B137220100112", "A27_004": "屋島小学校", "A27_005": "高松市屋島西町1205-1"}}, {"type": "Feature", "geometry": {"type": "Polygon", "coordinates": [[[134.129444, 34.329456], [134.124818, 34.333306], [134.119929, 34.346611], [134.114438, 34.344609], [134.115969, 34.342621], [134.105609, 34.340352], [134.105379, 34.333365], [134.104089, 34.332432], [134.106162, 34.328585], [134.110979, 34.326796], [134.113798, 34.321915], [134.117561, 34.320284], [134.117434, 34.318076], [134.124566, 34.316014], [134.124267, 34.314469], [134.126891, 34.312867], [134.131386, 34.319897], [134.128793, 34.324428], [134.129397, 34.329379], [134.129444, 34.329456]]]}, "properties": {"A27_001": "37201", "A27_002": "高松市立", "A27_003": "B137220100103", "A27_004": "古高松小学校", "A27_005": "高松市高松町398"}}, {"type": "Feature", "geometry": {"type": "Polygon", "coordinates": [[[134.063425, 34.304971], [134.056948, 34.306724], [134.05695, 34.30413], [134.054847, 34.305047], [134.052777, 34.301193], [134.047663, 34.299392], [134.046733, 34.296038], [134.042414, 34.295672], [134.042313, 34.291345], [134.044163, 34.289927], [134.043713, 34.285147], [134.041861, 34.284345], [134.048157, 34.285295], [134.048282, 34.282286], [134.051568, 34.28175], [134.051188, 34.27802], [134.057906, 34.277894], [134.058818, 34.283529], [134.062861, 34.28513], [134.061919, 34.288354], [134.059557, 34.289565], [134.062023, 34.297036], [134.06009, 34.298161], [134.061882, 34.298115], [134.062706, 34.302781], [134.061692, 34.302662], [134.063416, 34.304946], [134.063425, 34.304971]]]}, "properties": {"A27_001": "37201", "A27_002": "高松市立", "A27_003": "B137220100194", "A27_004": "多肥小学校", "A27_005": "高松市多肥上町902-2"}}, {"type": "Feature", "geometry": {"type": "Polygon", "coordinates": [[[134.038923, 34.289445], [134.039569, 34.291355], [134.037578, 34.294175], [134.039303, 34.299816], [134.038539, 34.302067], [134.036474, 34.302529], [134.037665, 34.305006], [134.035055, 34.30363], [134.028157, 34.304692], [134.027524, 34.30255], [134.011646, 34.305355], [134.010199, 34.304154], [134.011551, 34.301624], [134.010215, 34.3011], [134.014414, 34.295029], [134.015734, 34.289809], [134.017098, 34.292615], [134.018539, 34.288487], [134.017136, 34.276662], [134.024278, 34.277023], [134.026199, 34.271576], [134.029422, 34.27179], [134.029886, 34.275037], [134.032323, 34.275092], [134.031808, 34.27295], [134.032923, 34.274276], [134.032294, 34.278754], [134.037552, 34.282875], [134.038515, 34.288519], [134.038923, 34.289445]]]}, "properties": {"A27_001": "37201", "A27_002": "高松市立", "A27_003": "B137220100185", "A27_004": "一宮小学校", "A27_005": "高松市一宮町672-1"}}, {"type": "Feature", "geometry": {"type": "Polygon", "coordinates": [[[134.003872, 34.333086], [134.011657, 34.344432], [134.009384, 34.34732], [134.005912, 34.347751], [134.008507, 34.357931], [134.003278, 34.359229], [134.002317, 34.355018], [133.996389, 34.354628], [133.98961, 34.359333], [133.986844, 34.357932], [133.985516, 34.354454], [133.990088, 34.352491], [133.987533, 34.352267], [133.982781, 34.342159], [133.993042, 34.343065], [133.997236, 34.340476], [133.996048, 34.334317], [134.002955, 34.33308], [134.003872, 34.333086]]]}, "properties": {"A27_001": "37201", "A27_002": "高松市立", "A27_003": "B137220100176", "A27_004": "香西小学校", "A27_005": "高松市香西南町703-1"}}, {"type": "Feature", "geometry": {"type": "Polygon", "coordinates": [[[134.057085, 34.277598], [134.051188, 34.27802], [134.051568, 34.28175], [134.048282, 34.282286], [134.048157, 34.285295], [134.041861, 34.284345], [134.043713, 34.285147], [134.043976, 34.289477], [134.039243, 34.287993], [134.038923, 34.289445], [134.037552, 34.282875], [134.032294, 34.278754], [134.032056, 34.27165], [134.038357, 34.271621], [134.044063, 34.27383], [134.044318, 34.26592], [134.042524, 34.263434], [134.048321, 34.263618], [134.050926, 34.268288], [134.051351, 34.266981], [134.055432, 34.271639], [134.054346, 34.274167], [134.058097, 34.277214], [134.057005, 34.277416], [134.057085, 34.277598]]]}, "properties": {"A27_001": "37201", "A27_002": "高松市立", "A27_003": "B137220100167", "A27_004": "仏生山小学校", "A27_005": "高松市仏生山町甲2461"}}, {"type": "Feature", "geometry": {"type": "Polygon", "coordinates": [[[134.073136, 34.284878], [134.071906, 34.286744], [134.062511, 34.286317], [134.062861, 34.28513], [134.058818, 34.283529], [134.058965, 34.28023], [134.057005, 34.277416], [134.058069, 34.277138], [134.054346, 34.274167], [134.055435, 34.271648], [134.053349, 34.257173], [134.053602, 34.254577], [134.055827, 34.254616], [134.054325, 34.253657], [134.052573, 34.246486], [134.054099, 34.243677], [134.060379, 34.245184], [134.068386, 34.249463], [134.069177, 34.252136], [134.074818, 34.253945], [134.076832, 34.260171], [134.075653, 34.261999], [134.076795, 34.267934], [134.08257, 34.268407], [134.08217, 34.269866], [134.078121, 34.269752], [134.077333, 34.271651], [134.079551, 34.279246], [134.079596, 34.280975], [134.077762, 34.280847], [134.078764, 34.283236], [134.074322, 34.284067], [134.073136, 34.284878]]]}, "properties": {"A27_001": "37201", "A27_002": "高松市立", "A27_003": "B137220100158", "A27_004": "三渓小学校", "A27_005": "高松市三谷町2173-1"}}, {"type": "Feature", "geometry": {"type": "Polygon", "coordinates": [[[134.063425, 34.304971], [134.061692, 34.302662], [134.062706, 34.302781], [134.061882, 34.298115], [134.06009, 34.298161], [134.062023, 34.297036], [134.059557, 34.289565], [134.062511, 34.286317], [134.071906, 34.286744], [134.073136, 34.284878], [134.080262, 34.292518], [134.087513, 34.291572], [134.09166, 34.300282], [134.085297, 34.301964], [134.085063, 34.307532], [134.070326, 34.309918], [134.068299, 34.308012], [134.064991, 34.309111], [134.063363, 34.308052], [134.063681, 34.305904], [134.063425, 34.304971]]]}, "properties": {"A27_001": "37201", "A27_002": "高松市立", "A27_003": "B137220100149", "A27_004": "林小学校", "A27_005": "高松市林町1108-1"}}, {"type": "Feature", "geometry": {"type": "Polygon", "coordinates": [[[134.023536, 34.355068], [134.023054, 34.35093], [134.028169, 34.350979], [134.028348, 34.346559], [134.030898, 34.34197], [134.04756, 34.340126], [134.048137, 34.335324], [134.04988, 34.336122], [134.050569, 34.346302], [134.053263, 34.345897], [134.054822, 34.353129], [134.053352, 34.353076], [134.053599, 34.351809], [134.049905, 34.352219], [134.048743, 34.353911], [134.049843, 34.354926], [134.047394, 34.355524], [134.048626, 34.357579], [134.042233, 34.353785], [134.042397, 34.352294], [134.033933, 34.352634], [134.034171, 34.350352], [134.037944, 34.349403], [134.029271, 34.348508], [134.029285, 34.349845], [134.032598, 34.349842], [134.032532, 34.35304], [134.025083, 34.354937], [134.023536, 34.355068]]]}, "properties": {"A27_001": "37201", "A27_002": "高松市立", "A27_003": "B137220100014", "A27_004": "新番丁小学校", "A27_005": "高松市錦町2-14-1"}}, {"type": "Feature", "geometry": {"type": "Polygon", "coordinates": [[[134.068656, 34.328916], [134.067456, 34.326455], [134.079178, 34.32001], [134.081884, 34.319984], [134.082907, 34.324111], [134.086849, 34.322966], [134.085851, 34.332805], [134.078857, 34.331651], [134.077842, 34.328198], [134.069115, 34.328963], [134.068656, 34.328916]]]}, "properties": {"A27_001": "37201", "A27_002": "高松市立", "A27_003": "B137220100096", "A27_004": "木太小学校", "A27_005": "高松市木太町3480-1"}}, {"type": "Feature", "geometry": {"type": "Polygon", "coordinates": [[[134.053105, 34.30855], [134.055857, 34.310186], [134.057296, 34.318024], [134.056341, 34.31917], [134.059014, 34.320846], [134.060226, 34.326738], [134.056171, 34.327769], [134.049245, 34.318523], [134.043695, 34.319481], [134.039849, 34.318169], [134.039632, 34.316843], [134.044913, 34.316005], [134.04149, 34.31054], [134.051803, 34.308781], [134.053105, 34.30855]]]}, "properties": {"A27_001": "37201", "A27_002": "高松市立", "A27_003": "B137220100087", "A27_004": "太田小学校", "A27_005": "高松市伏石町845-1"}}, {"type": "Feature", "geometry": {"type": "Polygon", "coordinates": [[[134.028841, 34.32837], [134.015034, 34.324344], [134.014746, 34.322221], [134.01779, 34.321489], [134.017507, 34.318222], [134.013694, 34.31483], [134.008575, 34.314554], [134.00803, 34.305293], [134.027524, 34.30255], [134.028157, 34.304692], [134.036528, 34.304216], [134.038513, 34.308797], [134.041054, 34.308693], [134.043819, 34.313202], [134.044913, 34.316005], [134.039632, 34.316843], [134.043187, 34.319436], [134.0437, 34.322248], [134.040712, 34.323376], [134.035651, 34.322306], [134.031721, 34.327701], [134.028841, 34.32837]]]}, "properties": {"A27_001": "37201", "A27_002": "高松市立", "A27_003": "B137220100078", "A27_004": "鶴尾小学校", "A27_005": "高松市松並町636-1"}}, {"type": "Feature", "geometry": {"type": "Polygon", "coordinates": [[[134.068906, 34.332231], [134.07243, 34.339897], [134.075034, 34.339321], [134.074865, 34.347457], [134.078744, 34.350085], [134.079571, 34.359202], [134.074924, 34.361794], [134.074677, 34.351421], [134.069804, 34.351676], [134.068844, 34.347122], [134.065973, 34.347278], [134.06835, 34.347432], [134.070287, 34.362111], [134.063259, 34.362529], [134.06413, 34.357737], [134.05502, 34.356292], [134.055914, 34.354681], [134.062648, 34.355185], [134.061422, 34.353782], [134.063769, 34.353609], [134.063605, 34.352047], [134.061364, 34.353114], [134.059494, 34.347715], [134.059546, 34.351392], [134.05699, 34.34803], [134.057399, 34.351371], [134.054032, 34.351497], [134.053263, 34.345897], [134.050569, 34.346302], [134.049262, 34.338731], [134.055329, 34.336731], [134.065137, 34.336824], [134.068833, 34.332265], [134.068906, 34.332231]]]}, "properties": {"A27_001": "37201", "A27_002": "高松市立", "A27_003": "B137220100069", "A27_004": "高松第一小学校", "A27_005": "高松市松島町2-14-5"}}, {"type": "Feature", "geometry": {"type": "Polygon", "coordinates": [[[134.060226, 34.326738], [134.061459, 34.326543], [134.061146, 34.328094], [134.062471, 34.32787], [134.0615, 34.326535], [134.067233, 34.325585], [134.069208, 34.331119], [134.067861, 34.334435], [134.061447, 34.337787], [134.056038, 34.336647], [134.049202, 34.338451], [134.050038, 34.336754], [134.048633, 34.335139], [134.0529, 34.335738], [134.050888, 34.332341], [134.059954, 34.33205], [134.058053, 34.327067], [134.059591, 34.326812], [134.060226, 34.326738]]]}, "properties": {"A27_001": "37201", "A27_002": "高松市立", "A27_003": "B137220100050", "A27_004": "花園小学校", "A27_005": "高松市花園町2-7-7"}}, {"type": "Feature", "geometry": {"type": "Polygon", "coordinates": [[[134.048449, 34.33516], [134.046834, 34.33535], [134.046317, 34.332106], [134.042788, 34.332334], [134.041325, 34.327097], [134.030883, 34.331178], [134.028841, 34.32837], [134.03324, 34.326958], [134.035651, 34.322306], [134.040712, 34.323376], [134.0437, 34.322248], [134.043187, 34.319436], [134.049108, 34.318474], [134.056098, 34.32771], [134.058053, 34.327067], [134.059954, 34.33205], [134.050888, 34.332341], [134.0529, 34.335738], [134.048633, 34.335139], [134.048449, 34.33516]]]}, "properties": {"A27_001": "37201", "A27_002": "高松市立", "A27_003": "B137220100041", "A27_004": "栗林小学校", "A27_005": "高松市栗林町2-10-7"}}, {"type": "Feature", "geometry": {"type": "Polygon", "coordinates": [[[134.021605, 34.354397], [134.018327, 34.343762], [134.0243, 34.343464], [134.021614, 34.336274], [134.023923, 34.33336], [134.021873, 34.33186], [134.023367, 34.327604], [134.028428, 34.327449], [134.030799, 34.331184], [134.041325, 34.327097], [134.042788, 34.332334], [134.046317, 34.332106], [134.046834, 34.33535], [134.048449, 34.33516], [134.04756, 34.340126], [134.032146, 34.342659], [134.031657, 34.341461], [134.028348, 34.346559], [134.028169, 34.350979], [134.023054, 34.35093], [134.023536, 34.355068], [134.022585, 34.354738], [134.021605, 34.354397]]]}, "properties": {"A27_001": "37201", "A27_002": "高松市立", "A27_003": "B137220100023", "A27_004": "亀阜小学校", "A27_005": "高松市亀岡町10-1"}}, {"type": "Feature", "geometry": {"type": "Polygon", "coordinates": [[[133.901325, 34.256118], [133.897989, 34.249685], [133.894432, 34.248637], [133.893239, 34.245398], [133.893794, 34.243618], [133.89475, 34.245192], [133.897373, 34.245028], [133.900594, 34.240793], [133.897539, 34.237216], [133.898998, 34.234215], [133.898804, 34.220848], [133.895526, 34.213532], [133.900676, 34.209042], [133.904679, 34.211475], [133.908777, 34.211206], [133.913526, 34.216597], [133.915745, 34.222067], [133.912923, 34.227196], [133.91441, 34.228639], [133.913293, 34.230481], [133.916194, 34.234118], [133.912303, 34.237293], [133.914444, 34.241476], [133.911686, 34.243975], [133.911761, 34.250279], [133.909749, 34.251287], [133.908571, 34.254854], [133.901499, 34.256103], [133.901325, 34.256118]]]}, "properties": {"A27_001": "37387", "A27_002": "綾川町立", "A27_003": "B137238700056", "A27_004": "羽床小学校", "A27_005": "綾歌郡綾川町羽床下2256"}}, {"type": "Feature", "geometry": {"type": "Polygon", "coordinates": [[[134.127016, 34.331542], [134.130144, 34.332826], [134.129111, 34.337644], [134.126233, 34.33655], [134.127401, 34.343353], [134.135921, 34.343716], [134.136705, 34.347028], [134.137998, 34.345856], [134.142416, 34.347163], [134.143732, 34.346238], [134.144922, 34.351612], [134.141871, 34.360734], [134.130681, 34.366701], [134.126179, 34.363082], [134.123917, 34.363119], [134.124903, 34.36104], [134.122762, 34.360641], [134.123315, 34.359399], [134.122407, 34.360544], [134.119774, 34.359591], [134.119935, 34.344647], [134.121548, 34.343943], [134.124818, 34.333306], [134.127015, 34.331702], [134.127016, 34.331542]]]}, "properties": {"A27_001": "37201", "A27_002": "高松市立", "A27_003": "B137220100416", "A27_004": "牟礼北小学校", "A27_005": "高松市牟礼町牟礼2900-1"}}, {"type": "Feature", "geometry": {"type": "Polygon", "coordinates": [[[134.129444, 34.329456], [134.137617, 34.327938], [134.13867, 34.324169], [134.139942, 34.328755], [134.147489, 34.332259], [134.14545, 34.336888], [134.142341, 34.336966], [134.146542, 34.339906], [134.143732, 34.346238], [134.127401, 34.343353], [134.126233, 34.33655], [134.130256, 34.336423], [134.127016, 34.331542], [134.129407, 34.329599], [134.129444, 34.329456]]]}, "properties": {"A27_001": "37201", "A27_002": "高松市立", "A27_003": "B137220100407", "A27_004": "牟礼小学校", "A27_005": "高松市牟礼町大町1560"}}, {"type": "Feature", "geometry": {"type": "Polygon", "coordinates": [[[134.119823, 34.346625], [134.119805, 34.359766], [134.115596, 34.358802], [134.107686, 34.371901], [134.10098, 34.379126], [134.096027, 34.381686], [134.096132, 34.376349], [134.104217, 34.363966], [134.104347, 34.357056], [134.110584, 34.34482], [134.119623, 34.346612], [134.119823, 34.346625]]]}, "properties": {"A27_001": "37201", "A27_002": "高松市立", "A27_003": "B137220100372", "A27_004": "屋島東小学校", "A27_005": "高松市屋島東町942-1"}}, {"type": "Feature", "geometry": {"type": "Polygon", "coordinates": [[[134.085802, 34.342416], [134.087123, 34.319205], [134.090701, 34.315556], [134.091498, 34.317233], [134.097875, 34.316693], [134.098356, 34.312459], [134.102878, 34.310711], [134.104218, 34.308266], [134.105527, 34.311357], [134.107165, 34.30959], [134.108702, 34.311432], [134.12169, 34.312397], [134.124267, 34.314469], [134.124566, 34.316014], [134.117434, 34.318076], [134.117561, 34.320284], [134.113798, 34.321915], [134.110979, 34.326796], [134.106162, 34.328585], [134.104089, 34.332432], [134.105393, 34.336947], [134.095722, 34.335709], [134.094834, 34.340188], [134.089281, 34.342189], [134.085802, 34.342416]]]}, "properties": {"A27_001": "37201", "A27_002": "高松市立", "A27_003": "B137220100363", "A27_004": "古高松南小学校", "A27_005": "高松市新田町甲2605"}}, {"type": "Feature", "geometry": {"type": "Polygon", "coordinates": [[[134.067233, 34.325585], [134.065849, 34.318597], [134.071634, 34.317722], [134.070734, 34.309779], [134.079406, 34.308346], [134.081884, 34.319984], [134.079178, 34.32001], [134.06741, 34.326302], [134.067233, 34.325585]]]}, "properties": {"A27_001": "37201", "A27_002": "高松市立", "A27_003": "B137220100354", "A27_004": "木太南小学校", "A27_005": "高松市木太町1530-1"}}, {"type": "Feature", "geometry": {"type": "Polygon", "coordinates": [[[133.922075, 34.265471], [133.91581, 34.264317], [133.911202, 34.265652], [133.90576, 34.263317], [133.903665, 34.264056], [133.902138, 34.262041], [133.902878, 34.257286], [133.901325, 34.256118], [133.908571, 34.254854], [133.909749, 34.251287], [133.911879, 34.250097], [133.911585, 34.244313], [133.914444, 34.241476], [133.912303, 34.237293], [133.913687, 34.235635], [133.926029, 34.231426], [133.934061, 34.226844], [133.941091, 34.235524], [133.940173, 34.244487], [133.937525, 34.250645], [133.938362, 34.25202], [133.936101, 34.254652], [133.926036, 34.259218], [133.92243, 34.264857], [133.922075, 34.265471]]]}, "properties": {"A27_001": "37387", "A27_002": "綾川町立", "A27_003": "B137238700047", "A27_004": "滝宮小学校", "A27_005": "綾歌郡綾川町滝宮1095-1"}}, {"type": "Feature", "geometry": {"type": "Polygon", "coordinates": [[[134.05661, 34.305404], [134.052631, 34.306487], [134.053105, 34.30855], [134.04149, 34.31054], [134.041007, 34.308654], [134.038513, 34.308797], [134.036474, 34.302529], [134.038539, 34.302067], [134.039303, 34.299816], [134.037578, 34.294175], [134.039569, 34.291355], [134.039243, 34.287993], [134.044163, 34.289927], [134.042313, 34.291345], [134.042414, 34.295672], [134.046733, 34.296038], [134.047663, 34.299392], [134.051558, 34.300345], [134.054847, 34.305047], [134.056504, 34.30479], [134.05661, 34.305404]]]}, "properties": {"A27_001": "37201", "A27_002": "高松市立", "A27_003": "B137220100345", "A27_004": "太田南小学校", "A27_005": "高松市太田下町1823-1"}}, {"type": "Feature", "geometry": {"type": "Polygon", "coordinates": [[[133.94398, 34.278488], [133.937518, 34.268563], [133.933069, 34.266396], [133.930213, 34.269891], [133.927194, 34.267044], [133.923443, 34.267196], [133.922075, 34.265471], [133.926036, 34.259218], [133.936101, 34.254652], [133.938362, 34.25202], [133.937525, 34.250645], [133.940584, 34.239306], [133.944938, 34.239635], [133.945886, 34.237596], [133.950091, 34.238454], [133.952858, 34.23629], [133.956465, 34.236817], [133.957074, 34.240484], [133.959523, 34.240477], [133.961913, 34.237659], [133.964118, 34.238113], [133.967182, 34.240559], [133.965642, 34.246069], [133.96842, 34.245212], [133.970955, 34.247644], [133.968445, 34.250579], [133.9667, 34.257155], [133.969733, 34.259695], [133.970384, 34.263429], [133.956331, 34.269271], [133.952567, 34.269187], [133.949832, 34.271332], [133.945059, 34.270515], [133.943977, 34.278464], [133.94398, 34.278488]]]}, "properties": {"A27_001": "37387", "A27_002": "綾川町立", "A27_003": "B137238700038", "A27_004": "陶小学校", "A27_005": "綾歌郡綾川町陶5878-1"}}, {"type": "Feature", "geometry": {"type": "Polygon", "coordinates": [[[134.063425, 34.304971], [134.063363, 34.308052], [134.070734, 34.309779], [134.071634, 34.317722], [134.065849, 34.318597], [134.067233, 34.325585], [134.0615, 34.326535], [134.062471, 34.32787], [134.061146, 34.328094], [134.059014, 34.320846], [134.056341, 34.31917], [134.055857, 34.310186], [134.053298, 34.309651], [134.052631, 34.306487], [134.06217, 34.305233], [134.063425, 34.304971]]]}, "properties": {"A27_001": "37201", "A27_002": "高松市立", "A27_003": "B137220100336", "A27_004": "中央小学校", "A27_005": "高松市松縄町1138"}}, {"type": "Feature", "geometry": {"type": "Polygon", "coordinates": [[[134.012762, 34.210822], [134.010219, 34.212679], [134.008771, 34.21698], [134.003639, 34.219094], [133.995126, 34.228526], [133.993003, 34.235464], [133.9894, 34.235467], [133.986951, 34.240733], [133.984499, 34.242193], [133.988279, 34.252903], [133.991633, 34.25608], [133.992056, 34.258546], [133.993477, 34.258536], [133.993093, 34.260258], [133.994872, 34.259418], [133.993669, 34.260566], [133.995282, 34.263043], [133.99235, 34.263149], [133.992702, 34.264467], [133.989245, 34.266838], [133.987726, 34.261971], [133.983862, 34.266132], [133.976368, 34.263633], [133.971916, 34.265212], [133.970916, 34.26219], [133.973052, 34.260949], [133.970658, 34.26107], [133.9667, 34.257155], [133.968445, 34.250579], [133.970955, 34.247644], [133.96842, 34.245212], [133.965642, 34.246069], [133.967182, 34.240559], [133.961913, 34.237659], [133.963294, 34.232284], [133.966155, 34.230512], [133.965049, 34.229511], [133.970559, 34.230168], [133.971595, 34.230836], [133.970263, 34.23351], [133.974776, 34.235224], [133.977324, 34.231432], [133.97554, 34.231826], [133.976258, 34.230123], [133.980888, 34.22732], [133.981849, 34.223282], [133.986712, 34.220924], [133.987563, 34.217591], [133.985938, 34.214259], [133.988056, 34.212256], [133.990593, 34.212383], [133.995449, 34.209093], [134.000789, 34.209676], [134.002323, 34.207554], [134.003726, 34.209625], [134.012722, 34.210818], [134.012762, 34.210822]]]}, "properties": {"A27_001": "37387", "A27_002": "綾川町立", "A27_003": "B137238700029", "A27_004": "昭和小学校", "A27_005": "綾歌郡綾川町畑田2373-1"}}, {"type": "Feature", "geometry": {"type": "Polygon", "coordinates": [[[134.054099, 34.243677], [134.056533, 34.240121], [134.055033, 34.238686], [134.055158, 34.235046], [134.059133, 34.221977], [134.058352, 34.215059], [134.066228, 34.213123], [134.069874, 34.213037], [134.072198, 34.214813], [134.077792, 34.213502], [134.0802, 34.210949], [134.081027, 34.20562], [134.083983, 34.204356], [134.086293, 34.200016], [134.091599, 34.200128], [134.097057, 34.203003], [134.098188, 34.207283], [134.09645, 34.211212], [134.098816, 34.212692], [134.099014, 34.216871], [134.100814, 34.216689], [134.10106, 34.220797], [134.102827, 34.222987], [134.097391, 34.223422], [134.096629, 34.226859], [134.094644, 34.224397], [134.092621, 34.224918], [134.089208, 34.229497], [134.090559, 34.232944], [134.089204, 34.235169], [134.09151, 34.237829], [134.092349, 34.243579], [134.087924, 34.245261], [134.089721, 34.246888], [134.093923, 34.246241], [134.094963, 34.251138], [134.09184, 34.260665], [134.088399, 34.262957], [134.088694, 34.261028], [134.081917, 34.259773], [134.077216, 34.264918], [134.074818, 34.253945], [134.069177, 34.252136], [134.068386, 34.249463], [134.060379, 34.245184], [134.054199, 34.243667], [134.054099, 34.243677]]]}, "properties": {"A27_001": "37201", "A27_002": "高松市立", "A27_003": "B137220100327", "A27_004": "植田小学校", "A27_005": "高松市西植田町2337"}}, {"type": "Feature", "geometry": {"type": "Polygon", "coordinates": [[[133.901402, 34.209349], [133.902463, 34.204358], [133.906567, 34.202066], [133.909585, 34.202515], [133.911628, 34.200415], [133.916903, 34.199891], [133.918134, 34.196722], [133.928582, 34.192742], [133.927113, 34.190189], [133.933217, 34.18649], [133.934003, 34.181228], [133.938953, 34.179744], [133.947184, 34.170246], [133.946712, 34.161609], [133.950216, 34.157339], [133.956889, 34.158995], [133.967538, 34.156904], [133.972445, 34.157875], [133.976062, 34.156672], [133.978014, 34.153666], [133.982508, 34.154752], [133.990126, 34.144379], [133.998876, 34.146586], [134.003608, 34.144322], [134.006013, 34.145208], [134.009639, 34.143989], [134.011142, 34.140625], [134.016588, 34.138214], [134.024584, 34.139662], [134.022401, 34.151815], [134.023294, 34.155344], [134.018213, 34.159096], [134.025611, 34.161025], [134.025413, 34.165517], [134.028735, 34.169115], [134.022664, 34.178469], [134.025588, 34.187528], [134.023431, 34.189894], [134.017093, 34.18986], [134.015854, 34.203183], [134.013341, 34.20665], [134.012762, 34.210822], [134.003726, 34.209625], [134.002323, 34.207554], [134.000789, 34.209676], [133.995449, 34.209093], [133.990593, 34.212383], [133.988056, 34.212256], [133.985938, 34.214259], [133.987563, 34.217591], [133.986712, 34.220924], [133.981849, 34.223282], [133.980888, 34.22732], [133.976258, 34.230123], [133.97554, 34.231826], [133.977324, 34.231432], [133.974776, 34.235224], [133.970263, 34.23351], [133.971595, 34.230836], [133.970559, 34.230168], [133.965147, 34.229495], [133.966155, 34.230512], [133.963294, 34.232284], [133.961858, 34.237813], [133.959353, 34.240558], [133.956229, 34.240046], [133.95637, 34.23674], [133.95299, 34.23629], [133.950091, 34.238454], [133.945783, 34.237638], [133.944938, 34.239635], [133.940403, 34.239148], [133.940542, 34.233426], [133.936747, 34.231506], [133.934061, 34.226844], [133.926029, 34.231426], [133.916194, 34.234118], [133.913293, 34.230481], [133.91441, 34.228639], [133.912923, 34.227196], [133.915745, 34.222067], [133.913526, 34.216597], [133.908777, 34.211206], [133.904679, 34.211475], [133.901491, 34.2094], [133.901402, 34.209349]]]}, "properties": {"A27_001": "37387", "A27_002": "綾川町立", "A27_003": "B137238700010", "A27_004": "綾上小学校", "A27_005": "綾歌郡綾川町山田上甲1494-1"}}, {"type": "Feature", "geometry": {"type": "Polygon", "coordinates": [[[134.105185, 34.205594], [134.103774, 34.204025], [134.098014, 34.206434], [134.096917, 34.202884], [134.094327, 34.202672], [134.091599, 34.200128], [134.086293, 34.200016], [134.09452, 34.190113], [134.095654, 34.185213], [134.099204, 34.182013], [134.105689, 34.184739], [134.109923, 34.18929], [134.10932, 34.19827], [134.105186, 34.201704], [134.105251, 34.205404], [134.105185, 34.205594]]]}, "properties": {"A27_001": "37201", "A27_002": "高松市立", "A27_003": "B137220100318", "A27_004": "東植田小学校菅沢分校", "A27_005": "高松市菅沢町339"}}, {"type": "Feature", "geometry": {"type": "Polygon", "coordinates": [[[134.111113, 34.245388], [134.110552, 34.2467], [134.108906, 34.245744], [134.10591, 34.247241], [134.104875, 34.249375], [134.103221, 34.248784], [134.104365, 34.253432], [134.101563, 34.252746], [134.100035, 34.253994], [134.096835, 34.253419], [134.09661, 34.251648], [134.095327, 34.252583], [134.093923, 34.246241], [134.089721, 34.246888], [134.08785, 34.244968], [134.092349, 34.243579], [134.09151, 34.237829], [134.089204, 34.235169], [134.090649, 34.226144], [134.094573, 34.224375], [134.096629, 34.226859], [134.097391, 34.223422], [134.102827, 34.222987], [134.10106, 34.220797], [134.100814, 34.216689], [134.099014, 34.216871], [134.098816, 34.212692], [134.096373, 34.210934], [134.098014, 34.206434], [134.103774, 34.204025], [134.106943, 34.21045], [134.105999, 34.215803], [134.112291, 34.221928], [134.112153, 34.225198], [134.114383, 34.226393], [134.110693, 34.234377], [134.113427, 34.235453], [134.11462, 34.238252], [134.110791, 34.242563], [134.11095, 34.245274], [134.111113, 34.245388]]]}, "properties": {"A27_001": "37201", "A27_002": "高松市立", "A27_003": "B137220100309", "A27_004": "東植田小学校", "A27_005": "高松市東植田町2008"}}, {"type": "Feature", "geometry": {"type": "MultiPolygon", "coordinates": [[[[134.108367, 34.474459], [134.116869, 34.472167], [134.12549, 34.476137], [134.128144, 34.48151], [134.125599, 34.482247], [134.122032, 34.479696], [134.120074, 34.480998], [134.116098, 34.480475], [134.113383, 34.478718], [134.110382, 34.479535], [134.108364, 34.47454], [134.108367, 34.474459]]], [[[134.18462, 34.470376], [134.185073, 34.466835], [134.190463, 34.471189], [134.188351, 34.473202], [134.187976, 34.471353], [134.184632, 34.470424], [134.18462, 34.470376]]], [[[134.188353, 34.476215], [134.188504, 34.474387], [134.188356, 34.476233], [134.188353, 34.476215]]], [[[134.150257, 34.520445], [134.144946, 34.520491], [134.144825, 34.517416], [134.14949, 34.516074], [134.152846, 34.518571], [134.152957, 34.520459], [134.150351, 34.520541], [134.150257, 34.520445]]], [[[134.156859, 34.519289], [134.156148, 34.51746], [134.160408, 34.519064], [134.162783, 34.516993], [134.162449, 34.518876], [134.165005, 34.521642], [134.16081, 34.5218], [134.159969, 34.519926], [134.156926, 34.519324], [134.156859, 34.519289]]], [[[134.160461, 34.527868], [134.162044, 34.531373], [134.158729, 34.530126], [134.160434, 34.527859], [134.160461, 34.527868]]], [[[134.151499, 34.460066], [134.159403, 34.463565], [134.162732, 34.462324], [134.168111, 34.464629], [134.172879, 34.475253], [134.177496, 34.476826], [134.182195, 34.474963], [134.184773, 34.479272], [134.18921, 34.477902], [134.187786, 34.482404], [134.188798, 34.483273], [134.189746, 34.480173], [134.19226, 34.481396], [134.184841, 34.487173], [134.177545, 34.486558], [134.176029, 34.489028], [134.172687, 34.488877], [134.166941, 34.493542], [134.162833, 34.492234], [134.157053, 34.49295], [134.144693, 34.478799], [134.143714, 34.472812], [134.14086, 34.469707], [134.144411, 34.467963], [134.146248, 34.469127], [134.148728, 34.46728], [134.151463, 34.460155], [134.151499, 34.460066]]], [[[134.332459, 34.563196], [134.329093, 34.563925], [134.313453, 34.558698], [134.305882, 34.552251], [134.305057, 34.54935], [134.295221, 34.546716], [134.285963, 34.546816], [134.283452, 34.54813], [134.283969, 34.545764], [134.277935, 34.548839], [134.271645, 34.547628], [134.268161, 34.549545], [134.269643, 34.552926], [134.264373, 34.553275], [134.261807, 34.548754], [134.258641, 34.549939], [134.255778, 34.547281], [134.257642, 34.547383], [134.256429, 34.54318], [134.247313, 34.539389], [134.242102, 34.535215], [134.241896, 34.532575], [134.238701, 34.529428], [134.230408, 34.526795], [134.222546, 34.529377], [134.214217, 34.523107], [134.208699, 34.520996], [134.199222, 34.519541], [134.19688, 34.521091], [134.194225, 34.520122], [134.193216, 34.521543], [134.19183, 34.518829], [134.188643, 34.518999], [134.186906, 34.51568], [134.177974, 34.518095], [134.17135, 34.525412], [134.173073, 34.528321], [134.171666, 34.528887], [134.170608, 34.526377], [134.16715, 34.524827], [134.167831, 34.522888], [134.165253, 34.518963], [134.167185, 34.513955], [134.164623, 34.514195], [134.16634, 34.513001], [134.155953, 34.504908], [134.16408, 34.507683], [134.16675, 34.504815], [134.165343, 34.500119], [134.168315, 34.498794], [134.173096, 34.492454], [134.175719, 34.492686], [134.181332, 34.487128], [134.184497, 34.487782], [134.191506, 34.48409], [134.196472, 34.484483], [134.199749, 34.482575], [134.201778, 34.488532], [134.208408, 34.489248], [134.223603, 34.494969], [134.227533, 34.500355], [134.227146, 34.502747], [134.231312, 34.503059], [134.232797, 34.508116], [134.236715, 34.510609], [134.240666, 34.511689], [134.245556, 34.508707], [134.250844, 34.50931], [134.252924, 34.506638], [134.25753, 34.506857], [134.259601, 34.508148], [134.259258, 34.509629], [134.252261, 34.511971], [134.257221, 34.518199], [134.261061, 34.516878], [134.258938, 34.512779], [134.265187, 34.511729], [134.274713, 34.515474], [134.278119, 34.513239], [134.279259, 34.519449], [134.2873, 34.517734], [134.299949, 34.51771], [134.302462, 34.518087], [134.305421, 34.522967], [134.311883, 34.522844], [134.320136, 34.543477], [134.319325, 34.547787], [134.322347, 34.550097], [134.322855, 34.553156], [134.328888, 34.555993], [134.332146, 34.562687], [134.332459, 34.563196]]]]}, "properties": {"A27_001": "37322", "A27_002": "土庄町立", "A27_003": "B137232200018", "A27_004": "土庄小学校", "A27_005": "小豆郡土庄町渕崎甲2080-1"}}, {"type": "Feature", "geometry": {"type": "Polygon", "coordinates": [[[134.068656, 34.328916], [134.07416, 34.330197], [134.074075, 34.328867], [134.077842, 34.328198], [134.079197, 34.328987], [134.078857, 34.331651], [134.085851, 34.332805], [134.085802, 34.342416], [134.081824, 34.347615], [134.075437, 34.346853], [134.075034, 34.339321], [134.07243, 34.339897], [134.068663, 34.329134], [134.068656, 34.328916]]]}, "properties": {"A27_001": "37201", "A27_002": "高松市立", "A27_003": "B137220100390", "A27_004": "木太北部小学校", "A27_005": "高松市木太町2613"}}, {"type": "Feature", "geometry": {"type": "Polygon", "coordinates": [[[134.081824, 34.347615], [134.09423, 34.346941], [134.093275, 34.35154], [134.09531, 34.352652], [134.098672, 34.350512], [134.101834, 34.353532], [134.100828, 34.356265], [134.09883, 34.354713], [134.098605, 34.359299], [134.104366, 34.360782], [134.1038, 34.364827], [134.100386, 34.368049], [134.096421, 34.375664], [134.096027, 34.381686], [134.093796, 34.385108], [134.091472, 34.384532], [134.091882, 34.369066], [134.090591, 34.363449], [134.092076, 34.363588], [134.090031, 34.3629], [134.089699, 34.359385], [134.085547, 34.352033], [134.08188, 34.350679], [134.084017, 34.347333], [134.081916, 34.350411], [134.083831, 34.347353], [134.081889, 34.34761], [134.081824, 34.347615]]]}, "properties": {"A27_001": "37201", "A27_002": "高松市立", "A27_003": "B137220100381", "A27_004": "屋島西小学校", "A27_005": "高松市屋島西町2469"}}, {"type": "Feature", "geometry": {"type": "Polygon", "coordinates": [[[134.157776, 34.297259], [134.161026, 34.290821], [134.161163, 34.286426], [134.163289, 34.284972], [134.16115, 34.283367], [134.163879, 34.282745], [134.165206, 34.279599], [134.176266, 34.277957], [134.17728, 34.271988], [134.193507, 34.273471], [134.196353, 34.278484], [134.197847, 34.277764], [134.197905, 34.283142], [134.201605, 34.283823], [134.201678, 34.288709], [134.199354, 34.294562], [134.19055, 34.294562], [134.189369, 34.297012], [134.184849, 34.297935], [134.183929, 34.299749], [134.182095, 34.299577], [134.18197, 34.298168], [134.176098, 34.29842], [134.169746, 34.305687], [134.161957, 34.303355], [134.157788, 34.29732], [134.157776, 34.297259]]]}, "properties": {"A27_001": "37206", "A27_002": "さぬき市立", "A27_003": "B137220600073", "A27_004": "造田小学校", "A27_005": "さぬき市造田是弘688-1"}}, {"type": "Feature", "geometry": {"type": "MultiPolygon", "coordinates": [[[[134.157776, 34.297259], [134.154708, 34.294283], [134.156693, 34.289427], [134.155401, 34.281372], [134.159264, 34.281154], [134.162237, 34.278624], [134.165338, 34.278954], [134.163879, 34.282745], [134.16115, 34.283367], [134.163289, 34.284972], [134.161163, 34.286426], [134.161026, 34.290821], [134.158265, 34.29489], [134.157776, 34.297259]]], [[[134.168923, 34.278825], [134.164144, 34.265949], [134.162066, 34.264582], [134.167028, 34.255326], [134.163829, 34.253001], [134.162944, 34.248023], [134.167878, 34.244744], [134.169593, 34.237701], [134.165633, 34.235915], [134.16504, 34.232662], [134.168957, 34.227795], [134.167242, 34.219861], [134.163556, 34.21511], [134.165178, 34.211043], [134.163256, 34.211326], [134.162783, 34.203787], [134.164803, 34.202821], [134.166057, 34.197984], [134.163531, 34.193446], [134.165003, 34.187191], [134.163868, 34.182531], [134.160893, 34.182677], [134.161523, 34.179282], [134.158518, 34.176449], [134.15805, 34.172036], [134.156098, 34.171819], [134.155439, 34.166748], [134.159313, 34.169668], [134.16361, 34.169881], [134.173746, 34.177002], [134.173776, 34.175254], [134.177416, 34.176186], [134.178309, 34.174669], [134.179398, 34.17579], [134.180299, 34.174346], [134.185306, 34.174261], [134.186417, 34.172386], [134.195064, 34.171874], [134.19878, 34.175553], [134.204965, 34.172728], [134.213291, 34.178173], [134.214395, 34.181936], [134.212468, 34.186513], [134.216089, 34.191029], [134.213192, 34.191294], [134.206837, 34.200069], [134.210583, 34.211243], [134.208024, 34.215812], [134.209759, 34.219857], [134.201547, 34.219065], [134.197075, 34.225092], [134.191302, 34.226639], [134.189551, 34.229466], [134.189705, 34.233855], [134.194916, 34.236731], [134.195121, 34.238742], [134.19303, 34.245742], [134.195059, 34.248671], [134.194846, 34.252667], [134.192786, 34.250322], [134.194216, 34.248761], [134.192034, 34.249147], [134.190512, 34.261489], [134.18888, 34.263279], [134.190148, 34.264205], [134.190627, 34.273575], [134.17728, 34.271988], [134.176266, 34.277957], [134.169171, 34.27893], [134.168923, 34.278825]]]]}, "properties": {"A27_001": "37206", "A27_002": "さぬき市立", "A27_003": "B137220600064", "A27_004": "長尾小学校", "A27_005": "さぬき市長尾東901-1"}}, {"type": "Feature", "geometry": {"type": "Polygon", "coordinates": [[[134.04754, 34.475112], [134.051724, 34.471803], [134.065563, 34.470535], [134.069253, 34.468905], [134.078107, 34.460374], [134.084938, 34.459898], [134.08841, 34.463569], [134.091434, 34.471125], [134.102739, 34.479119], [134.102946, 34.484556], [134.104577, 34.487013], [134.102604, 34.489764], [134.103946, 34.491849], [134.097629, 34.489435], [134.093325, 34.490662], [134.087088, 34.494817], [134.087754, 34.497488], [134.083633, 34.500133], [134.076926, 34.496822], [134.069233, 34.498075], [134.068874, 34.495981], [134.063317, 34.493183], [134.062302, 34.489707], [134.060356, 34.489863], [134.060552, 34.488577], [134.05741, 34.486712], [134.057654, 34.487767], [134.052133, 34.487366], [134.04336, 34.489484], [134.041851, 34.48839], [134.041303, 34.483273], [134.036372, 34.482777], [134.037748, 34.477622], [134.042459, 34.479359], [134.044998, 34.477074], [134.043733, 34.475253], [134.047446, 34.475158], [134.04754, 34.475112]]]}, "properties": {"A27_001": "37322", "A27_002": "土庄町立", "A27_003": "B137232200027", "A27_004": "豊島小学校", "A27_005": "小豆郡土庄町豊島家浦2516"}}, {"type": "Feature", "geometry": {"type": "Polygon", "coordinates": [[[134.190627, 34.273575], [134.190148, 34.264205], [134.18888, 34.263279], [134.190512, 34.261489], [134.192034, 34.249147], [134.194216, 34.248761], [134.192786, 34.250322], [134.194846, 34.252667], [134.195059, 34.248671], [134.19303, 34.245742], [134.195121, 34.238742], [134.194916, 34.236731], [134.189705, 34.233855], [134.190165, 34.227659], [134.197075, 34.225092], [134.201547, 34.219065], [134.209759, 34.219857], [134.208024, 34.215812], [134.210601, 34.211406], [134.208216, 34.203533], [134.216977, 34.203645], [134.216867, 34.209027], [134.22065, 34.211395], [134.21884, 34.216105], [134.223261, 34.22407], [134.222875, 34.236787], [134.225727, 34.239082], [134.218927, 34.264646], [134.208408, 34.265263], [134.207911, 34.270681], [134.210087, 34.27601], [134.20873, 34.27973], [134.212291, 34.282119], [134.21356, 34.280324], [134.219281, 34.278529], [134.228427, 34.277593], [134.235934, 34.283819], [134.225, 34.294919], [134.222937, 34.291878], [134.2205, 34.292296], [134.214159, 34.296535], [134.208087, 34.297398], [134.207593, 34.299389], [134.204673, 34.300398], [134.202943, 34.295584], [134.198792, 34.294627], [134.201678, 34.288709], [134.201457, 34.283395], [134.197905, 34.283142], [134.197847, 34.277764], [134.196353, 34.278484], [134.193507, 34.273471], [134.190724, 34.27365], [134.190627, 34.273575]]]}, "properties": {"A27_001": "37206", "A27_002": "さぬき市立", "A27_003": "B137220600055", "A27_004": "寒川小学校", "A27_005": "さぬき市石田西812-1"}}, {"type": "Feature", "geometry": {"type": "Polygon", "coordinates": [[[134.189626, 34.331572], [134.188238, 34.327916], [134.189396, 34.328441], [134.191414, 34.324977], [134.196649, 34.322905], [134.198935, 34.315463], [134.201961, 34.313406], [134.201647, 34.309167], [134.205929, 34.304521], [134.204673, 34.300398], [134.207593, 34.299389], [134.208179, 34.297352], [134.214159, 34.296535], [134.222937, 34.291878], [134.224026, 34.294716], [134.228145, 34.293497], [134.231007, 34.298054], [134.233318, 34.298181], [134.235407, 34.302879], [134.234389, 34.30571], [134.236336, 34.308819], [134.245497, 34.313064], [134.247416, 34.318998], [134.252122, 34.32191], [134.254082, 34.328517], [134.266304, 34.336244], [134.258188, 34.336908], [134.256541, 34.339446], [134.256941, 34.346447], [134.250017, 34.351572], [134.242457, 34.344749], [134.240802, 34.341774], [134.242031, 34.3403], [134.240413, 34.34084], [134.237952, 34.33747], [134.23368, 34.33731], [134.225703, 34.342904], [134.226193, 34.345506], [134.22373, 34.348054], [134.222344, 34.346869], [134.219207, 34.34859], [134.215006, 34.365165], [134.211781, 34.365616], [134.210943, 34.369373], [134.206866, 34.369705], [134.204199, 34.366641], [134.206176, 34.360377], [134.209729, 34.358013], [134.210514, 34.353357], [134.213431, 34.350874], [134.208329, 34.345394], [134.203199, 34.342946], [134.199931, 34.344266], [134.198842, 34.346836], [134.197209, 34.346317], [134.19774, 34.34517], [134.191903, 34.34381], [134.189661, 34.350139], [134.182252, 34.352624], [134.183073, 34.346991], [134.187378, 34.344905], [134.186742, 34.342789], [134.185119, 34.342803], [134.187009, 34.340219], [134.184461, 34.337615], [134.185583, 34.336963], [134.184897, 34.333511], [134.187809, 34.334568], [134.19012, 34.332841], [134.189627, 34.331551], [134.189626, 34.331572]]]}, "properties": {"A27_001": "37206", "A27_002": "さぬき市立", "A27_003": "B137220600046", "A27_004": "さぬき北小学校", "A27_005": "さぬき市鴨庄2947"}}, {"type": "Feature", "geometry": {"type": "Polygon", "coordinates": [[[134.161453, 34.30289], [134.169746, 34.305687], [134.176098, 34.29842], [134.18197, 34.298168], [134.182095, 34.299577], [134.183929, 34.299749], [134.184849, 34.297935], [134.189369, 34.297012], [134.19055, 34.294562], [134.198792, 34.294627], [134.202943, 34.295584], [134.205994, 34.304163], [134.201647, 34.309167], [134.201961, 34.313406], [134.198935, 34.315463], [134.196649, 34.322905], [134.191414, 34.324977], [134.189396, 34.328441], [134.18799, 34.328304], [134.189583, 34.332261], [134.17914, 34.333056], [134.178563, 34.326576], [134.181124, 34.325933], [134.173907, 34.324165], [134.173951, 34.325564], [134.170654, 34.326077], [134.169811, 34.324705], [134.165728, 34.326067], [134.164306, 34.321532], [134.155435, 34.310622], [134.15882, 34.308119], [134.159067, 34.304483], [134.161428, 34.302894], [134.161453, 34.30289]]]}, "properties": {"A27_001": "37206", "A27_002": "さぬき市立", "A27_003": "B137220600037", "A27_004": "志度小学校", "A27_005": "さぬき市志度727"}}, {"type": "Feature", "geometry": {"type": "Polygon", "coordinates": [[[134.219985, 34.209817], [134.228876, 34.208087], [134.240729, 34.215853], [134.246465, 34.216758], [134.253121, 34.221357], [134.259011, 34.21944], [134.26414, 34.220598], [134.272061, 34.215564], [134.27601, 34.215009], [134.274231, 34.224966], [134.275165, 34.228635], [134.272723, 34.235149], [134.273423, 34.238006], [134.27613, 34.238258], [134.277894, 34.242279], [134.281922, 34.244263], [134.278174, 34.247292], [134.280066, 34.248702], [134.274856, 34.252187], [134.274244, 34.256217], [134.277118, 34.261077], [134.276721, 34.263861], [134.26905, 34.268702], [134.265946, 34.267941], [134.263118, 34.272456], [134.255492, 34.273016], [134.247226, 34.275757], [134.239254, 34.280889], [134.237775, 34.283447], [134.234311, 34.282923], [134.228427, 34.277593], [134.219281, 34.278529], [134.21356, 34.280324], [134.212291, 34.282119], [134.20873, 34.27973], [134.210087, 34.27601], [134.207911, 34.270681], [134.208408, 34.265263], [134.218927, 34.264646], [134.225727, 34.239082], [134.222875, 34.236787], [134.223261, 34.22407], [134.21884, 34.216105], [134.220067, 34.209899], [134.219985, 34.209817]]]}, "properties": {"A27_001": "37206", "A27_002": "さぬき市立", "A27_003": "B137220600028", "A27_004": "さぬき南小学校", "A27_005": "さぬき市大川町南川61"}}, {"type": "Feature", "geometry": {"type": "Polygon", "coordinates": [[[133.982781, 34.342159], [133.987533, 34.352267], [133.990088, 34.352491], [133.985516, 34.354454], [133.98582, 34.356838], [133.990866, 34.360558], [133.988092, 34.360554], [133.988557, 34.36168], [133.980127, 34.36682], [133.977922, 34.372531], [133.975619, 34.372987], [133.97047, 34.369277], [133.971667, 34.368162], [133.969732, 34.366601], [133.971079, 34.36487], [133.969191, 34.366978], [133.965646, 34.364977], [133.965622, 34.362375], [133.960509, 34.368566], [133.963274, 34.370086], [133.959647, 34.377405], [133.947982, 34.380911], [133.941439, 34.373474], [133.941241, 34.37505], [133.937669, 34.376881], [133.938688, 34.381136], [133.934122, 34.384343], [133.931792, 34.388384], [133.927627, 34.389633], [133.929808, 34.385425], [133.928781, 34.377456], [133.932378, 34.376659], [133.935587, 34.370378], [133.936668, 34.360946], [133.934878, 34.355134], [133.937777, 34.35324], [133.937226, 34.348539], [133.94351, 34.346339], [133.947079, 34.336907], [133.952332, 34.335191], [133.953573, 34.332035], [133.955675, 34.335129], [133.96057, 34.336027], [133.965581, 34.331416], [133.967644, 34.332752], [133.96664, 34.333755], [133.975045, 34.335658], [133.982576, 34.341934], [133.982781, 34.342159]]]}, "properties": {"A27_001": "37201", "A27_002": "高松市立", "A27_003": "B137220100256", "A27_004": "下笠居小学校", "A27_005": "高松市生島町345"}}, {"type": "Feature", "geometry": {"type": "Polygon", "coordinates": [[[134.227785, 34.293395], [134.229692, 34.288825], [134.233246, 34.2854], [134.247081, 34.275841], [134.255492, 34.273016], [134.263118, 34.272456], [134.265946, 34.267941], [134.26905, 34.268702], [134.279402, 34.262801], [134.282964, 34.265048], [134.287692, 34.27255], [134.28815, 34.275483], [134.276079, 34.282737], [134.27479, 34.285243], [134.275615, 34.287886], [134.270566, 34.290147], [134.267685, 34.288011], [134.269763, 34.28601], [134.268238, 34.282925], [134.266993, 34.284635], [134.263856, 34.283307], [134.266474, 34.282611], [134.263037, 34.282604], [134.255814, 34.287092], [134.250218, 34.297705], [134.247478, 34.296955], [134.249032, 34.299619], [134.246753, 34.303469], [134.246698, 34.307544], [134.254138, 34.312993], [134.258264, 34.313405], [134.261394, 34.318958], [134.265627, 34.319098], [134.261972, 34.329464], [134.262726, 34.331378], [134.266951, 34.333022], [134.266304, 34.336244], [134.254082, 34.328517], [134.252122, 34.32191], [134.247416, 34.318998], [134.245497, 34.313064], [134.236374, 34.308868], [134.234389, 34.30571], [134.235407, 34.302879], [134.233318, 34.298181], [134.231007, 34.298054], [134.227993, 34.29345], [134.227785, 34.293395]]]}, "properties": {"A27_001": "37206", "A27_002": "さぬき市立", "A27_003": "B137220600019", "A27_004": "津田小学校", "A27_005": "さぬき市津田町津田144"}}, {"type": "Feature", "geometry": {"type": "Polygon", "coordinates": [[[133.991609, 34.314981], [133.993586, 34.319874], [133.999156, 34.324837], [134.003872, 34.333086], [133.996048, 34.334317], [133.997236, 34.340476], [133.992662, 34.34318], [133.982781, 34.342159], [133.975045, 34.335658], [133.96664, 34.333755], [133.967644, 34.332752], [133.965581, 34.331416], [133.974634, 34.323562], [133.974773, 34.320688], [133.9789, 34.317419], [133.981721, 34.31037], [133.986459, 34.311052], [133.98734, 34.313161], [133.991522, 34.314887], [133.991609, 34.314981]]]}, "properties": {"A27_001": "37201", "A27_002": "高松市立", "A27_003": "B137220100247", "A27_004": "鬼無小学校", "A27_005": "高松市鬼無町佐藤607-1"}}, {"type": "Feature", "geometry": {"type": "Polygon", "coordinates": [[[134.021605, 34.354397], [134.015444, 34.353283], [134.014621, 34.351642], [134.015081, 34.353733], [134.009319, 34.354569], [134.009669, 34.356036], [134.01565, 34.354927], [134.016263, 34.356247], [134.008507, 34.357931], [134.005912, 34.347751], [134.009384, 34.34732], [134.011657, 34.344432], [133.999156, 34.324837], [133.993586, 34.319874], [133.991609, 34.314981], [133.999577, 34.312807], [134.004318, 34.314509], [134.005731, 34.312207], [134.008187, 34.312814], [134.008575, 34.314554], [134.013694, 34.31483], [134.017507, 34.318222], [134.01779, 34.321489], [134.014746, 34.322221], [134.015034, 34.324344], [134.023389, 34.327737], [134.021873, 34.33186], [134.023923, 34.33336], [134.021614, 34.336274], [134.0243, 34.343464], [134.018327, 34.343762], [134.021545, 34.352827], [134.021605, 34.354397]]]}, "properties": {"A27_001": "37201", "A27_002": "高松市立", "A27_003": "B137220100238", "A27_004": "弦打小学校", "A27_005": "高松市鶴市町374-1"}}, {"type": "Feature", "geometry": {"type": "Polygon", "coordinates": [[[134.008187, 34.312814], [134.005731, 34.312207], [134.004318, 34.314509], [133.9961, 34.313204], [133.991609, 34.314981], [133.98734, 34.313161], [133.986459, 34.311052], [133.981721, 34.31037], [133.97491, 34.298468], [133.979164, 34.291933], [133.975895, 34.28573], [133.983193, 34.28077], [133.984434, 34.283433], [133.989461, 34.286986], [133.991954, 34.285967], [133.992998, 34.288108], [133.995248, 34.287853], [133.995135, 34.285765], [133.996813, 34.287565], [133.998483, 34.285773], [133.99818, 34.291449], [133.996463, 34.29177], [133.99728, 34.295702], [133.999516, 34.295296], [133.999187, 34.293544], [134.00259, 34.29299], [134.002075, 34.295563], [134.004229, 34.294587], [134.004804, 34.296478], [134.014414, 34.295029], [134.010215, 34.3011], [134.011551, 34.301624], [134.010041, 34.30505], [134.007615, 34.306166], [134.008091, 34.312233], [134.008187, 34.312814]]]}, "properties": {"A27_001": "37201", "A27_002": "高松市立", "A27_003": "B137220100229", "A27_004": "檀紙小学校", "A27_005": "高松市御厩町816"}}, {"type": "Feature", "geometry": {"type": "Polygon", "coordinates": [[[133.983193, 34.28077], [133.986677, 34.278286], [133.986704, 34.274461], [133.990618, 34.274331], [133.991305, 34.272464], [133.992705, 34.27233], [133.992176, 34.275184], [133.993377, 34.275817], [133.996569, 34.274534], [134.000376, 34.275873], [134.003299, 34.274412], [134.004324, 34.277229], [134.017136, 34.276662], [134.018539, 34.288487], [134.017098, 34.292615], [134.015734, 34.289809], [134.014414, 34.295029], [134.004804, 34.296478], [134.004229, 34.294587], [134.002075, 34.295563], [134.00259, 34.29299], [133.999187, 34.293544], [133.999516, 34.295296], [133.99728, 34.295702], [133.996463, 34.29177], [133.99818, 34.291449], [133.998483, 34.285773], [133.996813, 34.287565], [133.995135, 34.285765], [133.995248, 34.287853], [133.993047, 34.28813], [133.992544, 34.286174], [133.989461, 34.286986], [133.983168, 34.280973], [133.983193, 34.28077]]]}, "properties": {"A27_001": "37201", "A27_002": "高松市立", "A27_003": "B137220100210", "A27_004": "円座小学校", "A27_005": "高松市円座町1630-2"}}, {"type": "Feature", "geometry": {"type": "Polygon", "coordinates": [[[133.983193, 34.28077], [133.98124, 34.276364], [133.988803, 34.266817], [133.992702, 34.264467], [133.99235, 34.263149], [133.995282, 34.263043], [133.993669, 34.260566], [133.994872, 34.259418], [133.993067, 34.260098], [133.994732, 34.256508], [134.00216, 34.255183], [134.008102, 34.251408], [134.00944, 34.259318], [134.016852, 34.258158], [134.018606, 34.25921], [134.015675, 34.266395], [134.016385, 34.276958], [134.004324, 34.277229], [134.003299, 34.274412], [134.000376, 34.275873], [133.996569, 34.274534], [133.993377, 34.275817], [133.992426, 34.272334], [133.990618, 34.274331], [133.986704, 34.274461], [133.986677, 34.278286], [133.98379, 34.280377], [133.983193, 34.28077]]]}, "properties": {"A27_001": "37201", "A27_002": "高松市立", "A27_003": "B137220100201", "A27_004": "川岡小学校", "A27_005": "高松市川部町1552"}}, {"type": "Feature", "geometry": {"type": "Polygon", "coordinates": [[[134.098933, 34.295999], [134.095514, 34.281563], [134.091836, 34.281151], [134.095315, 34.279463], [134.102427, 34.279266], [134.099954, 34.267663], [134.098539, 34.268743], [134.101236, 34.2611], [134.10074, 34.259516], [134.099808, 34.260672], [134.097823, 34.259215], [134.099483, 34.257918], [134.098127, 34.258526], [134.098042, 34.256349], [134.100549, 34.253067], [134.104527, 34.253267], [134.103312, 34.248676], [134.104875, 34.249375], [134.10591, 34.247241], [134.108906, 34.245744], [134.110552, 34.2467], [134.111113, 34.245388], [134.111467, 34.248967], [134.109395, 34.251906], [134.111579, 34.254252], [134.11789, 34.283034], [134.117096, 34.279981], [134.110041, 34.281135], [134.11111, 34.285065], [134.103348, 34.287328], [134.106361, 34.289279], [134.104993, 34.293157], [134.106074, 34.293129], [134.102419, 34.296611], [134.09957, 34.295896], [134.098933, 34.295999]]]}, "properties": {"A27_001": "37201", "A27_002": "高松市立", "A27_003": "B137220100292", "A27_004": "十河小学校", "A27_005": "高松市十川西町366-5"}}, {"type": "Feature", "geometry": {"type": "Polygon", "coordinates": [[[134.085832, 34.291188], [134.080262, 34.292518], [134.073136, 34.284878], [134.078764, 34.283236], [134.077762, 34.280847], [134.079596, 34.280975], [134.079551, 34.279246], [134.077333, 34.271651], [134.078121, 34.269752], [134.082552, 34.26926], [134.077107, 34.268208], [134.076399, 34.265442], [134.081917, 34.259773], [134.088694, 34.261028], [134.089047, 34.262888], [134.092052, 34.260423], [134.095783, 34.250928], [134.0954, 34.252653], [134.09661, 34.251648], [134.096835, 34.253419], [134.100035, 34.253994], [134.097852, 34.257324], [134.098127, 34.258526], [134.099483, 34.257918], [134.097823, 34.259215], [134.099808, 34.260672], [134.10074, 34.259516], [134.101255, 34.261384], [134.098539, 34.268743], [134.099954, 34.267663], [134.102427, 34.279266], [134.095315, 34.279463], [134.091836, 34.281151], [134.095514, 34.281563], [134.09687, 34.28728], [134.087369, 34.288856], [134.08691, 34.28765], [134.08586, 34.290951], [134.085832, 34.291188]]]}, "properties": {"A27_001": "37201", "A27_002": "高松市立", "A27_003": "B137220100283", "A27_004": "川島小学校", "A27_005": "高松市川島東町864-1"}}, {"type": "Feature", "geometry": {"type": "Polygon", "coordinates": [[[134.054415, 34.421604], [134.053522, 34.417612], [134.055126, 34.416237], [134.057835, 34.419409], [134.064416, 34.421393], [134.065893, 34.42882], [134.063291, 34.433292], [134.060641, 34.434101], [134.057309, 34.431559], [134.053521, 34.424013], [134.053363, 34.421551], [134.054208, 34.423061], [134.054412, 34.421613], [134.054415, 34.421604]]]}, "properties": {"A27_001": "37201", "A27_002": "高松市立", "A27_003": "B137220100274", "A27_004": "男木小学校", "A27_005": "高松市男木町165"}}, {"type": "Feature", "geometry": {"type": "Polygon", "coordinates": [[[134.036855, 34.386379], [134.036054, 34.382027], [134.03945, 34.379414], [134.042711, 34.381398], [134.048761, 34.389569], [134.052001, 34.388928], [134.053731, 34.3902], [134.056799, 34.397387], [134.055462, 34.403704], [134.056672, 34.407476], [134.053686, 34.40937], [134.050721, 34.40824], [134.044342, 34.394666], [134.036873, 34.386389], [134.036855, 34.386379]]]}, "properties": {"A27_001": "37201", "A27_002": "高松市立", "A27_003": "B137220100265", "A27_004": "女木小学校", "A27_005": "高松市女木町236-2"}}, {"type": "Feature", "geometry": {"type": "Polygon", "coordinates": [[[133.976777, 34.296102], [133.969918, 34.294056], [133.960915, 34.295058], [133.960822, 34.296792], [133.957884, 34.296824], [133.94834, 34.29545], [133.944341, 34.29261], [133.94385, 34.295547], [133.947658, 34.296832], [133.939404, 34.297194], [133.938728, 34.294189], [133.940503, 34.294137], [133.939278, 34.29306], [133.941848, 34.292164], [133.942817, 34.288461], [133.940949, 34.282689], [133.943796, 34.279326], [133.945059, 34.270515], [133.949832, 34.271332], [133.952567, 34.269187], [133.956331, 34.269271], [133.965782, 34.265742], [133.970384, 34.263429], [133.969093, 34.260216], [133.973052, 34.260949], [133.970916, 34.26219], [133.971916, 34.265212], [133.976368, 34.263633], [133.983862, 34.266132], [133.986048, 34.262342], [133.988073, 34.262175], [133.988251, 34.268334], [133.98124, 34.276364], [133.983193, 34.28077], [133.975895, 34.28573], [133.979161, 34.291833], [133.977089, 34.295721], [133.976777, 34.296102]]]}, "properties": {"A27_001": "37201", "A27_002": "高松市立", "A27_003": "B137220100513", "A27_004": "国分寺南部小学校", "A27_005": "高松市国分寺町福家甲3005"}}, {"type": "Feature", "geometry": {"type": "Polygon", "coordinates": [[[133.965581, 34.331416], [133.96057, 34.336027], [133.955675, 34.335129], [133.951248, 34.32689], [133.953593, 34.325708], [133.953755, 34.323935], [133.951353, 34.323309], [133.94929, 34.324734], [133.947354, 34.322909], [133.942638, 34.325421], [133.941188, 34.321936], [133.930657, 34.320814], [133.929741, 34.318528], [133.925255, 34.315686], [133.926689, 34.312018], [133.928919, 34.312496], [133.932033, 34.306385], [133.939419, 34.300431], [133.939404, 34.297194], [133.947658, 34.296832], [133.94385, 34.295547], [133.944341, 34.29261], [133.94834, 34.29545], [133.957884, 34.296824], [133.960822, 34.296792], [133.960915, 34.295058], [133.969918, 34.294056], [133.976777, 34.296102], [133.97491, 34.298468], [133.981812, 34.31114], [133.978788, 34.317579], [133.974773, 34.320688], [133.974634, 34.323562], [133.965666, 34.331367], [133.965581, 34.331416]]]}, "properties": {"A27_001": "37201", "A27_002": "高松市立", "A27_003": "B137220100504", "A27_004": "国分寺北部小学校", "A27_005": "高松市国分寺町新居1880"}}, {"type": "Feature", "geometry": {"type": "Polygon", "coordinates": [[[134.012762, 34.210822], [134.026163, 34.213467], [134.028533, 34.217782], [134.0352, 34.22075], [134.03633, 34.225197], [134.028686, 34.230846], [134.023997, 34.236649], [134.020964, 34.254069], [134.018692, 34.259187], [134.016852, 34.258158], [134.00944, 34.259318], [134.008102, 34.251408], [134.00216, 34.255183], [133.994811, 34.256475], [133.992056, 34.258546], [133.991633, 34.25608], [133.988279, 34.252903], [133.984499, 34.242193], [133.986951, 34.240733], [133.9894, 34.235467], [133.993003, 34.235464], [133.995126, 34.228526], [134.003639, 34.219094], [134.008771, 34.21698], [134.010219, 34.212679], [134.012774, 34.210845], [134.012762, 34.210822]]]}, "properties": {"A27_001": "37201", "A27_002": "高松市立", "A27_003": "B137220100498", "A27_004": "香南小学校", "A27_005": "高松市香南町横井1008"}}, {"type": "Feature", "geometry": {"type": "Polygon", "coordinates": [[[134.02317, 34.189902], [134.025591, 34.201738], [134.030195, 34.204704], [134.029232, 34.203104], [134.031519, 34.202496], [134.031456, 34.205313], [134.029039, 34.205366], [134.029513, 34.209449], [134.031804, 34.210887], [134.030373, 34.211955], [134.038866, 34.209238], [134.043259, 34.203862], [134.04768, 34.20144], [134.052589, 34.201012], [134.057483, 34.202649], [134.059051, 34.200429], [134.06115, 34.201057], [134.061788, 34.197663], [134.068464, 34.199699], [134.071526, 34.196389], [134.079848, 34.197657], [134.079698, 34.200704], [134.081841, 34.200527], [134.084225, 34.202681], [134.083968, 34.204371], [134.080937, 34.205769], [134.0802, 34.210949], [134.077792, 34.213502], [134.072198, 34.214813], [134.069874, 34.213037], [134.066228, 34.213123], [134.058352, 34.215059], [134.059143, 34.221907], [134.055749, 34.230849], [134.055033, 34.238686], [134.056572, 34.239805], [134.054128, 34.244726], [134.0491, 34.243474], [134.043961, 34.246406], [134.04228, 34.243546], [134.040153, 34.243933], [134.037932, 34.246525], [134.032504, 34.246948], [134.030454, 34.248546], [134.028684, 34.254168], [134.030043, 34.255303], [134.023863, 34.256578], [134.020317, 34.255725], [134.023867, 34.236946], [134.036481, 34.224107], [134.0352, 34.22075], [134.028533, 34.217782], [134.026163, 34.213467], [134.012683, 34.210681], [134.015854, 34.203183], [134.017093, 34.18986], [134.02314, 34.189901], [134.02317, 34.189902]]]}, "properties": {"A27_001": "37201", "A27_002": "高松市立", "A27_003": "B137220100489", "A27_004": "川東小学校", "A27_005": "高松市香川町川東上1865-8"}}, {"type": "Feature", "geometry": {"type": "Polygon", "coordinates": [[[134.030043, 34.255303], [134.028687, 34.25462], [134.029102, 34.252588], [134.032504, 34.246948], [134.037932, 34.246525], [134.041891, 34.243456], [134.043961, 34.246406], [134.0491, 34.243474], [134.052544, 34.244575], [134.054325, 34.253657], [134.055827, 34.254616], [134.053602, 34.254577], [134.053347, 34.257222], [134.055356, 34.271623], [134.051351, 34.266981], [134.050926, 34.268288], [134.048321, 34.263618], [134.042524, 34.263434], [134.044318, 34.26592], [134.044063, 34.27383], [134.038357, 34.271621], [134.032056, 34.27165], [134.032402, 34.269673], [134.034454, 34.268929], [134.035029, 34.263536], [134.03009, 34.255534], [134.030043, 34.255303]]]}, "properties": {"A27_001": "37201", "A27_002": "高松市立", "A27_003": "B137220100470", "A27_004": "浅野小学校", "A27_005": "高松市香川町浅野3088"}}, {"type": "Feature", "geometry": {"type": "Polygon", "coordinates": [[[134.020317, 34.255725], [134.023863, 34.256578], [134.030043, 34.255303], [134.0318, 34.256779], [134.035029, 34.263536], [134.034441, 34.268961], [134.031769, 34.270938], [134.032679, 34.273206], [134.03093, 34.273325], [134.032057, 34.275299], [134.029886, 34.275037], [134.029422, 34.27179], [134.026323, 34.271549], [134.024278, 34.277023], [134.016385, 34.276958], [134.015795, 34.265669], [134.020173, 34.256254], [134.020317, 34.255725]]]}, "properties": {"A27_001": "37201", "A27_002": "高松市立", "A27_003": "B137220100461", "A27_004": "大野小学校", "A27_005": "高松市香川町大野1045-1"}}, {"type": "Feature", "geometry": {"type": "Polygon", "coordinates": [[[134.02317, 34.189902], [134.025693, 34.186423], [134.022664, 34.178469], [134.024227, 34.174239], [134.028841, 34.169644], [134.025413, 34.165517], [134.025611, 34.161025], [134.018213, 34.159096], [134.023294, 34.155344], [134.022401, 34.151815], [134.024584, 34.139662], [134.029687, 34.139771], [134.034334, 34.134694], [134.036064, 34.127124], [134.038704, 34.126935], [134.049885, 34.117416], [134.053198, 34.118116], [134.057447, 34.115985], [134.061166, 34.11112], [134.070918, 34.112713], [134.072275, 34.116031], [134.079556, 34.121137], [134.094484, 34.114591], [134.102824, 34.114958], [134.105974, 34.117128], [134.116122, 34.118149], [134.119498, 34.120333], [134.122311, 34.118773], [134.126843, 34.123041], [134.129855, 34.123747], [134.132682, 34.129563], [134.139314, 34.134082], [134.136373, 34.150281], [134.128207, 34.152689], [134.122166, 34.167784], [134.115388, 34.176182], [134.112568, 34.177342], [134.114373, 34.180667], [134.109693, 34.183378], [134.107968, 34.187051], [134.102869, 34.182836], [134.098412, 34.182514], [134.095654, 34.185213], [134.094442, 34.190234], [134.088278, 34.198323], [134.086733, 34.198308], [134.084763, 34.202697], [134.079698, 34.200704], [134.079848, 34.197657], [134.071526, 34.196389], [134.068464, 34.199699], [134.061788, 34.197663], [134.06115, 34.201057], [134.059051, 34.200429], [134.057483, 34.202649], [134.052589, 34.201012], [134.04768, 34.20144], [134.043259, 34.203862], [134.038866, 34.209238], [134.030373, 34.211955], [134.031804, 34.210887], [134.029513, 34.209449], [134.029039, 34.205366], [134.031456, 34.205313], [134.031519, 34.202496], [134.029232, 34.203104], [134.030195, 34.204704], [134.025591, 34.201738], [134.023128, 34.189976], [134.02317, 34.189902]]]}, "properties": {"A27_001": "37201", "A27_002": "高松市立", "A27_003": "B137220100452", "A27_004": "塩江小学校", "A27_005": "高松市塩江町安原上231-1"}}, {"type": "Feature", "geometry": {"type": "Polygon", "coordinates": [[[134.104077, 34.41161], [134.105688, 34.409299], [134.105151, 34.405117], [134.101423, 34.404787], [134.098263, 34.401051], [134.10764, 34.401231], [134.11188, 34.404548], [134.107244, 34.410607], [134.108064, 34.413723], [134.105156, 34.414947], [134.103509, 34.413422], [134.103963, 34.411672], [134.104077, 34.41161]]]}, "properties": {"A27_001": "37201", "A27_002": "高松市立", "A27_003": "B137220100443", "A27_004": "庵治第二小学校", "A27_005": "高松市庵治町6034-1"}}, {"type": "Feature", "geometry": {"type": "Polygon", "coordinates": [[[134.144375, 34.35634], [134.148563, 34.354409], [134.152538, 34.356392], [134.160123, 34.354298], [134.157007, 34.364908], [134.160875, 34.369378], [134.160975, 34.37343], [134.164523, 34.375234], [134.163874, 34.382596], [134.160141, 34.388812], [134.152083, 34.391741], [134.140544, 34.398837], [134.132574, 34.399933], [134.126202, 34.395899], [134.12105, 34.398503], [134.119388, 34.397091], [134.119552, 34.39475], [134.121957, 34.39059], [134.12734, 34.3914], [134.128991, 34.386965], [134.127511, 34.385605], [134.125029, 34.387272], [134.123784, 34.379659], [134.120652, 34.376772], [134.117248, 34.377602], [134.116351, 34.376376], [134.119131, 34.362679], [134.124723, 34.360663], [134.123917, 34.363119], [134.126179, 34.363082], [134.130681, 34.366701], [134.141792, 34.360795], [134.144365, 34.356339], [134.144375, 34.35634]]]}, "properties": {"A27_001": "37201", "A27_002": "高松市立", "A27_003": "B137220100434", "A27_004": "庵治小学校", "A27_005": "高松市庵治町790-1"}}, {"type": "Feature", "geometry": {"type": "Polygon", "coordinates": [[[134.129444, 34.329456], [134.128793, 34.324428], [134.131383, 34.319974], [134.130044, 34.317295], [134.133453, 34.314366], [134.137111, 34.313113], [134.141888, 34.314715], [134.149327, 34.313486], [134.153594, 34.310726], [134.156285, 34.311134], [134.164787, 34.322258], [134.165728, 34.326067], [134.158914, 34.331806], [134.159019, 34.334927], [134.154819, 34.338876], [134.156035, 34.339405], [134.154508, 34.341003], [134.15585, 34.342707], [134.153356, 34.343482], [134.155536, 34.345317], [134.157165, 34.344385], [134.157816, 34.350377], [134.159498, 34.351099], [134.160075, 34.354255], [134.152538, 34.356392], [134.148563, 34.354409], [134.144375, 34.35634], [134.143544, 34.343719], [134.146311, 34.342625], [134.146542, 34.339906], [134.142872, 34.338614], [134.142341, 34.336966], [134.14545, 34.336888], [134.14766, 34.332572], [134.143529, 34.330958], [134.142922, 34.328942], [134.139942, 34.328755], [134.13867, 34.324169], [134.137617, 34.327938], [134.134696, 34.329107], [134.133701, 34.327567], [134.132937, 34.329193], [134.129988, 34.329468], [134.129444, 34.329456]]]}, "properties": {"A27_001": "37201", "A27_002": "高松市立", "A27_003": "B137220100425", "A27_004": "牟礼南小学校", "A27_005": "高松市牟礼町大町1115-1"}}, {"type": "Feature", "geometry": {"type": "Polygon", "coordinates": [[[133.833817, 34.184633], [133.83608, 34.185179], [133.835088, 34.188599], [133.832209, 34.191368], [133.828644, 34.200299], [133.816455, 34.195435], [133.818711, 34.194713], [133.820496, 34.190582], [133.825243, 34.187186], [133.83174, 34.185081], [133.833817, 34.184633]]]}, "properties": {"A27_001": "37403", "A27_002": "琴平町立", "A27_003": "B137240300038", "A27_004": "榎井小学校", "A27_005": "仲多度郡琴平町榎井58-3"}}, {"type": "Feature", "geometry": {"type": "Polygon", "coordinates": [[[133.818052, 34.196397], [133.820459, 34.196361], [133.832155, 34.202854], [133.827538, 34.205951], [133.821643, 34.205376], [133.820101, 34.207749], [133.81811, 34.206955], [133.820118, 34.209838], [133.818731, 34.211752], [133.82013, 34.21357], [133.814065, 34.222692], [133.806863, 34.219661], [133.805796, 34.220699], [133.805769, 34.218316], [133.803988, 34.217007], [133.807646, 34.213576], [133.806897, 34.210908], [133.809047, 34.209647], [133.813069, 34.199559], [133.816079, 34.195651], [133.817687, 34.196306], [133.818052, 34.196397]]]}, "properties": {"A27_001": "37403", "A27_002": "琴平町立", "A27_003": "B137240300029", "A27_004": "象郷小学校", "A27_005": "仲多度郡琴平町上櫛梨26"}}, {"type": "Feature", "geometry": {"type": "Polygon", "coordinates": [[[133.814837, 34.19719], [133.813908, 34.193079], [133.812572, 34.194791], [133.810011, 34.194238], [133.800132, 34.187986], [133.808364, 34.181267], [133.809579, 34.17827], [133.816123, 34.175104], [133.822012, 34.175014], [133.824528, 34.180722], [133.82734, 34.182177], [133.831097, 34.181444], [133.833817, 34.184633], [133.826226, 34.186521], [133.818312, 34.196168], [133.816455, 34.195435], [133.815303, 34.196632], [133.814837, 34.19719]]]}, "properties": {"A27_001": "37403", "A27_002": "琴平町立", "A27_003": "B137240300010", "A27_004": "琴平小学校", "A27_005": "仲多度郡琴平町琴平145-1"}}, {"type": "Feature", "geometry": {"type": "Polygon", "coordinates": [[[133.701956, 34.195479], [133.692292, 34.206481], [133.693637, 34.207319], [133.690542, 34.212249], [133.680487, 34.212095], [133.679483, 34.210275], [133.678893, 34.212112], [133.67399, 34.21162], [133.667641, 34.20852], [133.670721, 34.19625], [133.670293, 34.191849], [133.67239, 34.1909], [133.67325, 34.188296], [133.669562, 34.185478], [133.66938, 34.183654], [133.682562, 34.187269], [133.690323, 34.186777], [133.693996, 34.191424], [133.705169, 34.190544], [133.701994, 34.195411], [133.701956, 34.195479]]]}, "properties": {"A27_001": "37208", "A27_002": "三豊市立", "A27_003": "B137220800099", "A27_004": "吉津小学校", "A27_005": "三豊市三野町吉津乙1485-1"}}, {"type": "Feature", "geometry": {"type": "Polygon", "coordinates": [[[133.739566, 34.212922], [133.731828, 34.206209], [133.72191, 34.205017], [133.718853, 34.201787], [133.714115, 34.204779], [133.714682, 34.20585], [133.708541, 34.208419], [133.706719, 34.211132], [133.700973, 34.210854], [133.699089, 34.214227], [133.687885, 34.212394], [133.690542, 34.212249], [133.693637, 34.207319], [133.692292, 34.206481], [133.700975, 34.19581], [133.703451, 34.19646], [133.705061, 34.194568], [133.709042, 34.196243], [133.711115, 34.195526], [133.716551, 34.201365], [133.719472, 34.200647], [133.720935, 34.202173], [133.720879, 34.200401], [133.723179, 34.202094], [133.728621, 34.200292], [133.730953, 34.201361], [133.733667, 34.205337], [133.737561, 34.207551], [133.739693, 34.212864], [133.739566, 34.212922]]]}, "properties": {"A27_001": "37208", "A27_002": "三豊市立", "A27_003": "B137220800080", "A27_004": "下高瀬小学校", "A27_005": "三豊市三野町下高瀬760-1"}}, {"type": "Feature", "geometry": {"type": "Polygon", "coordinates": [[[133.699621, 34.213762], [133.700973, 34.210854], [133.706719, 34.211132], [133.708541, 34.208419], [133.714682, 34.20585], [133.714115, 34.204779], [133.718853, 34.201787], [133.72191, 34.205017], [133.731828, 34.206209], [133.739566, 34.212922], [133.72658, 34.227336], [133.728615, 34.232809], [133.726615, 34.233843], [133.723624, 34.231023], [133.719251, 34.230117], [133.708857, 34.240911], [133.70459, 34.239402], [133.69963, 34.234506], [133.704663, 34.229633], [133.704469, 34.225663], [133.701957, 34.223235], [133.702462, 34.217371], [133.703977, 34.21623], [133.700439, 34.213953], [133.699621, 34.213762]]]}, "properties": {"A27_001": "37208", "A27_002": "三豊市立", "A27_003": "B137220800071", "A27_004": "大見小学校", "A27_005": "三豊市三野町大見甲3034-4"}}, {"type": "Feature", "geometry": {"type": "Polygon", "coordinates": [[[133.71214, 34.128781], [133.710201, 34.12516], [133.712483, 34.124163], [133.711496, 34.119152], [133.71312, 34.118495], [133.710714, 34.118091], [133.712989, 34.114771], [133.709784, 34.116297], [133.712967, 34.113168], [133.712879, 34.111064], [133.711102, 34.105463], [133.70849, 34.104922], [133.71037, 34.10269], [133.712784, 34.103779], [133.716665, 34.102332], [133.714767, 34.095459], [133.717642, 34.091436], [133.717064, 34.087739], [133.721966, 34.089396], [133.726794, 34.088134], [133.729962, 34.083852], [133.732244, 34.084012], [133.73099, 34.079578], [133.733745, 34.074934], [133.733807, 34.063178], [133.73844, 34.057643], [133.740451, 34.050192], [133.741831, 34.050505], [133.756992, 34.059586], [133.763576, 34.0688], [133.763503, 34.069919], [133.761457, 34.068833], [133.756343, 34.070272], [133.753618, 34.072676], [133.742104, 34.093632], [133.743836, 34.096868], [133.743027, 34.099059], [133.74457, 34.09978], [133.743049, 34.104232], [133.748056, 34.110456], [133.743632, 34.115473], [133.743445, 34.122126], [133.744547, 34.123014], [133.749993, 34.119391], [133.757098, 34.123599], [133.758556, 34.122402], [133.765592, 34.125197], [133.768919, 34.12392], [133.77255, 34.129299], [133.780356, 34.134132], [133.784332, 34.134849], [133.802694, 34.152661], [133.800644, 34.156369], [133.803871, 34.163306], [133.80329, 34.166495], [133.795801, 34.161189], [133.787822, 34.160562], [133.781713, 34.156482], [133.775907, 34.158107], [133.774799, 34.155594], [133.765616, 34.153839], [133.767208, 34.148878], [133.766004, 34.145634], [133.753838, 34.13839], [133.750408, 34.138753], [133.748255, 34.134335], [133.74453, 34.133734], [133.739259, 34.128659], [133.736125, 34.13176], [133.728037, 34.133218], [133.723211, 34.137687], [133.717723, 34.132396], [133.714769, 34.132346], [133.71262, 34.128781], [133.71214, 34.128781]]]}, "properties": {"A27_001": "37208", "A27_002": "三豊市立", "A27_003": "B137220800062", "A27_004": "山本小学校", "A27_005": "三豊市山本町大野6-1"}}, {"type": "Feature", "geometry": {"type": "Polygon", "coordinates": [[[133.800132, 34.187986], [133.796064, 34.188794], [133.785624, 34.198504], [133.777386, 34.196216], [133.773026, 34.199076], [133.763901, 34.199753], [133.756223, 34.197773], [133.749857, 34.189389], [133.746729, 34.188699], [133.747089, 34.187119], [133.744563, 34.185477], [133.740969, 34.185157], [133.743366, 34.171188], [133.745774, 34.169372], [133.753222, 34.169445], [133.75628, 34.167096], [133.756619, 34.161732], [133.75971, 34.158387], [133.765616, 34.153839], [133.768582, 34.153663], [133.771339, 34.155574], [133.774799, 34.155594], [133.775907, 34.158107], [133.781713, 34.156482], [133.787822, 34.160562], [133.795801, 34.161189], [133.803227, 34.165598], [133.803058, 34.171851], [133.806486, 34.175799], [133.807121, 34.181944], [133.800392, 34.187997], [133.800132, 34.187986]]]}, "properties": {"A27_001": "37208", "A27_002": "三豊市立", "A27_003": "B137220800053", "A27_004": "麻小学校", "A27_005": "三豊市高瀬町上麻3868"}}, {"type": "Feature", "geometry": {"type": "Polygon", "coordinates": [[[133.765616, 34.153839], [133.756619, 34.161732], [133.75628, 34.167096], [133.752889, 34.169622], [133.745774, 34.169372], [133.743366, 34.171188], [133.738247, 34.166659], [133.731935, 34.167027], [133.728549, 34.160789], [133.722672, 34.15642], [133.725125, 34.153843], [133.722267, 34.148834], [133.718196, 34.145956], [133.719673, 34.144592], [133.719463, 34.140852], [133.721693, 34.139058], [133.720133, 34.136821], [133.72186, 34.135824], [133.72329, 34.137675], [133.728037, 34.133218], [133.736125, 34.13176], [133.739259, 34.128659], [133.74453, 34.133734], [133.748255, 34.134335], [133.750408, 34.138753], [133.753838, 34.13839], [133.766004, 34.145634], [133.767208, 34.148878], [133.765736, 34.15378], [133.765616, 34.153839]]]}, "properties": {"A27_001": "37208", "A27_002": "三豊市立", "A27_003": "B137220800044", "A27_004": "二ノ宮小学校", "A27_005": "三豊市高瀬町佐股甲1497-1"}}, {"type": "Feature", "geometry": {"type": "Polygon", "coordinates": [[[133.667842, 34.174056], [133.670887, 34.175769], [133.684911, 34.169908], [133.685748, 34.173975], [133.690999, 34.171863], [133.697317, 34.175903], [133.700824, 34.174579], [133.704546, 34.170512], [133.707482, 34.170019], [133.707649, 34.173691], [133.711259, 34.180277], [133.708587, 34.181644], [133.711236, 34.182839], [133.709913, 34.183562], [133.710019, 34.187114], [133.704401, 34.191866], [133.705169, 34.190544], [133.693996, 34.191424], [133.690323, 34.186777], [133.682562, 34.187269], [133.667268, 34.183489], [133.666, 34.177372], [133.667707, 34.174108], [133.667842, 34.174056]]]}, "properties": {"A27_001": "37208", "A27_002": "三豊市立", "A27_003": "B137220800035", "A27_004": "比地小学校", "A27_005": "三豊市高瀬町比地93-1"}}, {"type": "Feature", "geometry": {"type": "Polygon", "coordinates": [[[133.711259, 34.180277], [133.707649, 34.173691], [133.707698, 34.1701], [133.711211, 34.167193], [133.717, 34.165704], [133.722672, 34.15642], [133.728549, 34.160789], [133.731935, 34.167027], [133.738247, 34.166659], [133.743366, 34.171188], [133.740969, 34.185157], [133.739867, 34.182307], [133.738049, 34.183946], [133.735017, 34.183242], [133.731236, 34.184662], [133.725628, 34.183286], [133.722151, 34.179898], [133.716227, 34.18352], [133.71399, 34.183537], [133.711861, 34.181061], [133.711259, 34.180277]]]}, "properties": {"A27_001": "37208", "A27_002": "三豊市立", "A27_003": "B137220800026", "A27_004": "勝間小学校", "A27_005": "三豊市高瀬町下勝間803-1"}}, {"type": "Feature", "geometry": {"type": "Polygon", "coordinates": [[[133.740177, 34.212705], [133.737561, 34.207551], [133.728705, 34.200309], [133.723179, 34.202094], [133.720879, 34.200401], [133.72084, 34.202173], [133.719472, 34.200647], [133.716551, 34.201365], [133.710238, 34.195045], [133.709042, 34.196243], [133.705061, 34.194568], [133.703451, 34.19646], [133.701878, 34.195615], [133.710019, 34.187114], [133.709913, 34.183562], [133.711236, 34.182839], [133.708587, 34.181644], [133.711259, 34.180277], [133.71399, 34.183537], [133.716227, 34.18352], [133.722151, 34.179898], [133.725628, 34.183286], [133.731236, 34.184662], [133.735017, 34.183242], [133.738049, 34.183946], [133.739867, 34.182307], [133.740949, 34.185159], [133.744563, 34.185477], [133.747089, 34.187119], [133.746729, 34.188699], [133.749857, 34.189389], [133.756304, 34.197798], [133.755872, 34.203389], [133.753491, 34.204066], [133.749989, 34.208691], [133.75, 34.211494], [133.740208, 34.212695], [133.740177, 34.212705]]]}, "properties": {"A27_001": "37208", "A27_002": "三豊市立", "A27_003": "B137220800017", "A27_004": "上高瀬小学校", "A27_005": "三豊市高瀬町上高瀬783-2"}}, {"type": "Feature", "geometry": {"type": "MultiPolygon", "coordinates": [[[[134.00179, 34.460672], [134.009355, 34.46809], [134.009913, 34.471312], [134.004157, 34.469182], [134.004184, 34.473233], [133.998577, 34.469883], [133.999849, 34.462456], [134.001703, 34.46067], [134.00179, 34.460672]]], [[[133.98828, 34.466973], [133.993028, 34.461851], [133.993482, 34.464527], [133.9883, 34.467042], [133.98828, 34.466973]]], [[[133.970459, 34.49883], [133.971434, 34.495772], [133.973314, 34.498674], [133.971837, 34.502109], [133.970103, 34.501517], [133.970476, 34.498847], [133.970459, 34.49883]]], [[[134.000696, 34.443587], [134.008961, 34.447566], [134.012579, 34.453491], [134.010703, 34.45436], [134.001943, 34.450926], [134.001883, 34.453113], [133.999914, 34.453921], [134.001089, 34.456976], [133.999405, 34.461007], [133.996581, 34.461342], [133.993843, 34.464665], [133.993104, 34.461693], [133.990058, 34.462908], [133.988679, 34.467642], [133.983126, 34.471974], [133.982533, 34.476861], [133.978906, 34.476572], [133.972429, 34.473051], [133.969528, 34.478503], [133.965769, 34.477013], [133.965474, 34.470182], [133.967674, 34.468824], [133.966897, 34.466475], [133.969307, 34.46103], [133.975787, 34.456336], [133.975244, 34.453282], [133.97326, 34.452626], [133.976282, 34.449017], [133.978468, 34.450211], [133.980441, 34.447078], [133.987539, 34.446639], [133.991322, 34.442396], [133.993952, 34.446475], [134.000681, 34.443593], [134.000696, 34.443587]]]]}, "properties": {"A27_001": "37364", "A27_002": "直島町立", "A27_003": "B137236400017", "A27_004": "直島小学校", "A27_005": "香川郡直島町1600"}}, {"type": "Feature", "geometry": {"type": "Polygon", "coordinates": [[[134.199749, 34.482575], [134.202308, 34.481549], [134.201945, 34.480036], [134.207413, 34.483212], [134.212514, 34.481515], [134.2151, 34.478432], [134.214128, 34.476492], [134.216249, 34.47314], [134.221967, 34.478693], [134.226772, 34.480882], [134.233349, 34.476694], [134.232318, 34.474014], [134.229421, 34.472402], [134.229292, 34.469004], [134.235977, 34.470554], [134.23853, 34.465755], [134.23629, 34.464929], [134.236168, 34.463103], [134.241293, 34.462851], [134.242876, 34.458787], [134.237782, 34.455775], [134.239261, 34.450317], [134.236032, 34.447802], [134.234856, 34.444336], [134.227484, 34.44256], [134.223437, 34.438367], [134.226845, 34.436559], [134.236136, 34.438285], [134.238243, 34.432083], [134.235409, 34.429497], [134.232752, 34.432255], [134.232632, 34.428222], [134.22575, 34.426757], [134.22458, 34.424998], [134.229035, 34.420856], [134.231356, 34.414989], [134.239278, 34.415254], [134.245719, 34.418647], [134.251351, 34.424315], [134.246871, 34.426627], [134.246747, 34.430084], [134.251606, 34.43601], [134.251223, 34.43925], [134.256672, 34.442278], [134.25793, 34.445891], [134.26282, 34.449326], [134.259617, 34.454694], [134.267199, 34.463969], [134.267686, 34.467403], [134.259315, 34.471505], [134.265077, 34.470958], [134.26522, 34.481117], [134.266822, 34.485347], [134.27629, 34.492097], [134.278986, 34.498899], [134.28373, 34.502354], [134.283453, 34.510186], [134.274713, 34.515474], [134.265521, 34.511764], [134.259173, 34.512649], [134.261221, 34.515822], [134.260758, 34.517787], [134.257221, 34.518199], [134.252261, 34.511971], [134.259258, 34.509629], [134.259601, 34.508148], [134.25753, 34.506857], [134.252924, 34.506638], [134.250844, 34.50931], [134.245556, 34.508707], [134.240666, 34.511689], [134.236715, 34.510609], [134.232797, 34.508116], [134.231312, 34.503059], [134.227146, 34.502747], [134.227533, 34.500355], [134.223603, 34.494969], [134.208408, 34.489248], [134.201778, 34.488532], [134.19975, 34.482579], [134.199749, 34.482575]]]}, "properties": {"A27_001": "37324", "A27_002": "小豆島町立", "A27_003": "B137232400043", "A27_004": "池田小学校", "A27_005": "小豆郡小豆島町池田1760"}}, {"type": "Feature", "geometry": {"type": "Polygon", "coordinates": [[[134.311924, 34.476125], [134.314599, 34.47434], [134.312964, 34.472933], [134.317719, 34.471019], [134.315979, 34.470465], [134.317467, 34.464415], [134.31551, 34.464878], [134.315417, 34.463755], [134.317869, 34.463077], [134.31481, 34.462502], [134.316545, 34.459621], [134.312344, 34.460085], [134.307522, 34.463207], [134.301035, 34.459656], [134.296504, 34.463331], [134.294818, 34.460912], [134.28984, 34.462326], [134.284304, 34.460793], [134.283155, 34.45691], [134.284452, 34.452544], [134.287189, 34.45014], [134.286717, 34.447526], [134.284171, 34.445774], [134.280768, 34.448614], [134.278326, 34.448264], [134.278326, 34.446787], [134.284126, 34.441977], [134.286864, 34.446027], [134.292328, 34.446914], [134.298272, 34.450361], [134.301803, 34.457294], [134.304014, 34.457886], [134.306804, 34.455347], [134.311155, 34.455777], [134.313773, 34.454414], [134.319539, 34.457957], [134.325244, 34.450886], [134.324764, 34.449358], [134.329981, 34.445734], [134.329111, 34.442634], [134.332681, 34.435668], [134.33798, 34.433142], [134.340221, 34.437984], [134.335343, 34.447873], [134.337204, 34.451061], [134.343312, 34.453402], [134.348834, 34.460068], [134.350724, 34.467811], [134.352711, 34.470109], [134.3512, 34.472659], [134.35395, 34.477693], [134.345184, 34.475084], [134.344419, 34.478128], [134.342107, 34.479745], [134.339325, 34.478459], [134.3346, 34.479266], [134.327855, 34.476241], [134.320119, 34.478973], [134.313626, 34.476676], [134.311924, 34.476125]]]}, "properties": {"A27_001": "37324", "A27_002": "小豆島町立", "A27_003": "B137232400034", "A27_004": "苗羽小学校", "A27_005": "小豆郡小豆島町苗羽甲1371-1"}}, {"type": "Feature", "geometry": {"type": "Polygon", "coordinates": [[[134.353479, 34.477852], [134.348459, 34.478785], [134.347007, 34.482536], [134.34384, 34.482731], [134.342701, 34.488291], [134.344785, 34.491106], [134.345969, 34.490042], [134.351969, 34.491734], [134.350629, 34.498388], [134.347635, 34.499841], [134.347515, 34.502691], [134.350264, 34.506326], [134.354059, 34.507167], [134.355897, 34.510319], [134.35619, 34.519896], [134.354699, 34.523476], [134.359891, 34.52889], [134.360089, 34.533591], [134.356331, 34.535664], [134.355383, 34.53907], [134.351497, 34.53837], [134.345025, 34.540707], [134.343871, 34.545165], [134.347776, 34.546477], [134.34782, 34.55095], [134.350007, 34.551566], [134.354588, 34.557561], [134.362939, 34.557644], [134.366675, 34.561313], [134.356255, 34.560926], [134.353818, 34.557657], [134.34763, 34.555758], [134.344993, 34.55805], [134.346798, 34.559864], [134.345784, 34.560271], [134.349645, 34.560368], [134.35097, 34.563876], [134.344799, 34.564463], [134.337131, 34.562205], [134.332459, 34.563196], [134.328888, 34.555993], [134.322855, 34.553156], [134.322347, 34.550097], [134.319325, 34.547787], [134.320136, 34.543477], [134.310474, 34.519086], [134.317624, 34.515512], [134.316752, 34.507674], [134.314541, 34.50425], [134.31501, 34.496431], [134.311479, 34.488116], [134.312679, 34.481928], [134.310239, 34.477437], [134.311924, 34.476125], [134.320119, 34.478973], [134.327855, 34.476241], [134.3346, 34.479266], [134.339325, 34.478459], [134.342262, 34.479737], [134.345184, 34.475084], [134.353378, 34.477781], [134.353479, 34.477852]]]}, "properties": {"A27_001": "37324", "A27_002": "小豆島町立", "A27_003": "B137232400025", "A27_004": "安田小学校", "A27_005": "小豆郡小豆島町安田甲472-1"}}, {"type": "Feature", "geometry": {"type": "Polygon", "coordinates": [[[134.267686, 34.467403], [134.26947, 34.468961], [134.275925, 34.468813], [134.279689, 34.471474], [134.282823, 34.470929], [134.292511, 34.475963], [134.29616, 34.479659], [134.300939, 34.476601], [134.300445, 34.478868], [134.303834, 34.476851], [134.310239, 34.477437], [134.312679, 34.481928], [134.311479, 34.488116], [134.31501, 34.496431], [134.314541, 34.50425], [134.316752, 34.507674], [134.317624, 34.515512], [134.310474, 34.519086], [134.311853, 34.522845], [134.305421, 34.522967], [134.302462, 34.518087], [134.299949, 34.51771], [134.2873, 34.517734], [134.279259, 34.519449], [134.278119, 34.513239], [134.283412, 34.510294], [134.28373, 34.502354], [134.278986, 34.498899], [134.27629, 34.492097], [134.266862, 34.485417], [134.26522, 34.481117], [134.265077, 34.470958], [134.259315, 34.471505], [134.267601, 34.467436], [134.267686, 34.467403]]]}, "properties": {"A27_001": "37324", "A27_002": "小豆島町立", "A27_003": "B137232400016", "A27_004": "星城小学校", "A27_005": "小豆郡小豆島町草壁本町632-1"}}, {"type": "Feature", "geometry": {"type": "Polygon", "coordinates": [[[133.763503, 34.069919], [133.768508, 34.073329], [133.772575, 34.072625], [133.77697, 34.075712], [133.778259, 34.079341], [133.782326, 34.080185], [133.787227, 34.078027], [133.791841, 34.078122], [133.790132, 34.075586], [133.797828, 34.06976], [133.814129, 34.073341], [133.817691, 34.072237], [133.820142, 34.073873], [133.818466, 34.079492], [133.823577, 34.086092], [133.822258, 34.093831], [133.818586, 34.100833], [133.820212, 34.109455], [133.815707, 34.120687], [133.818411, 34.128676], [133.816836, 34.131511], [133.817552, 34.136762], [133.815829, 34.142389], [133.817236, 34.146673], [133.813267, 34.148799], [133.811273, 34.152139], [133.812176, 34.157604], [133.808498, 34.157239], [133.802728, 34.152978], [133.784332, 34.134849], [133.780356, 34.134132], [133.77255, 34.129299], [133.768919, 34.12392], [133.765592, 34.125197], [133.758556, 34.122402], [133.757098, 34.123599], [133.749993, 34.119391], [133.744547, 34.123014], [133.743445, 34.122126], [133.743632, 34.115473], [133.748056, 34.110456], [133.743049, 34.104232], [133.74457, 34.09978], [133.743027, 34.099059], [133.743836, 34.096868], [133.742104, 34.093632], [133.753618, 34.072676], [133.758995, 34.06943], [133.763387, 34.069887], [133.763503, 34.069919]]]}, "properties": {"A27_001": "37208", "A27_002": "三豊市立", "A27_003": "B137220800197", "A27_004": "財田小学校", "A27_005": "三豊市財田町財田中5325-1"}}, {"type": "Feature", "geometry": {"type": "Polygon", "coordinates": [[[133.687122, 34.136287], [133.685144, 34.137191], [133.689366, 34.1397], [133.687539, 34.142554], [133.689282, 34.145216], [133.686593, 34.146487], [133.68898, 34.146963], [133.689718, 34.150783], [133.693646, 34.152797], [133.693489, 34.160791], [133.681761, 34.165735], [133.66365, 34.17051], [133.661836, 34.165509], [133.668302, 34.158472], [133.665723, 34.155012], [133.668956, 34.14356], [133.686502, 34.136497], [133.687122, 34.136287]]]}, "properties": {"A27_001": "37208", "A27_002": "三豊市立", "A27_003": "B137220800106", "A27_004": "桑山小学校", "A27_005": "三豊市豊中町岡本188-1"}}, {"type": "Feature", "geometry": {"type": "Polygon", "coordinates": [[[133.645873, 34.182948], [133.645067, 34.180652], [133.647362, 34.178977], [133.647839, 34.171603], [133.646312, 34.164311], [133.655959, 34.161911], [133.661836, 34.165509], [133.663292, 34.17021], [133.667628, 34.172679], [133.666376, 34.179024], [133.646874, 34.181808], [133.645873, 34.182948]]]}, "properties": {"A27_001": "37208", "A27_002": "三豊市立", "A27_003": "B137220800188", "A27_004": "曽保小学校", "A27_005": "三豊市仁尾町仁尾甲1082"}}, {"type": "Feature", "geometry": {"type": "MultiPolygon", "coordinates": [[[[133.619708, 34.219176], [133.622276, 34.215183], [133.620572, 34.213224], [133.623771, 34.211846], [133.62629, 34.213897], [133.634858, 34.210094], [133.635008, 34.206377], [133.636806, 34.205487], [133.633665, 34.203695], [133.634494, 34.202374], [133.638271, 34.205273], [133.641894, 34.204804], [133.649042, 34.193284], [133.649409, 34.1863], [133.64581, 34.183801], [133.646874, 34.181808], [133.666376, 34.179024], [133.667232, 34.183447], [133.66938, 34.183654], [133.669562, 34.185478], [133.672855, 34.187477], [133.67239, 34.1909], [133.670293, 34.191849], [133.670721, 34.19625], [133.667588, 34.208245], [133.665293, 34.211149], [133.661766, 34.21152], [133.645157, 34.2221], [133.642778, 34.220564], [133.641514, 34.222611], [133.636186, 34.224793], [133.632788, 34.220005], [133.627542, 34.219142], [133.621294, 34.221216], [133.619952, 34.21947], [133.619708, 34.219176]]], [[[133.635578, 34.199475], [133.643748, 34.19143], [133.648565, 34.193552], [133.640719, 34.2053], [133.635344, 34.199808], [133.635578, 34.199475]]]]}, "properties": {"A27_001": "37208", "A27_002": "三豊市立", "A27_003": "B137220800179", "A27_004": "仁尾小学校", "A27_005": "三豊市仁尾町仁尾丙1736"}}, {"type": "Feature", "geometry": {"type": "Polygon", "coordinates": [[[133.687885, 34.212394], [133.700439, 34.213953], [133.703977, 34.21623], [133.701957, 34.223235], [133.704469, 34.225663], [133.704663, 34.229633], [133.69963, 34.234506], [133.693018, 34.229768], [133.694545, 34.232502], [133.698518, 34.234098], [133.694693, 34.236951], [133.687971, 34.236386], [133.687725, 34.224926], [133.686223, 34.224953], [133.684775, 34.21901], [133.687874, 34.212391], [133.687885, 34.212394]]]}, "properties": {"A27_001": "37208", "A27_002": "三豊市立", "A27_003": "B137220800160", "A27_004": "松崎小学校", "A27_005": "三豊市詫間町松崎722"}}, {"type": "Feature", "geometry": {"type": "MultiPolygon", "coordinates": [[[[133.681178, 34.269317], [133.684284, 34.270292], [133.682214, 34.272853], [133.674847, 34.274429], [133.669875, 34.270709], [133.671396, 34.268589], [133.676355, 34.269383], [133.678442, 34.267511], [133.681209, 34.267574], [133.681094, 34.269238], [133.681178, 34.269317]]], [[[133.626301, 34.270703], [133.617808, 34.2658], [133.619478, 34.263067], [133.617299, 34.259089], [133.619783, 34.258722], [133.620299, 34.25591], [133.622644, 34.256022], [133.624825, 34.260839], [133.628606, 34.261227], [133.633602, 34.269694], [133.637669, 34.268965], [133.63923, 34.269701], [133.638784, 34.271237], [133.641263, 34.271887], [133.651077, 34.26761], [133.655011, 34.270497], [133.652315, 34.275584], [133.656701, 34.280623], [133.650149, 34.279199], [133.647544, 34.281093], [133.644474, 34.278098], [133.645047, 34.27535], [133.641324, 34.272581], [133.635286, 34.27267], [133.628598, 34.278345], [133.632111, 34.282066], [133.630953, 34.285653], [133.623837, 34.28669], [133.620794, 34.281292], [133.624638, 34.278163], [133.627757, 34.277881], [133.626328, 34.270723], [133.626301, 34.270703]]], [[[133.686223, 34.224953], [133.68597, 34.233058], [133.681576, 34.233912], [133.681064, 34.232268], [133.679565, 34.23255], [133.676516, 34.223165], [133.674139, 34.221924], [133.671098, 34.223292], [133.674017, 34.224536], [133.676134, 34.228516], [133.678248, 34.236307], [133.675205, 34.236916], [133.672287, 34.22689], [133.668259, 34.225326], [133.671189, 34.226897], [133.666762, 34.234354], [133.668141, 34.233982], [133.670241, 34.240494], [133.6745, 34.242945], [133.672701, 34.246952], [133.67104, 34.247117], [133.670887, 34.244447], [133.666727, 34.240549], [133.657932, 34.239027], [133.654212, 34.234929], [133.654627, 34.233637], [133.647634, 34.232851], [133.633815, 34.238829], [133.628728, 34.237328], [133.626269, 34.238146], [133.624974, 34.236231], [133.621556, 34.235592], [133.61853, 34.237334], [133.617061, 34.236568], [133.618406, 34.237415], [133.616334, 34.242991], [133.61825, 34.244566], [133.614492, 34.246135], [133.612609, 34.25045], [133.591171, 34.255437], [133.588646, 34.259082], [133.59149, 34.260677], [133.580849, 34.260621], [133.574571, 34.262971], [133.574176, 34.264993], [133.572229, 34.265566], [133.562504, 34.263297], [133.559946, 34.264492], [133.556892, 34.261725], [133.574495, 34.257983], [133.575792, 34.254749], [133.574245, 34.255019], [133.573556, 34.252059], [133.57669, 34.252728], [133.579339, 34.250895], [133.579731, 34.248703], [133.575973, 34.245704], [133.572804, 34.245242], [133.572363, 34.243656], [133.583515, 34.243578], [133.584469, 34.241475], [133.586862, 34.241503], [133.593425, 34.236631], [133.600232, 34.233695], [133.604436, 34.233157], [133.602607, 34.233869], [133.604503, 34.234264], [133.609127, 34.229158], [133.609606, 34.222799], [133.611616, 34.222912], [133.614196, 34.219975], [133.616539, 34.221507], [133.619708, 34.219176], [133.621294, 34.221216], [133.630331, 34.21945], [133.633333, 34.220221], [133.636186, 34.224793], [133.641514, 34.222611], [133.642778, 34.220564], [133.645157, 34.2221], [133.648866, 34.218668], [133.652703, 34.218427], [133.655017, 34.215295], [133.662122, 34.211327], [133.665293, 34.211149], [133.667588, 34.208245], [133.67399, 34.21162], [133.678893, 34.212112], [133.679388, 34.210272], [133.680487, 34.212095], [133.68732, 34.211688], [133.685153, 34.221423], [133.686223, 34.224953]]]]}, "properties": {"A27_001": "37208", "A27_002": "三豊市立", "A27_003": "B137220800151", "A27_004": "詫間小学校", "A27_005": "三豊市詫間町詫間2158"}}, {"type": "Feature", "geometry": {"type": "Polygon", "coordinates": [[[133.687122, 34.136287], [133.689337, 34.13549], [133.692439, 34.137638], [133.698833, 34.135729], [133.710764, 34.128915], [133.713696, 34.129354], [133.715277, 34.132701], [133.69872, 34.140925], [133.701482, 34.145173], [133.698027, 34.146792], [133.698851, 34.148112], [133.696666, 34.148599], [133.693646, 34.152797], [133.689718, 34.150783], [133.68898, 34.146963], [133.686593, 34.146487], [133.689282, 34.145216], [133.687539, 34.142554], [133.689366, 34.1397], [133.685144, 34.137191], [133.687122, 34.136288], [133.687122, 34.136287]]]}, "properties": {"A27_001": "37208", "A27_002": "三豊市立", "A27_003": "B137220800142", "A27_004": "本山小学校", "A27_005": "三豊市豊中町本山甲1893-1"}}, {"type": "Feature", "geometry": {"type": "Polygon", "coordinates": [[[133.722142, 34.148775], [133.711804, 34.151295], [133.695397, 34.15054], [133.698851, 34.148112], [133.698027, 34.146792], [133.701482, 34.145173], [133.69872, 34.140925], [133.716801, 34.132018], [133.721693, 34.139058], [133.719463, 34.140852], [133.719673, 34.144592], [133.718196, 34.145956], [133.721978, 34.148697], [133.722142, 34.148775]]]}, "properties": {"A27_001": "37208", "A27_002": "三豊市立", "A27_003": "B137220800133", "A27_004": "上高野小学校", "A27_005": "三豊市豊中町上高野2384"}}, {"type": "Feature", "geometry": {"type": "Polygon", "coordinates": [[[133.695566, 34.15105], [133.70185, 34.149838], [133.702947, 34.151506], [133.711804, 34.151295], [133.722142, 34.148775], [133.725125, 34.153843], [133.717, 34.165704], [133.703904, 34.170983], [133.704024, 34.169155], [133.700742, 34.170018], [133.701372, 34.16147], [133.698551, 34.161879], [133.698122, 34.158494], [133.693069, 34.160336], [133.694473, 34.156781], [133.692692, 34.154273], [133.69517, 34.151226], [133.695566, 34.15105]]]}, "properties": {"A27_001": "37208", "A27_002": "三豊市立", "A27_003": "B137220800124", "A27_004": "笠田小学校", "A27_005": "三豊市豊中町笠田笠岡2191-1"}}, {"type": "Feature", "geometry": {"type": "Polygon", "coordinates": [[[133.703904, 34.170983], [133.700824, 34.174579], [133.697115, 34.175917], [133.690999, 34.171863], [133.685748, 34.173975], [133.684911, 34.169908], [133.670887, 34.175769], [133.665225, 34.17101], [133.669089, 34.168293], [133.672949, 34.168605], [133.681922, 34.165682], [133.698122, 34.158494], [133.698551, 34.161879], [133.701483, 34.161643], [133.700742, 34.170018], [133.704024, 34.169155], [133.703888, 34.170885], [133.703904, 34.170983]]]}, "properties": {"A27_001": "37208", "A27_002": "三豊市立", "A27_003": "B137220800115", "A27_004": "比地大小学校", "A27_005": "三豊市豊中町比地大2514-1"}}, {"type": "Feature", "geometry": {"type": "Polygon", "coordinates": [[[133.637554, 34.088499], [133.63775, 34.086807], [133.635132, 34.086821], [133.637023, 34.086485], [133.63655, 34.084062], [133.633214, 34.084287], [133.637349, 34.083877], [133.633336, 34.083791], [133.633197, 34.080474], [133.636856, 34.078032], [133.634578, 34.077616], [133.631668, 34.080192], [133.631519, 34.076487], [133.632746, 34.076452], [133.631619, 34.072369], [133.634445, 34.071816], [133.627882, 34.05324], [133.611535, 34.044658], [133.600073, 34.042546], [133.598556, 34.043468], [133.604171, 34.035903], [133.60751, 34.036792], [133.608659, 34.034349], [133.614413, 34.032282], [133.626725, 34.037807], [133.632001, 34.032461], [133.629825, 34.035506], [133.639304, 34.038974], [133.645743, 34.044974], [133.657673, 34.049107], [133.664287, 34.049321], [133.664553, 34.052625], [133.670541, 34.054026], [133.670735, 34.060948], [133.667429, 34.067961], [133.669993, 34.068369], [133.664653, 34.072913], [133.656723, 34.073538], [133.657195, 34.075759], [133.645549, 34.074367], [133.646026, 34.080482], [133.6449, 34.081225], [133.647983, 34.083627], [133.647468, 34.085015], [133.644313, 34.085819], [133.644486, 34.088865], [133.637826, 34.088392], [133.637554, 34.088499]]]}, "properties": {"A27_001": "37205", "A27_002": "観音寺市立", "A27_003": "B137220500109", "A27_004": "豊浜小学校", "A27_005": "観音寺市豊浜町和田浜1000"}}, {"type": "Feature", "geometry": {"type": "Polygon", "coordinates": [[[133.636446, 34.103323], [133.635897, 34.093959], [133.639271, 34.093113], [133.637554, 34.088499], [133.644814, 34.088735], [133.643493, 34.087381], [133.644313, 34.085819], [133.64811, 34.083839], [133.6449, 34.081225], [133.646026, 34.080482], [133.645549, 34.074367], [133.657195, 34.075759], [133.656723, 34.073538], [133.664561, 34.072942], [133.667184, 34.071298], [133.667348, 34.069644], [133.670174, 34.068098], [133.667429, 34.067961], [133.67072, 34.06101], [133.670729, 34.055225], [133.670405, 34.053901], [133.664553, 34.052625], [133.664347, 34.049347], [133.651603, 34.047633], [133.645737, 34.04497], [133.639304, 34.038974], [133.629825, 34.035506], [133.632917, 34.030214], [133.636239, 34.029539], [133.639685, 34.025895], [133.644437, 34.027736], [133.6533, 34.027745], [133.656779, 34.030031], [133.658615, 34.027684], [133.665203, 34.027239], [133.670237, 34.024259], [133.671734, 34.020849], [133.678232, 34.018188], [133.677461, 34.015794], [133.679549, 34.01252], [133.691652, 34.012766], [133.700633, 34.017919], [133.709168, 34.015376], [133.721792, 34.02263], [133.723072, 34.036463], [133.726448, 34.039122], [133.728848, 34.043956], [133.714876, 34.053018], [133.715516, 34.055354], [133.710955, 34.065267], [133.710657, 34.069992], [133.713358, 34.073949], [133.708497, 34.079344], [133.706685, 34.084874], [133.701988, 34.087341], [133.699598, 34.091957], [133.696497, 34.094463], [133.690123, 34.096189], [133.687399, 34.095707], [133.684588, 34.092297], [133.675113, 34.100296], [133.673553, 34.104806], [133.667584, 34.093321], [133.665609, 34.094071], [133.663769, 34.098601], [133.6657, 34.099513], [133.665072, 34.100939], [133.663579, 34.098896], [133.661781, 34.101522], [133.65629, 34.103066], [133.653223, 34.098429], [133.651531, 34.101031], [133.650671, 34.099517], [133.636635, 34.103317], [133.636446, 34.103323]]]}, "properties": {"A27_001": "37205", "A27_002": "観音寺市立", "A27_003": "B137220500092", "A27_004": "大野原小学校", "A27_005": "観音寺市大野原町大野原1905"}}, {"type": "Feature", "geometry": {"type": "Polygon", "coordinates": [[[133.526345, 34.133193], [133.528728, 34.131806], [133.531709, 34.124053], [133.533284, 34.125924], [133.538907, 34.125801], [133.542101, 34.128634], [133.54092, 34.132901], [133.535863, 34.131053], [133.531047, 34.136399], [133.526223, 34.136287], [133.526343, 34.133206], [133.526345, 34.133193]]]}, "properties": {"A27_001": "37205", "A27_002": "観音寺市立", "A27_003": "B137220500083", "A27_004": "伊吹小学校", "A27_005": "観音寺市伊吹町549"}}, {"type": "Feature", "geometry": {"type": "Polygon", "coordinates": [[[133.688255, 34.124215], [133.689012, 34.125055], [133.691818, 34.12129], [133.692984, 34.122591], [133.693905, 34.121296], [133.697982, 34.121748], [133.697305, 34.119955], [133.698521, 34.11955], [133.701086, 34.121312], [133.704386, 34.120051], [133.708154, 34.117596], [133.705486, 34.115462], [133.707802, 34.115757], [133.70779, 34.111966], [133.708938, 34.115129], [133.711171, 34.114166], [133.710092, 34.11671], [133.712989, 34.114771], [133.710714, 34.118091], [133.71312, 34.118495], [133.711496, 34.119152], [133.712483, 34.124163], [133.710201, 34.12516], [133.712198, 34.128763], [133.698833, 34.135729], [133.692439, 34.137638], [133.688968, 34.135504], [133.684627, 34.13738], [133.68326, 34.133753], [133.679571, 34.131579], [133.682752, 34.128074], [133.680968, 34.125886], [133.683979, 34.123819], [133.685725, 34.126165], [133.688117, 34.124264], [133.688255, 34.124215]]]}, "properties": {"A27_001": "37205", "A27_002": "観音寺市立", "A27_003": "B137220500074", "A27_004": "一ノ谷小学校", "A27_005": "観音寺市古川町102-1"}}, {"type": "Feature", "geometry": {"type": "Polygon", "coordinates": [[[133.68549, 34.108544], [133.688212, 34.102302], [133.68698, 34.100691], [133.68774, 34.097], [133.680943, 34.100006], [133.678266, 34.099318], [133.680007, 34.096], [133.684588, 34.092297], [133.687529, 34.09577], [133.693486, 34.095774], [133.699598, 34.091957], [133.701988, 34.087341], [133.706685, 34.084874], [133.708497, 34.079344], [133.713358, 34.073949], [133.710657, 34.069992], [133.710955, 34.065267], [133.716731, 34.050976], [133.728848, 34.043956], [133.739894, 34.04935], [133.73844, 34.057643], [133.733807, 34.063178], [133.733745, 34.074934], [133.73099, 34.079578], [133.732244, 34.084012], [133.729962, 34.083852], [133.726794, 34.088134], [133.721966, 34.089396], [133.717064, 34.087739], [133.717642, 34.091436], [133.715614, 34.093692], [133.715296, 34.09218], [133.71358, 34.094791], [133.710507, 34.095722], [133.708709, 34.094332], [133.709278, 34.096164], [133.706132, 34.1012], [133.697805, 34.105499], [133.692815, 34.110165], [133.687499, 34.112824], [133.685126, 34.109371], [133.68549, 34.108544]]]}, "properties": {"A27_001": "37205", "A27_002": "観音寺市立", "A27_003": "B137220500065", "A27_004": "粟井小学校", "A27_005": "観音寺市粟井町1452"}}, {"type": "Feature", "geometry": {"type": "Polygon", "coordinates": [[[133.711039, 34.115011], [133.710992, 34.113962], [133.708809, 34.115024], [133.70779, 34.111966], [133.707802, 34.115757], [133.705486, 34.115462], [133.708149, 34.117606], [133.701684, 34.121312], [133.698521, 34.11955], [133.697409, 34.121898], [133.693905, 34.121296], [133.692984, 34.122591], [133.691818, 34.12129], [133.689012, 34.125055], [133.686561, 34.121769], [133.688447, 34.120089], [133.685292, 34.12014], [133.681338, 34.114131], [133.68549, 34.108544], [133.687499, 34.112824], [133.692815, 34.110165], [133.697805, 34.105499], [133.706132, 34.1012], [133.709278, 34.096164], [133.708709, 34.094332], [133.712437, 34.095234], [133.715296, 34.09218], [133.715177, 34.099086], [133.716665, 34.102332], [133.712784, 34.103779], [133.71037, 34.10269], [133.70849, 34.104922], [133.711102, 34.105463], [133.712053, 34.107309], [133.712967, 34.113168], [133.711379, 34.114567], [133.711039, 34.115011]]]}, "properties": {"A27_001": "37205", "A27_002": "観音寺市立", "A27_003": "B137220500056", "A27_004": "豊田小学校", "A27_005": "観音寺市新田町1413"}}, {"type": "Feature", "geometry": {"type": "Polygon", "coordinates": [[[133.663953, 34.120603], [133.660816, 34.122021], [133.658799, 34.118473], [133.65152, 34.120777], [133.651454, 34.117022], [133.64182, 34.113968], [133.644807, 34.110107], [133.641312, 34.113922], [133.637212, 34.112883], [133.636347, 34.103469], [133.650671, 34.099517], [133.651531, 34.101031], [133.653223, 34.098429], [133.65629, 34.103066], [133.661781, 34.101522], [133.663579, 34.098896], [133.665072, 34.100939], [133.6657, 34.099513], [133.663769, 34.098601], [133.665609, 34.094071], [133.667584, 34.093321], [133.673553, 34.104806], [133.675113, 34.100296], [133.679587, 34.097121], [133.678266, 34.099318], [133.680943, 34.100006], [133.68774, 34.097], [133.68698, 34.100691], [133.688212, 34.102302], [133.685671, 34.108451], [133.664361, 34.120435], [133.663953, 34.120603]]]}, "properties": {"A27_001": "37205", "A27_002": "観音寺市立", "A27_003": "B137220500047", "A27_004": "柞田小学校", "A27_005": "観音寺市柞田町乙1000-1"}}, {"type": "Feature", "geometry": {"type": "Polygon", "coordinates": [[[133.665517, 34.136213], [133.663384, 34.132104], [133.668512, 34.129821], [133.667333, 34.128038], [133.66859, 34.127783], [133.663953, 34.120603], [133.681326, 34.110198], [133.682639, 34.111236], [133.681338, 34.114131], [133.68509, 34.119912], [133.688447, 34.120089], [133.686561, 34.121769], [133.687343, 34.12527], [133.682156, 34.124238], [133.680906, 34.12618], [133.682752, 34.128074], [133.679571, 34.131579], [133.68326, 34.133753], [133.684627, 34.13738], [133.6774, 34.140512], [133.666467, 34.136431], [133.665517, 34.136213]]]}, "properties": {"A27_001": "37205", "A27_002": "観音寺市立", "A27_003": "B137220500038", "A27_004": "常磐小学校", "A27_005": "観音寺市植田町365"}}, {"type": "Feature", "geometry": {"type": "Polygon", "coordinates": [[[133.646312, 34.164311], [133.646071, 34.158847], [133.643559, 34.156639], [133.64525, 34.15499], [133.639986, 34.153838], [133.642624, 34.153619], [133.640324, 34.151997], [133.642887, 34.148369], [133.640927, 34.137304], [133.645085, 34.136501], [133.64761, 34.140127], [133.651759, 34.138763], [133.65229, 34.14058], [133.653573, 34.1382], [133.660085, 34.134518], [133.6774, 34.140512], [133.669086, 34.143437], [133.667441, 34.14593], [133.665714, 34.155237], [133.668302, 34.158472], [133.661836, 34.165509], [133.655812, 34.161868], [133.64644, 34.164294], [133.646312, 34.164311]]]}, "properties": {"A27_001": "37205", "A27_002": "観音寺市立", "A27_003": "B137220500029", "A27_004": "高室小学校", "A27_005": "観音寺市高屋町1877-1"}}, {"type": "Feature", "geometry": {"type": "Polygon", "coordinates": [[[133.645587, 34.115613], [133.651454, 34.117022], [133.65152, 34.120777], [133.658799, 34.118473], [133.660816, 34.122021], [133.663953, 34.120603], [133.666449, 34.126444], [133.66859, 34.127783], [133.667333, 34.128038], [133.668512, 34.129821], [133.663384, 34.132104], [133.665517, 34.136213], [133.660085, 34.134518], [133.653573, 34.1382], [133.65229, 34.14058], [133.651759, 34.138763], [133.64761, 34.140127], [133.645085, 34.136501], [133.640927, 34.137304], [133.640072, 34.130862], [133.638179, 34.130339], [133.638269, 34.128627], [133.644556, 34.130041], [133.644749, 34.128861], [133.633756, 34.125979], [133.635396, 34.124544], [133.64172, 34.126035], [133.635459, 34.122589], [133.632487, 34.12312], [133.633559, 34.113899], [133.645495, 34.115995], [133.645587, 34.115613]]]}, "properties": {"A27_001": "37205", "A27_002": "観音寺市立", "A27_003": "B137220500010", "A27_004": "観音寺小学校", "A27_005": "観音寺市観音寺町甲2558-1"}}, {"type": "Feature", "geometry": {"type": "Polygon", "coordinates": [[[133.815943, 34.304554], [133.822122, 34.301099], [133.823514, 34.296887], [133.826497, 34.295314], [133.825628, 34.292192], [133.828552, 34.292873], [133.829465, 34.290215], [133.831623, 34.290692], [133.830953, 34.2894], [133.832971, 34.287082], [133.835084, 34.289507], [133.836073, 34.288693], [133.834818, 34.286119], [133.841912, 34.294705], [133.839373, 34.30099], [133.843705, 34.306448], [133.8342, 34.317562], [133.830639, 34.315951], [133.83266, 34.313067], [133.831005, 34.310579], [133.826132, 34.311534], [133.816168, 34.304726], [133.815943, 34.304554]]]}, "properties": {"A27_001": "37386", "A27_002": "宇多津町立", "A27_003": "B137238600011", "A27_004": "宇多津小学校", "A27_005": "綾歌郡宇多津町815"}}, {"type": "Feature", "geometry": {"type": "Polygon", "coordinates": [[[134.130069, 34.151956], [134.135257, 34.151538], [134.137011, 34.154664], [134.140698, 34.155163], [134.143799, 34.158651], [134.146316, 34.165285], [134.155439, 34.166748], [134.156098, 34.171819], [134.15805, 34.172036], [134.158518, 34.176449], [134.161523, 34.179282], [134.160893, 34.182677], [134.164373, 34.183275], [134.165059, 34.188507], [134.163534, 34.193474], [134.166057, 34.197984], [134.164803, 34.202821], [134.162783, 34.203787], [134.163256, 34.211326], [134.165178, 34.211043], [134.163556, 34.21511], [134.167242, 34.219861], [134.168957, 34.227795], [134.16504, 34.232662], [134.165633, 34.235915], [134.169593, 34.237696], [134.167878, 34.244744], [134.162944, 34.248023], [134.163829, 34.253001], [134.167028, 34.255326], [134.162066, 34.264582], [134.164144, 34.265949], [134.168923, 34.278825], [134.162237, 34.278624], [134.159264, 34.281154], [134.155379, 34.281449], [134.156693, 34.289427], [134.154738, 34.294436], [134.161616, 34.302862], [134.159067, 34.304483], [134.15882, 34.308119], [134.149405, 34.313454], [134.141826, 34.31472], [134.137111, 34.313113], [134.130212, 34.317309], [134.12426, 34.311127], [134.126525, 34.303731], [134.124311, 34.298954], [134.126366, 34.299254], [134.121858, 34.297335], [134.121093, 34.294082], [134.122719, 34.292122], [134.119143, 34.290321], [134.111579, 34.254252], [134.109419, 34.252033], [134.111467, 34.248967], [134.110791, 34.242563], [134.11462, 34.238252], [134.113427, 34.235453], [134.110693, 34.234377], [134.114383, 34.226393], [134.112153, 34.225198], [134.112291, 34.221928], [134.105974, 34.215747], [134.106943, 34.21045], [134.10538, 34.20942], [134.105001, 34.203228], [134.10932, 34.19827], [134.110263, 34.190919], [134.107921, 34.187278], [134.109693, 34.183378], [134.114373, 34.180667], [134.112568, 34.177342], [134.115388, 34.176182], [134.120574, 34.17011], [134.128207, 34.152689], [134.129975, 34.151984], [134.130069, 34.151956]]]}, "properties": {"A27_001": "37341", "A27_002": "三木町立", "A27_003": "B137234100024", "A27_004": "田中小学校", "A27_005": "木田郡三木町大字田中4620-2"}}, {"type": "Feature", "geometry": {"type": "Polygon", "coordinates": [[[134.126891, 34.312867], [134.12426, 34.311127], [134.126525, 34.303731], [134.124311, 34.298954], [134.126366, 34.299254], [134.121206, 34.295983], [134.122719, 34.292122], [134.119143, 34.290321], [134.113779, 34.266303], [134.119542, 34.265876], [134.121216, 34.271278], [134.142098, 34.267843], [134.144606, 34.272429], [134.143817, 34.274548], [134.150256, 34.271125], [134.153599, 34.272314], [134.155578, 34.27861], [134.153993, 34.280674], [134.156641, 34.283864], [134.156693, 34.289427], [134.154738, 34.294436], [134.161642, 34.302463], [134.159067, 34.304483], [134.15882, 34.308119], [134.149327, 34.313486], [134.141826, 34.31472], [134.137111, 34.313113], [134.130212, 34.317309], [134.126904, 34.312893], [134.126891, 34.312867]]]}, "properties": {"A27_001": "37341", "A27_002": "三木町立", "A27_003": "B137234100015", "A27_004": "平井小学校", "A27_005": "木田郡三木町大字平木710-1"}}, {"type": "Feature", "geometry": {"type": "MultiPolygon", "coordinates": [[[[133.828141, 34.326503], [133.821034, 34.337936], [133.828199, 34.326379], [133.828141, 34.326503]]], [[[133.8342, 34.317562], [133.828926, 34.322809], [133.826697, 34.319704], [133.826237, 34.32354], [133.819213, 34.320939], [133.820681, 34.318685], [133.807169, 34.313239], [133.807331, 34.304033], [133.810526, 34.300862], [133.826132, 34.311534], [133.831005, 34.310579], [133.83266, 34.313067], [133.830639, 34.315951], [133.834097, 34.317525], [133.8342, 34.317562]]]]}, "properties": {"A27_001": "37386", "A27_002": "宇多津町立", "A27_003": "B137238600020", "A27_004": "宇多津北小学校", "A27_005": "綾歌郡宇多津町浜八番丁115"}}, {"type": "Feature", "geometry": {"type": "Polygon", "coordinates": [[[134.155382, 34.281439], [134.153993, 34.280674], [134.155578, 34.27861], [134.153599, 34.272314], [134.150256, 34.271125], [134.143817, 34.274548], [134.144606, 34.272429], [134.142659, 34.270035], [134.140093, 34.260011], [134.14302, 34.256197], [134.146969, 34.254605], [134.148001, 34.255935], [134.15075, 34.252834], [134.153513, 34.252712], [134.152952, 34.250082], [134.154371, 34.248293], [134.152889, 34.246186], [134.154638, 34.23491], [134.154227, 34.233368], [134.150924, 34.232319], [134.150711, 34.235526], [134.148226, 34.236655], [134.149284, 34.23297], [134.147948, 34.232788], [134.145319, 34.236576], [134.143249, 34.236311], [134.13819, 34.240121], [134.136307, 34.232632], [134.137555, 34.23235], [134.137179, 34.228883], [134.135936, 34.225551], [134.134051, 34.225565], [134.133915, 34.213119], [134.129728, 34.192565], [134.130584, 34.180415], [134.129002, 34.168371], [134.131345, 34.157022], [134.130958, 34.150909], [134.135257, 34.151538], [134.137011, 34.154664], [134.140698, 34.155163], [134.143799, 34.158651], [134.146316, 34.165285], [134.155439, 34.166748], [134.156098, 34.171819], [134.15805, 34.172036], [134.158518, 34.176449], [134.161523, 34.179282], [134.160893, 34.182677], [134.164398, 34.183336], [134.165047, 34.188649], [134.163534, 34.193474], [134.166057, 34.197984], [134.164803, 34.202821], [134.162783, 34.203787], [134.163256, 34.211326], [134.165178, 34.211043], [134.163556, 34.21511], [134.167242, 34.219861], [134.168957, 34.227795], [134.16504, 34.232662], [134.165633, 34.235915], [134.169593, 34.237701], [134.167878, 34.244744], [134.162944, 34.248023], [134.163829, 34.253001], [134.167028, 34.255326], [134.162066, 34.264582], [134.164144, 34.265949], [134.168923, 34.278825], [134.162382, 34.278596], [134.159264, 34.281154], [134.155401, 34.281372], [134.155382, 34.281439]]]}, "properties": {"A27_001": "37341", "A27_002": "三木町立", "A27_003": "B137234100042", "A27_004": "白山小学校", "A27_005": "木田郡三木町大字下高岡352-1"}}, {"type": "Feature", "geometry": {"type": "Polygon", "coordinates": [[[134.123989, 34.270357], [134.126373, 34.261321], [134.122366, 34.245612], [134.12429, 34.244859], [134.122589, 34.237197], [134.12822, 34.238361], [134.132689, 34.242718], [134.143249, 34.236311], [134.145319, 34.236576], [134.147948, 34.232788], [134.149284, 34.23297], [134.148226, 34.236655], [134.150711, 34.235526], [134.150652, 34.232466], [134.154227, 34.233368], [134.153513, 34.252712], [134.14099, 34.257814], [134.140093, 34.260011], [134.142098, 34.267843], [134.124372, 34.270418], [134.123989, 34.270357]]]}, "properties": {"A27_001": "37341", "A27_002": "三木町立", "A27_003": "B137234100033", "A27_004": "氷上小学校", "A27_005": "木田郡三木町大字氷上2845"}}, {"type": "Feature", "geometry": {"type": "Polygon", "coordinates": [[[134.344618, 34.25358], [134.343769, 34.254728], [134.344379, 34.253618], [134.342811, 34.252671], [134.343551, 34.253687], [134.340545, 34.255058], [134.341269, 34.256316], [134.33857, 34.256716], [134.33936, 34.25815], [134.335784, 34.260371], [134.332223, 34.255065], [134.332194, 34.24968], [134.32795, 34.249333], [134.328281, 34.254287], [134.326336, 34.254319], [134.325164, 34.257176], [134.318479, 34.257729], [134.319108, 34.264949], [134.32256, 34.266827], [134.31894, 34.269615], [134.319201, 34.271544], [134.308935, 34.275554], [134.306741, 34.278134], [134.295964, 34.274011], [134.28815, 34.275483], [134.28671, 34.27031], [134.282964, 34.265048], [134.279501, 34.262789], [134.276321, 34.263384], [134.277118, 34.261077], [134.274283, 34.256416], [134.274943, 34.252011], [134.280066, 34.248702], [134.278174, 34.247292], [134.281922, 34.244263], [134.277894, 34.242279], [134.27613, 34.238258], [134.273423, 34.238006], [134.272723, 34.235149], [134.275165, 34.228635], [134.274231, 34.224966], [134.276046, 34.215105], [134.284123, 34.207906], [134.29261, 34.211256], [134.311229, 34.21001], [134.311811, 34.214115], [134.321188, 34.217986], [134.327366, 34.22346], [134.330908, 34.222008], [134.334816, 34.231025], [134.33323, 34.239024], [134.340309, 34.244564], [134.342665, 34.24458], [134.341302, 34.246682], [134.34357, 34.248871], [134.342607, 34.250045], [134.344338, 34.249705], [134.344563, 34.253137], [134.344618, 34.25358]]]}, "properties": {"A27_001": "37207", "A27_002": "東かがわ市立", "A27_003": "B137220700036", "A27_004": "大内小学校", "A27_005": "東かがわ市西村1510"}}, {"type": "Feature", "geometry": {"type": "Polygon", "coordinates": [[[134.359051, 34.183981], [134.363926, 34.191946], [134.361869, 34.198009], [134.359005, 34.200222], [134.359617, 34.203617], [134.354015, 34.207139], [134.353552, 34.209423], [134.35026, 34.209397], [134.350446, 34.212665], [134.348699, 34.214997], [134.350258, 34.217832], [134.349021, 34.221949], [134.361858, 34.227107], [134.377669, 34.226603], [134.380116, 34.22981], [134.386911, 34.230305], [134.385144, 34.237777], [134.386434, 34.240325], [134.385676, 34.243336], [134.38813, 34.245447], [134.388888, 34.249122], [134.393604, 34.251332], [134.390211, 34.254992], [134.381832, 34.258158], [134.378316, 34.261818], [134.375264, 34.259377], [134.376361, 34.256602], [134.378358, 34.256553], [134.376423, 34.255416], [134.376963, 34.253896], [134.36818, 34.249648], [134.361826, 34.24975], [134.35689, 34.253513], [134.350602, 34.251976], [134.344618, 34.25358], [134.344338, 34.249705], [134.342607, 34.250045], [134.34357, 34.248871], [134.341302, 34.246682], [134.342665, 34.24458], [134.340309, 34.244564], [134.33323, 34.239024], [134.334816, 34.231025], [134.330908, 34.222008], [134.327366, 34.22346], [134.321188, 34.217986], [134.311811, 34.214115], [134.311229, 34.21001], [134.29261, 34.211256], [134.284123, 34.207906], [134.276049, 34.215105], [134.27213, 34.215532], [134.264215, 34.220566], [134.259011, 34.21944], [134.253121, 34.221357], [134.246465, 34.216758], [134.240729, 34.215853], [134.228876, 34.208087], [134.217102, 34.209247], [134.217048, 34.203707], [134.20879, 34.203166], [134.206837, 34.200211], [134.213192, 34.191294], [134.216089, 34.191029], [134.212468, 34.186513], [134.214506, 34.180652], [134.208726, 34.174726], [134.216008, 34.176376], [134.22088, 34.179921], [134.226833, 34.177789], [134.228439, 34.18081], [134.239842, 34.179641], [134.243753, 34.180671], [134.247428, 34.17873], [134.25084, 34.18051], [134.254753, 34.180158], [134.260126, 34.183533], [134.266077, 34.183213], [134.273551, 34.181081], [134.277248, 34.176464], [134.285576, 34.179796], [134.292233, 34.179143], [134.297906, 34.168639], [134.300857, 34.170427], [134.308495, 34.170881], [134.310504, 34.174611], [134.314563, 34.177256], [134.328314, 34.173167], [134.333969, 34.175552], [134.344193, 34.17238], [134.348645, 34.184481], [134.351345, 34.185504], [134.358973, 34.184073], [134.359051, 34.183981]]]}, "properties": {"A27_001": "37207", "A27_002": "東かがわ市立", "A27_003": "B137220700027", "A27_004": "白鳥小学校", "A27_005": "東かがわ市白鳥757"}}, {"type": "Feature", "geometry": {"type": "Polygon", "coordinates": [[[134.393604, 34.251332], [134.388888, 34.249122], [134.38813, 34.245447], [134.385676, 34.243336], [134.386434, 34.240325], [134.385144, 34.237777], [134.386911, 34.230305], [134.380116, 34.22981], [134.377669, 34.226603], [134.361858, 34.227107], [134.350435, 34.222702], [134.349021, 34.221949], [134.350258, 34.217832], [134.348699, 34.215512], [134.350446, 34.212665], [134.349616, 34.210939], [134.350476, 34.209304], [134.353552, 34.209423], [134.354015, 34.207139], [134.359221, 34.204119], [134.359005, 34.200222], [134.362165, 34.1973], [134.363926, 34.191946], [134.359084, 34.182988], [134.367015, 34.179416], [134.375658, 34.171786], [134.382973, 34.172234], [134.385487, 34.165097], [134.393652, 34.163549], [134.401965, 34.16802], [134.407419, 34.162549], [134.411442, 34.161496], [134.412932, 34.156883], [134.419136, 34.157717], [134.425194, 34.165708], [134.433872, 34.169514], [134.432735, 34.172946], [134.434145, 34.174599], [134.43377, 34.17842], [134.430519, 34.179007], [134.429196, 34.183193], [134.439061, 34.191077], [134.437901, 34.194081], [134.440701, 34.199659], [134.440204, 34.207894], [134.436848, 34.207178], [134.429504, 34.210356], [134.415371, 34.219339], [134.414255, 34.220456], [134.415772, 34.220885], [134.412999, 34.22209], [134.412917, 34.223763], [134.412134, 34.222297], [134.407858, 34.224362], [134.405905, 34.227389], [134.411306, 34.224507], [134.406107, 34.227668], [134.406085, 34.230101], [134.404422, 34.230699], [134.412008, 34.232394], [134.412055, 34.2351], [134.406611, 34.238305], [134.401572, 34.23847], [134.399059, 34.236513], [134.396873, 34.237799], [134.39871, 34.242241], [134.393698, 34.251215], [134.393604, 34.251332]]]}, "properties": {"A27_001": "37207", "A27_002": "東かがわ市立", "A27_003": "B137220700018", "A27_004": "引田小学校", "A27_005": "東かがわ市引田545-1"}}, {"type": "Feature", "geometry": {"type": "Polygon", "coordinates": [[[133.731269, 34.278674], [133.730058, 34.274688], [133.732113, 34.272357], [133.730827, 34.271525], [133.737901, 34.263763], [133.733941, 34.26027], [133.731178, 34.260466], [133.729086, 34.258559], [133.730354, 34.258648], [133.729568, 34.256998], [133.728428, 34.258452], [133.724755, 34.254573], [133.718136, 34.251796], [133.70901, 34.242858], [133.710479, 34.237994], [133.712863, 34.235551], [133.71526, 34.235534], [133.719513, 34.230025], [133.723624, 34.231023], [133.726615, 34.233843], [133.730502, 34.232792], [133.73708, 34.237259], [133.736798, 34.239451], [133.740414, 34.244673], [133.735153, 34.25229], [133.740755, 34.257264], [133.744005, 34.258045], [133.742303, 34.261003], [133.74559, 34.263974], [133.740319, 34.267218], [133.731347, 34.27868], [133.731269, 34.278674]]]}, "properties": {"A27_001": "37404", "A27_002": "多度津町立", "A27_003": "B137240400046", "A27_004": "白方小学校", "A27_005": "仲多度郡多度津町大字奥白方1142"}}, {"type": "Feature", "geometry": {"type": "Polygon", "coordinates": [[[133.739748, 34.242447], [133.743107, 34.244681], [133.74468, 34.242424], [133.747028, 34.242485], [133.750413, 34.237474], [133.755304, 34.240491], [133.756564, 34.239772], [133.753493, 34.246109], [133.764162, 34.250834], [133.766155, 34.249935], [133.765932, 34.248416], [133.767308, 34.24895], [133.763261, 34.255242], [133.76428, 34.257167], [133.761941, 34.257233], [133.756736, 34.26506], [133.754067, 34.264991], [133.749706, 34.26183], [133.748125, 34.264579], [133.745429, 34.264654], [133.742303, 34.261003], [133.744005, 34.258045], [133.740755, 34.257264], [133.735153, 34.25229], [133.740414, 34.244673], [133.739061, 34.243468], [133.739748, 34.242447]]]}, "properties": {"A27_001": "37404", "A27_002": "多度津町立", "A27_003": "B137240400037", "A27_004": "四箇小学校", "A27_005": "仲多度郡多度津町大字三井433-1"}}, {"type": "Feature", "geometry": {"type": "Polygon", "coordinates": [[[133.756837, 34.264894], [133.761941, 34.257233], [133.76428, 34.257167], [133.763261, 34.255242], [133.768912, 34.246914], [133.772443, 34.248732], [133.772068, 34.250452], [133.774117, 34.249242], [133.77354, 34.251052], [133.774871, 34.248273], [133.776489, 34.249069], [133.773846, 34.255653], [133.775779, 34.256658], [133.774102, 34.260218], [133.776411, 34.262664], [133.771573, 34.266899], [133.773832, 34.268081], [133.771318, 34.271575], [133.772646, 34.272205], [133.766858, 34.279067], [133.766539, 34.282159], [133.760987, 34.287043], [133.757147, 34.2851], [133.758372, 34.282111], [133.754999, 34.279881], [133.759161, 34.276579], [133.75846, 34.271982], [133.76125, 34.268259], [133.758309, 34.265409], [133.756837, 34.264894]]]}, "properties": {"A27_001": "37404", "A27_002": "多度津町立", "A27_003": "B137240400028", "A27_004": "豊原小学校", "A27_005": "仲多度郡多度津町南鴨704"}}, {"type": "Feature", "geometry": {"type": "Polygon", "coordinates": [[[133.755918, 34.280752], [133.752004, 34.278312], [133.752596, 34.280276], [133.747657, 34.28409], [133.743898, 34.282086], [133.746711, 34.285348], [133.740358, 34.281911], [133.74788, 34.276273], [133.741977, 34.27585], [133.743944, 34.274113], [133.742525, 34.272801], [133.745421, 34.273012], [133.743379, 34.271744], [133.740636, 34.272163], [133.735856, 34.281056], [133.731269, 34.278674], [133.740319, 34.267218], [133.748125, 34.264579], [133.749706, 34.26183], [133.760901, 34.266864], [133.759268, 34.276373], [133.75603, 34.280353], [133.755918, 34.280752]]]}, "properties": {"A27_001": "37404", "A27_002": "多度津町立", "A27_003": "B137240400019", "A27_004": "多度津小学校", "A27_005": "仲多度郡多度津町栄町3-1-9"}}, {"type": "Feature", "geometry": {"type": "Polygon", "coordinates": [[[133.680725, 34.307443], [133.682227, 34.308782], [133.68256, 34.313337], [133.680126, 34.317111], [133.667805, 34.324581], [133.661915, 34.324652], [133.663547, 34.318308], [133.670495, 34.308135], [133.675789, 34.305714], [133.680134, 34.305817], [133.680532, 34.307486], [133.680725, 34.307443]]]}, "properties": {"A27_001": "37404", "A27_002": "多度津町立", "A27_003": null, "A27_004": "高見小学校", "A27_005": "仲多度郡多度津町高見1723"}}]}