{"type": "FeatureCollection", "features": [{"type": "Feature", "geometry": {"type": "Polygon", "coordinates": [[[135.90239778243188, 34.291976945579734], [135.8978219464259, 34.29184194564942], [135.89262639389312, 34.28861416191421], [135.8868441632277, 34.28997055899424], [135.87437583737517, 34.2876861074281], [135.87017194567898, 34.28388110732743], [135.85286250270246, 34.28226944038255], [135.85342666720715, 34.27989055820285], [135.85137666709966, 34.2747038918713], [135.84580277607745, 34.273783332335086], [135.84321527906206, 34.26989777456282], [135.8446125026651, 34.26463805360345], [135.83179306080126, 34.258299720855575], [135.8277008298296, 34.25379777494754], [135.82081888478388, 34.25223194554803], [135.81831888550835, 34.2476624947285], [135.81950916971255, 34.24331805338562], [135.81650083044917, 34.24038582824352], [135.80914472145196, 34.24014166680462], [135.80513138800336, 34.23468638646773], [135.79587639378076, 34.234012494780984], [135.79033722378404, 34.2315247208893], [135.7861063937952, 34.238741666994486], [135.778930829994, 34.24123861307169], [135.77335583730223, 34.241311107421836], [135.75568194586526, 34.234171666689235], [135.75033944231154, 34.2336308287999], [135.74843306123694, 34.23211249439629], [135.74930250330806, 34.226691666187605], [135.7519500003924, 34.22231416126971], [135.75132472065945, 34.21843361272124], [135.74723000036442, 34.212989720499365], [135.74278999975888, 34.21073805371839], [135.7458447206575, 34.2105902789184], [135.74411277568424, 34.205484440954365], [135.74692360583992, 34.199906386970326], [135.7460611146289, 34.19543027858464], [135.75322416346455, 34.19129472097478], [135.75928138792585, 34.19199805376735], [135.7609233332454, 34.18788694602591], [135.76754610896592, 34.184351107617715], [135.77504805382478, 34.18521749469181], [135.78556360617563, 34.18340916130393], [135.79266555147422, 34.17965749459785], [135.79571027191173, 34.17564833220496], [135.80270333269277, 34.17813389196573], [135.80498527874784, 34.18184055839521], [135.81005194584077, 34.1836049994713], [135.8145244488444, 34.1848683329074], [135.82582639447276, 34.18133610797514], [135.8276122178297, 34.18489194550705], [135.8375025030383, 34.18634610788672], [135.8436733334578, 34.190661945392606], [135.85136917035106, 34.1897008282308], [135.8556536062291, 34.193907774924014], [135.86127639429037, 34.19043472088583], [135.85644472094725, 34.183330828555086], [135.8583922181266, 34.176379720248065], [135.86283221783276, 34.1760416668896], [135.87399833975178, 34.17879277486685], [135.88641527924187, 34.18530666696927], [135.8917650061503, 34.183346666515604], [135.8962333327023, 34.17466861256656], [135.90350527864587, 34.170103612491914], [135.90951055826588, 34.17453916145331], [135.91110722451901, 34.17893638670506], [135.91337167336417, 34.179744720742406], [135.93156277570176, 34.17836722466785], [135.93562321743775, 34.18036899952989], [135.94311555124182, 34.1800730533289], [135.94293255539333, 34.185192891938584], [135.9460138386679, 34.18981589199001], [135.94387306099316, 34.19514027870105], [135.94547834005357, 34.198254891750025], [135.94527555102604, 34.20466055853814], [135.95154427984482, 34.21075355892975], [135.95495153048887, 34.21863166681811], [135.95367527919097, 34.22202638630887], [135.95582418943502, 34.2256389458808], [135.9629697284704, 34.22785527829865], [135.9652527761948, 34.23376499955526], [135.9629674972524, 34.23564472022781], [135.9703497279578, 34.245375829031445], [135.96971360599832, 34.24809944023713], [135.97316416349554, 34.25665277440618], [135.96535944208472, 34.25946582858529], [135.96424416313778, 34.26793944055288], [135.9599808298516, 34.265971386670344], [135.9580111149212, 34.26830972021759], [135.96266583675913, 34.271793332296625], [135.96301221783972, 34.27434582859729], [135.95363693929346, 34.27743361307097], [135.942549442403, 34.27472610782377], [135.93878944167955, 34.27519638670407], [135.93508121942295, 34.278320972335166], [135.92650722422923, 34.27849916130742], [135.91854639400105, 34.28160610763592], [135.9025863936473, 34.29180777500898], [135.90239778243188, 34.291976945579734]]]}, "properties": {"A27_001": "29446", "A27_002": "天川村立", "A27_003": "C229210000022", "A27_004": "天川小中学校", "A27_005": "吉野郡天川村沢谷92"}}, {"type": "Feature", "geometry": {"type": "Polygon", "coordinates": [[[136.167403, 34.520165], [136.167154, 34.524654], [136.170019, 34.52751], [136.171774, 34.534433], [136.171, 34.53745], [136.159774, 34.546712], [136.161765, 34.548538], [136.157502, 34.552813], [136.158196, 34.555203], [136.155777, 34.555666], [136.155499, 34.559731], [136.150964, 34.559052], [136.150356, 34.555204], [136.14661, 34.555787], [136.13806, 34.560957], [136.133946, 34.555226], [136.123733, 34.548099], [136.121686, 34.548698], [136.118541, 34.546394], [136.114278, 34.545893], [136.11129, 34.551286], [136.110587, 34.556451], [136.106996, 34.556308], [136.106008, 34.551679], [136.097768, 34.540759], [136.102241, 34.537172], [136.100375, 34.532402], [136.101962, 34.52789], [136.089462, 34.525561], [136.088508, 34.52105], [136.093319, 34.516567], [136.09292, 34.515147], [136.086111, 34.509967], [136.087763, 34.505421], [136.085004, 34.503486], [136.080286, 34.493967], [136.070952, 34.491887], [136.068387, 34.485449], [136.072905, 34.479517], [136.072693, 34.477133], [136.077006, 34.476708], [136.081964, 34.473306], [136.090353, 34.476116], [136.098694, 34.476268], [136.103722, 34.481366], [136.107346, 34.489694], [136.109955, 34.491311], [136.113722, 34.491022], [136.116993, 34.493542], [136.11626, 34.495021], [136.121227, 34.493456], [136.125758, 34.495154], [136.133009, 34.493541], [136.147435, 34.496529], [136.151712, 34.499519], [136.151463, 34.504366], [136.157737, 34.507591], [136.157516, 34.513506], [136.163714, 34.515777], [136.166818, 34.519074], [136.167403, 34.520165]]]}, "properties": {"A27_001": "29385", "A27_002": "曽爾村立", "A27_003": "C229210000013", "A27_004": "曽爾小中学校義務教育学校", "A27_005": "宇陀郡曽爾村小長尾900"}}, {"type": "Feature", "geometry": {"type": "Polygon", "coordinates": [[[135.77184, 34.379929], [135.771403, 34.377148], [135.773481, 34.376695], [135.773857, 34.374421], [135.77065, 34.372421], [135.773108, 34.367006], [135.767865, 34.360613], [135.772013, 34.353085], [135.770969, 34.3494], [135.771993, 34.345351], [135.769768, 34.34366], [135.771538, 34.339663], [135.767767, 34.333164], [135.769763, 34.33046], [135.770062, 34.32644], [135.775166, 34.326421], [135.779969, 34.323981], [135.778794, 34.320613], [135.779939, 34.315714], [135.773534, 34.313851], [135.779755, 34.307694], [135.779209, 34.304508], [135.775902, 34.302294], [135.775583, 34.29343], [135.773915, 34.290029], [135.785707, 34.284728], [135.800723, 34.283037], [135.806364, 34.285299], [135.810363, 34.282306], [135.817243, 34.28189], [135.822212, 34.279775], [135.823416, 34.2808], [135.822844, 34.288456], [135.820356, 34.291835], [135.820037, 34.295841], [135.821393, 34.301603], [135.82379, 34.30443], [135.816067, 34.308576], [135.814987, 34.311935], [135.820363, 34.318146], [135.821621, 34.322988], [135.828445, 34.325233], [135.831112, 34.327392], [135.831577, 34.329937], [135.836137, 34.331774], [135.840695, 34.332317], [135.852518, 34.329977], [135.858094, 34.335799], [135.858998, 34.341345], [135.867951, 34.345789], [135.869597, 34.351713], [135.865823, 34.354332], [135.853187, 34.35617], [135.851665, 34.358126], [135.849081, 34.357454], [135.846111, 34.361459], [135.841382, 34.358826], [135.841415, 34.361504], [135.838676, 34.362491], [135.84017, 34.363414], [135.839458, 34.368254], [135.835395, 34.366116], [135.831736, 34.366454], [135.821341, 34.373475], [135.818006, 34.387353], [135.811218, 34.385426], [135.798502, 34.38553], [135.786909, 34.379363], [135.781646, 34.383533], [135.772123, 34.380051], [135.77184, 34.379929]]]}, "properties": {"A27_001": "29443", "A27_002": "下市町立", "A27_003": "C229210000086", "A27_004": "下市あきつ学園", "A27_005": "吉野郡下市町大字下市3060"}}, {"type": "Feature", "geometry": {"type": "Polygon", "coordinates": [[[135.92429472112462, 34.12742333232109], [135.91527472065206, 34.12644110807082], [135.9151355514647, 34.12384610801166], [135.9101825029204, 34.11856138679872], [135.90160250295332, 34.11387249432033], [135.9021002723099, 34.106092224576685], [135.90513167288861, 34.10375194579581], [135.90647055836973, 34.099215278862175], [135.90547749728887, 34.096814161844236], [135.90077277584305, 34.09396694601793], [135.9011191704136, 34.09136138701854], [135.8981511153819, 34.08603361256132], [135.90096277651105, 34.07776527894464], [135.89602944200533, 34.07515777471173], [135.89079111501815, 34.06725833220645], [135.8968625029023, 34.05841972049387], [135.89204555146125, 34.05169582859975], [135.8931333327373, 34.04836361289057], [135.89535972766953, 34.04683416196718], [135.8970741628425, 34.04148805393072], [135.9041250059645, 34.035285558381986], [135.90703778236798, 34.034671666764154], [135.91103693890375, 34.029609999901766], [135.9096547213885, 34.02431416126967], [135.90167693893977, 34.01984361249288], [135.90245778250085, 34.01525166693102], [135.90645027236235, 34.01021694555578], [135.90503834034735, 34.00451638682193], [135.90877583733516, 33.999868612246814], [135.90328027186717, 33.994403053558244], [135.90277500576212, 33.986869720561344], [135.89853221838734, 33.98273082826529], [135.90522749745128, 33.97754527889168], [135.91567444951636, 33.97259194526225], [135.92630472118606, 33.98138555849687], [135.93439444944443, 33.98013582820607], [135.93854277562878, 33.98102666694729], [135.94046805415758, 33.980213053889486], [135.93984083009036, 33.97768999959396], [135.9414044489563, 33.97569027878353], [135.9472613881028, 33.980666108054606], [135.95421888519354, 33.98037582848184], [135.95813082997404, 33.981515558196634], [135.9610755511959, 33.984614161514514], [135.97504639417593, 33.98612972061028], [135.97733194651232, 33.9897211074433], [135.9850222184008, 33.99183889125197], [135.98483610909932, 33.99476499920553], [135.98866778219258, 33.998193892034635], [135.99085277593508, 34.00366694567316], [136.00248917043905, 34.006991386743266], [136.00367639425042, 34.013514161449564], [136.00627666703474, 34.01496082887934], [136.00734916972863, 34.01974694526547], [136.01496360628562, 34.024597775067434], [136.01704416265818, 34.033523332336074], [136.01937416308738, 34.03668166682564], [136.02298277643422, 34.036521945431616], [136.0275236063295, 34.03291389146307], [136.03172778221153, 34.031867224493], [136.03750194595818, 34.040924161920714], [136.0389966668629, 34.036518054065084], [136.04085527864834, 34.03676305367213], [136.04112610948255, 34.03944416201864], [136.0434591703047, 34.04068277489034], [136.04410138786898, 34.0358333327423], [136.05252194613104, 34.032125558348014], [136.05333027207462, 34.03487833276898], [136.05624639395614, 34.03564027887592], [136.05498389149352, 34.03808027898185], [136.05117666736953, 34.039849720288544], [136.05070360598677, 34.04403082856004], [136.04767527929084, 34.044444720847366], [136.0481247208793, 34.04646582843537], [136.04595888539438, 34.05017082842119], [136.04030916983254, 34.05340749476022], [136.03986888514112, 34.05667499975158], [136.04136027225888, 34.05740638689542], [136.03608250280547, 34.05949389143012], [136.03389555123886, 34.055692494912876], [136.03042722403734, 34.055151386327566], [136.02401416302337, 34.05793138682418], [136.0104477820397, 34.06688861281941], [136.01160360602182, 34.07060444064257], [136.0068811148717, 34.07548777464126], [136.0008794424325, 34.07438305373512], [135.99819221779683, 34.069841945949236], [135.98836583751358, 34.06669694570763], [135.98059805395724, 34.06083944088766], [135.9714933328512, 34.06299749453893], [135.9685472239754, 34.06812972041041], [135.9710116730505, 34.070856386613116], [135.96872500645406, 34.07390582849138], [135.96998055805648, 34.08385027896736], [135.96675693908162, 34.08724972079813], [135.96930444864154, 34.09494416194366], [135.96727389097748, 34.10150166666875], [135.96374888490334, 34.10458889176408], [135.95877527875632, 34.1057724949049], [135.95481167332025, 34.11073138634458], [135.94420277583765, 34.11153055898825], [135.93645527918795, 34.119200278670064], [135.936191388422, 34.12228027861215], [135.9250000000501, 34.127111639890416], [135.92429472112462, 34.12742333232109]]]}, "properties": {"A27_001": "29450", "A27_002": "下北山村立", "A27_003": "C229210000077", "A27_004": "下北山小中学校", "A27_005": "吉野郡下北山村大字下池原600"}}, {"type": "Feature", "geometry": {"type": "Polygon", "coordinates": [[[135.679738, 34.581858], [135.675185, 34.579476], [135.671545, 34.579911], [135.672121, 34.577161], [135.670651, 34.575205], [135.67308, 34.570731], [135.678819, 34.573461], [135.68127, 34.57228], [135.680887, 34.575107], [135.685883, 34.575609], [135.688564, 34.574046], [135.693008, 34.576156], [135.692232, 34.576857], [135.695482, 34.580022], [135.694406, 34.581183], [135.696428, 34.581151], [135.694771, 34.5817], [135.696692, 34.582865], [135.694449, 34.585069], [135.69672, 34.585499], [135.696149, 34.588303], [135.690511, 34.588443], [135.686509, 34.583684], [135.684964, 34.584098], [135.685727, 34.582607], [135.679778, 34.58181], [135.679738, 34.581858]]]}, "properties": {"A27_001": "29425", "A27_002": "王寺町立", "A27_003": "C229210000068", "A27_004": "王寺南義務教育学校", "A27_005": "北葛城郡王寺町太子2-1-30"}}, {"type": "Feature", "geometry": {"type": "Polygon", "coordinates": [[[135.689901, 34.574998], [135.693914, 34.571982], [135.700387, 34.574338], [135.704892, 34.573772], [135.705598, 34.577012], [135.711977, 34.581534], [135.709425, 34.583514], [135.709464, 34.588629], [135.711132, 34.590664], [135.712187, 34.589247], [135.715926, 34.590339], [135.715713, 34.594878], [135.711512, 34.596643], [135.707516, 34.600769], [135.697062, 34.599994], [135.694628, 34.596195], [135.696285, 34.592511], [135.682417, 34.585463], [135.679738, 34.581858], [135.685727, 34.582607], [135.684964, 34.584098], [135.686509, 34.583684], [135.690511, 34.588443], [135.696149, 34.588303], [135.69672, 34.585499], [135.694449, 34.585069], [135.696692, 34.582865], [135.694771, 34.5817], [135.696428, 34.581151], [135.694448, 34.581225], [135.695482, 34.580022], [135.692232, 34.576857], [135.693008, 34.576156], [135.689901, 34.575175], [135.689901, 34.574998]]]}, "properties": {"A27_001": "29425", "A27_002": "王寺町立", "A27_003": "C229210000059", "A27_004": "王寺北義務教育学校", "A27_005": "北葛城郡王寺町本町2-6-16"}}, {"type": "Feature", "geometry": {"type": "Polygon", "coordinates": [[[135.709624, 34.208793], [135.707792, 34.208236], [135.701449, 34.212391], [135.697807, 34.211826], [135.693875, 34.217067], [135.687743, 34.217359], [135.683264, 34.221931], [135.671001, 34.224472], [135.667817, 34.224194], [135.662441, 34.218356], [135.655289, 34.216276], [135.648078, 34.218986], [135.643515, 34.215623], [135.64091, 34.213028], [135.641136, 34.209226], [135.634482, 34.204595], [135.635417, 34.202481], [135.634084, 34.198669], [135.641324, 34.191492], [135.645106, 34.190674], [135.641791, 34.182919], [135.638257, 34.181363], [135.637618, 34.179269], [135.628569, 34.176888], [135.623099, 34.169496], [135.620603, 34.168521], [135.622952, 34.162727], [135.621918, 34.158422], [135.616798, 34.155882], [135.604798, 34.154414], [135.588648, 34.147128], [135.587567, 34.142866], [135.585195, 34.140897], [135.584843, 34.132595], [135.5821, 34.128465], [135.578436, 34.115814], [135.565211, 34.112551], [135.557343, 34.108128], [135.558407, 34.103389], [135.547287, 34.100329], [135.546252, 34.098011], [135.548728, 34.096811], [135.549793, 34.084985], [135.543196, 34.081881], [135.539844, 34.075182], [135.548224, 34.068144], [135.557468, 34.070596], [135.574184, 34.078455], [135.597789, 34.078765], [135.601584, 34.074932], [135.610003, 34.071673], [135.619396, 34.065117], [135.622396, 34.064991], [135.626663, 34.067824], [135.630196, 34.066846], [135.636263, 34.069142], [135.641194, 34.075847], [135.659442, 34.08006], [135.661997, 34.083375], [135.666086, 34.085109], [135.669568, 34.091853], [135.676703, 34.094933], [135.683094, 34.094907], [135.687876, 34.099989], [135.695598, 34.103956], [135.694902, 34.109148], [135.700049, 34.112391], [135.700044, 34.119987], [135.704473, 34.123396], [135.707785, 34.129659], [135.717403, 34.132915], [135.722988, 34.137907], [135.729832, 34.139483], [135.726058, 34.148318], [135.730199, 34.155742], [135.72795, 34.160772], [135.710403, 34.166027], [135.707317, 34.174212], [135.69866, 34.174764], [135.698564, 34.180384], [135.694396, 34.18131], [135.690115, 34.184755], [135.698043, 34.190806], [135.697906, 34.195959], [135.702287, 34.197312], [135.704597, 34.201886], [135.706815, 34.198575], [135.714631, 34.206613], [135.710021, 34.208717], [135.709624, 34.208793]]]}, "properties": {"A27_001": "29447", "A27_002": "野迫川村立", "A27_003": "C229210000040", "A27_004": "野迫川小中学校", "A27_005": "吉野郡野迫川村北股51"}}, {"type": "Feature", "geometry": {"type": "Polygon", "coordinates": [[[135.915275, 34.126441], [135.923448, 34.127739], [135.933861, 34.123692], [135.944203, 34.111531], [135.954812, 34.110731], [135.958775, 34.105772], [135.963749, 34.104589], [135.96713, 34.101692], [135.969311, 34.09517], [135.966757, 34.08725], [135.969981, 34.08385], [135.968725, 34.073906], [135.971012, 34.070856], [135.968547, 34.06813], [135.971493, 34.062997], [135.980598, 34.060839], [135.988366, 34.066697], [135.998192, 34.069842], [136.000879, 34.074383], [136.006881, 34.075488], [136.011604, 34.070604], [136.010448, 34.066889], [136.024014, 34.057931], [136.030427, 34.055151], [136.033896, 34.055692], [136.036082, 34.059494], [136.04136, 34.057406], [136.039869, 34.056675], [136.040309, 34.053407], [136.045959, 34.050171], [136.048125, 34.046466], [136.047675, 34.044445], [136.050704, 34.044031], [136.051177, 34.03985], [136.054984, 34.03808], [136.056271, 34.034349], [136.062653, 34.032247], [136.066628, 34.033987], [136.072844, 34.033831], [136.078384, 34.030665], [136.078457, 34.028519], [136.081474, 34.029511], [136.08072, 34.02865], [136.082364, 34.027511], [136.085855, 34.028769], [136.096521, 34.022429], [136.10117, 34.025841], [136.104139, 34.025867], [136.101353, 34.039192], [136.09791, 34.044749], [136.092018, 34.048434], [136.097136, 34.057661], [136.093373, 34.065999], [136.094851, 34.07498], [136.096937, 34.076294], [136.096799, 34.07873], [136.093288, 34.082756], [136.094384, 34.084612], [136.097882, 34.086739], [136.103383, 34.083913], [136.118661, 34.082364], [136.102264, 34.09614], [136.107866, 34.103196], [136.103976, 34.106585], [136.103985, 34.108684], [136.105686, 34.10964], [136.104061, 34.115104], [136.100298, 34.116717], [136.099404, 34.118852], [136.100703, 34.121608], [136.105064, 34.123114], [136.108427, 34.12686], [136.101957, 34.141071], [136.106521, 34.14458], [136.105625, 34.152385], [136.110836, 34.154717], [136.114738, 34.159981], [136.113475, 34.163712], [136.110991, 34.164735], [136.112045, 34.167558], [136.104505, 34.173415], [136.105329, 34.175328], [136.107119, 34.175132], [136.109008, 34.184996], [136.095884, 34.18798], [136.092652, 34.190183], [136.094156, 34.193427], [136.093449, 34.195698], [136.090204, 34.19623], [136.087566, 34.199096], [136.081326, 34.198462], [136.074064, 34.20107], [136.069416, 34.199145], [136.063963, 34.199477], [136.057822, 34.20706], [136.047602, 34.206714], [136.04351, 34.20899], [136.038864, 34.207454], [136.035013, 34.208112], [136.028396, 34.215711], [136.024862, 34.224504], [136.027254, 34.22762], [136.02487, 34.234845], [136.01996, 34.236757], [136.016907, 34.23417], [136.003566, 34.233416], [135.996247, 34.228656], [135.983708, 34.227942], [135.972759, 34.22452], [135.965771, 34.225206], [135.96297, 34.227855], [135.955834, 34.225771], [135.953675, 34.222026], [135.954981, 34.218659], [135.951704, 34.210799], [135.945276, 34.204661], [135.945529, 34.198377], [135.943873, 34.19514], [135.946033, 34.189816], [135.94292, 34.185245], [135.943087, 34.179981], [135.935981, 34.180331], [135.931563, 34.178367], [135.913372, 34.179745], [135.911107, 34.178936], [135.909511, 34.174539], [135.903505, 34.170104], [135.904502, 34.164958], [135.910772, 34.155602], [135.90903, 34.149801], [135.905068, 34.144224], [135.908556, 34.136115], [135.91306, 34.134422], [135.915209, 34.126628], [135.915275, 34.126441]]]}, "properties": {"A27_001": "29451", "A27_002": "上北山村立", "A27_003": "C229210000031", "A27_004": "上北山やまゆり学園", "A27_005": "吉野郡上北山村河合564-2"}}, {"type": "Feature", "geometry": {"type": "Polygon", "coordinates": [[[135.680791, 34.436765], [135.678979, 34.432761], [135.672314, 34.425927], [135.668792, 34.426798], [135.664314, 34.42334], [135.666244, 34.422296], [135.666132, 34.418648], [135.669422, 34.413675], [135.673103, 34.412567], [135.677305, 34.413828], [135.680003, 34.408325], [135.684341, 34.406042], [135.686237, 34.402891], [135.692592, 34.401621], [135.70116, 34.397122], [135.703206, 34.39753], [135.703388, 34.399772], [135.709858, 34.399219], [135.714644, 34.395607], [135.722121, 34.398931], [135.720674, 34.403119], [135.722901, 34.404034], [135.722809, 34.408581], [135.725376, 34.410471], [135.723599, 34.411297], [135.724138, 34.412373], [135.722418, 34.411649], [135.722793, 34.413363], [135.721468, 34.412965], [135.722814, 34.415414], [135.722579, 34.422176], [135.729562, 34.421669], [135.731697, 34.425708], [135.729541, 34.428342], [135.729435, 34.431935], [135.726709, 34.431642], [135.724065, 34.434198], [135.720839, 34.433494], [135.719522, 34.429997], [135.713988, 34.429125], [135.713231, 34.431067], [135.704335, 34.42936], [135.707088, 34.4334], [135.688513, 34.433707], [135.688489, 34.430528], [135.683659, 34.429456], [135.680967, 34.436673], [135.680791, 34.436765]]]}, "properties": {"A27_001": "29208", "A27_002": "御所市立", "A27_003": "B129210001060", "A27_004": "葛城小学校", "A27_005": "御所市林329"}}, {"type": "Feature", "geometry": {"type": "Polygon", "coordinates": [[[135.73097, 34.43483], [135.747809, 34.435325], [135.748064, 34.439948], [135.751612, 34.438042], [135.751959, 34.441014], [135.757368, 34.443991], [135.752478, 34.451585], [135.7474, 34.453474], [135.748254, 34.45559], [135.744739, 34.455613], [135.743786, 34.458538], [135.734963, 34.458551], [135.728505, 34.446489], [135.729305, 34.444754], [135.727557, 34.439868], [135.730904, 34.434834], [135.73097, 34.43483]]]}, "properties": {"A27_001": "29208", "A27_002": "御所市立", "A27_003": "B129210001051", "A27_004": "秋津小学校", "A27_005": "御所市池之内459-3"}}, {"type": "Feature", "geometry": {"type": "Polygon", "coordinates": [[[135.750629, 34.467755], [135.749371, 34.467759], [135.749387, 34.465871], [135.746666, 34.465696], [135.747082, 34.462708], [135.744693, 34.462665], [135.744739, 34.455613], [135.748254, 34.45559], [135.7474, 34.453474], [135.753204, 34.450568], [135.757368, 34.443991], [135.755558, 34.442597], [135.758764, 34.438909], [135.758837, 34.435798], [135.762885, 34.439079], [135.759404, 34.439998], [135.759476, 34.444466], [135.76552, 34.446803], [135.768215, 34.445104], [135.769439, 34.449561], [135.763526, 34.454964], [135.763598, 34.465374], [135.760442, 34.463134], [135.757108, 34.465224], [135.751761, 34.46474], [135.75065, 34.466382], [135.750629, 34.467755]]]}, "properties": {"A27_001": "29208", "A27_002": "御所市立", "A27_003": "B129210001042", "A27_004": "掖上小学校", "A27_005": "御所市東寺田55"}}, {"type": "Feature", "geometry": {"type": "Polygon", "coordinates": [[[135.750678, 34.48167], [135.748938, 34.473049], [135.742239, 34.474512], [135.741072, 34.470642], [135.734407, 34.470705], [135.732672, 34.472712], [135.733176, 34.46802], [135.730343, 34.466697], [135.72958, 34.464553], [135.726871, 34.464527], [135.728177, 34.460945], [135.731524, 34.46023], [135.732041, 34.458376], [135.743786, 34.458538], [135.744754, 34.456852], [135.744693, 34.462665], [135.747082, 34.462708], [135.746666, 34.465696], [135.749387, 34.465871], [135.749371, 34.467759], [135.75409, 34.46788], [135.753928, 34.481714], [135.750764, 34.481715], [135.750678, 34.48167]]]}, "properties": {"A27_001": "29208", "A27_002": "御所市立", "A27_003": "B129210001033", "A27_004": "御所小学校", "A27_005": "御所市旭町610"}}, {"type": "Feature", "geometry": {"type": "Polygon", "coordinates": [[[135.718224, 34.355709], [135.727408, 34.355032], [135.729064, 34.348435], [135.730827, 34.346838], [135.734451, 34.347168], [135.736316, 34.350423], [135.737879, 34.348012], [135.748583, 34.350176], [135.750202, 34.349176], [135.752634, 34.338392], [135.761849, 34.337769], [135.763421, 34.338744], [135.764776, 34.344511], [135.768516, 34.343315], [135.771993, 34.345351], [135.770969, 34.3494], [135.772013, 34.353085], [135.767865, 34.360613], [135.773108, 34.367006], [135.77065, 34.372421], [135.77378, 34.374256], [135.773553, 34.376591], [135.771403, 34.377148], [135.77184, 34.379929], [135.759226, 34.377107], [135.755594, 34.382229], [135.756598, 34.38622], [135.754682, 34.385806], [135.755102, 34.387185], [135.747174, 34.389625], [135.744322, 34.389435], [135.743667, 34.388009], [135.742777, 34.389323], [135.740546, 34.386911], [135.736437, 34.387503], [135.732064, 34.385939], [135.728043, 34.388152], [135.723838, 34.386794], [135.721179, 34.390369], [135.717901, 34.388592], [135.715499, 34.390271], [135.713798, 34.3972], [135.71062, 34.398967], [135.703388, 34.399772], [135.703206, 34.39753], [135.701639, 34.397016], [135.696802, 34.398414], [135.692592, 34.401621], [135.686237, 34.402891], [135.684341, 34.406042], [135.680003, 34.408325], [135.679592, 34.404594], [135.687017, 34.397043], [135.690955, 34.384734], [135.681771, 34.378249], [135.691938, 34.36653], [135.688456, 34.362959], [135.687222, 34.364162], [135.684693, 34.363488], [135.683816, 34.365835], [135.682721, 34.362294], [135.686977, 34.359429], [135.69431, 34.361836], [135.695278, 34.35886], [135.699876, 34.358238], [135.700075, 34.356468], [135.701805, 34.357154], [135.703013, 34.353564], [135.707337, 34.351804], [135.714993, 34.356334], [135.717524, 34.356219], [135.718224, 34.355709]]]}, "properties": {"A27_001": "29207", "A27_002": "五條市立", "A27_003": "B129210001024", "A27_004": "五條東小学校", "A27_005": "五條市今井町1153"}}, {"type": "Feature", "geometry": {"type": "Polygon", "coordinates": [[[135.727146, 34.709344], [135.721646, 34.711351], [135.721046, 34.713579], [135.719658, 34.713134], [135.720111, 34.717268], [135.716748, 34.716914], [135.719033, 34.719625], [135.716037, 34.721929], [135.714708, 34.728088], [135.709973, 34.727909], [135.709136, 34.726417], [135.710838, 34.726117], [135.711827, 34.720998], [135.714052, 34.719581], [135.712037, 34.717932], [135.713684, 34.715293], [135.711089, 34.715286], [135.713359, 34.707933], [135.71553, 34.708075], [135.714442, 34.706349], [135.721431, 34.706453], [135.723309, 34.708664], [135.726963, 34.709283], [135.727146, 34.709344]]]}, "properties": {"A27_001": "29209", "A27_002": "生駒市立", "A27_003": "B129210001220", "A27_004": "あすか野小学校", "A27_005": "生駒市あすか野南2-5-1"}}, {"type": "Feature", "geometry": {"type": "Polygon", "coordinates": [[[135.717159, 34.690304], [135.71784, 34.694728], [135.715684, 34.697497], [135.717043, 34.700907], [135.712512, 34.697801], [135.708179, 34.700326], [135.706858, 34.698896], [135.704658, 34.699659], [135.70336, 34.701846], [135.70106, 34.700902], [135.702462, 34.698255], [135.697083, 34.695425], [135.698727, 34.695183], [135.697604, 34.69336], [135.702524, 34.693441], [135.703231, 34.691492], [135.704887, 34.692849], [135.716368, 34.690397], [135.717159, 34.690304]]]}, "properties": {"A27_001": "29209", "A27_002": "生駒市立", "A27_003": "B129210001211", "A27_004": "桜ヶ丘小学校", "A27_005": "生駒市桜ヶ丘7-15"}}, {"type": "Feature", "geometry": {"type": "Polygon", "coordinates": [[[135.738131, 34.728685], [135.739716, 34.728302], [135.738233, 34.725782], [135.739532, 34.726003], [135.740399, 34.720641], [135.741852, 34.722769], [135.740205, 34.725718], [135.740747, 34.728101], [135.744479, 34.728089], [135.742026, 34.725961], [135.742642, 34.724839], [135.746032, 34.727714], [135.746266, 34.725419], [135.752469, 34.724658], [135.752246, 34.727021], [135.753636, 34.725047], [135.755451, 34.726991], [135.755279, 34.73392], [135.757031, 34.736009], [135.746888, 34.742256], [135.740527, 34.739046], [135.738119, 34.743029], [135.737721, 34.737082], [135.735845, 34.735371], [135.738134, 34.728823], [135.738131, 34.728685]]]}, "properties": {"A27_001": "29209", "A27_002": "生駒市立", "A27_003": "B129210001202", "A27_004": "鹿ノ台小学校", "A27_005": "生駒市鹿ノ台西1-5-2"}}, {"type": "Feature", "geometry": {"type": "Polygon", "coordinates": [[[135.697946, 34.615881], [135.690392, 34.613549], [135.69024, 34.61076], [135.686769, 34.608992], [135.684872, 34.60889], [135.687108, 34.610407], [135.683399, 34.611254], [135.689598, 34.611433], [135.684265, 34.614379], [135.676934, 34.612668], [135.672735, 34.608415], [135.674649, 34.607104], [135.678799, 34.608267], [135.680108, 34.607582], [135.678448, 34.606691], [135.685868, 34.604831], [135.684987, 34.605792], [135.690118, 34.606582], [135.690139, 34.60837], [135.692955, 34.608294], [135.693431, 34.604998], [135.698075, 34.603213], [135.698514, 34.600809], [135.69721, 34.600091], [135.707059, 34.600848], [135.709296, 34.598964], [135.711173, 34.599484], [135.710812, 34.603492], [135.712126, 34.604274], [135.708511, 34.607644], [135.711029, 34.610119], [135.703012, 34.611127], [135.701944, 34.613987], [135.698481, 34.615767], [135.697946, 34.615881]]]}, "properties": {"A27_001": "29343", "A27_002": "三郷町立", "A27_003": "B129210001293", "A27_004": "三郷北小学校", "A27_005": "生駒郡三郷町美松ヶ丘西2-11-1"}}, {"type": "Feature", "geometry": {"type": "Polygon", "coordinates": [[[135.67326, 34.607268], [135.674329, 34.606141], [135.676083, 34.60697], [135.674798, 34.605959], [135.671068, 34.607149], [135.665577, 34.612536], [135.661406, 34.612342], [135.658766, 34.614732], [135.656738, 34.611594], [135.653224, 34.611263], [135.650121, 34.607833], [135.653217, 34.603261], [135.661169, 34.601912], [135.671097, 34.603746], [135.675694, 34.601739], [135.674864, 34.599816], [135.677981, 34.593913], [135.677635, 34.59125], [135.679151, 34.591166], [135.67708, 34.589201], [135.680009, 34.587507], [135.680555, 34.585088], [135.696285, 34.592511], [135.694628, 34.596195], [135.698514, 34.600809], [135.698075, 34.603213], [135.693431, 34.604998], [135.693056, 34.608251], [135.690139, 34.60837], [135.690118, 34.606582], [135.684987, 34.605792], [135.685868, 34.604831], [135.678448, 34.606691], [135.680108, 34.607582], [135.678799, 34.608267], [135.673309, 34.607282], [135.67326, 34.607268]]]}, "properties": {"A27_001": "29343", "A27_002": "三郷町立", "A27_003": "B129210001284", "A27_004": "三郷小学校", "A27_005": "生駒郡三郷町勢野西1-6-1"}}, {"type": "Feature", "geometry": {"type": "Polygon", "coordinates": [[[135.711029, 34.610119], [135.714061, 34.613026], [135.713316, 34.615156], [135.71554, 34.618143], [135.717927, 34.618857], [135.718681, 34.624563], [135.721144, 34.627009], [135.718825, 34.629771], [135.717868, 34.635394], [135.715824, 34.636641], [135.714249, 34.635676], [135.715298, 34.633746], [135.713736, 34.631569], [135.715631, 34.63335], [135.717755, 34.631856], [135.717261, 34.628584], [135.714253, 34.625848], [135.705584, 34.625018], [135.705621, 34.623048], [135.703598, 34.622384], [135.701774, 34.62314], [135.702175, 34.619448], [135.697946, 34.615881], [135.701944, 34.613987], [135.703012, 34.611127], [135.709997, 34.609761], [135.711029, 34.610119]]]}, "properties": {"A27_001": "29342", "A27_002": "平群町立", "A27_003": "B129210001275", "A27_004": "平群南小学校", "A27_005": "生駒郡平群町椿井820"}}, {"type": "Feature", "geometry": {"type": "Polygon", "coordinates": [[[135.720152, 34.64649], [135.718787, 34.648333], [135.712552, 34.649252], [135.706953, 34.647841], [135.700097, 34.649219], [135.692391, 34.654519], [135.691063, 34.65213], [135.688913, 34.653251], [135.686034, 34.660174], [135.675687, 34.662247], [135.671104, 34.661557], [135.669517, 34.657281], [135.664913, 34.652724], [135.664192, 34.650078], [135.665844, 34.649026], [135.664083, 34.642965], [135.672197, 34.63938], [135.683838, 34.637409], [135.685963, 34.639203], [135.689696, 34.638254], [135.694219, 34.640186], [135.696032, 34.637176], [135.703252, 34.635214], [135.710507, 34.63661], [135.716963, 34.640886], [135.720146, 34.64647], [135.720152, 34.64649]]]}, "properties": {"A27_001": "29342", "A27_002": "平群町立", "A27_003": "B129210001266", "A27_004": "平群北小学校", "A27_005": "生駒郡平群町緑ヶ丘1-4-1"}}, {"type": "Feature", "geometry": {"type": "Polygon", "coordinates": [[[135.697946, 34.615881], [135.702175, 34.619448], [135.701774, 34.62314], [135.703598, 34.622384], [135.705621, 34.623048], [135.705584, 34.625018], [135.714253, 34.625848], [135.717261, 34.628584], [135.717755, 34.631856], [135.715631, 34.63335], [135.713728, 34.631634], [135.715298, 34.633746], [135.714249, 34.635676], [135.715824, 34.636641], [135.717868, 34.635394], [135.719188, 34.637079], [135.716066, 34.640496], [135.710507, 34.63661], [135.703252, 34.635214], [135.696032, 34.637176], [135.694219, 34.640186], [135.689696, 34.638254], [135.685963, 34.639203], [135.683838, 34.637409], [135.672197, 34.63938], [135.664111, 34.642668], [135.662619, 34.640117], [135.662972, 34.63593], [135.661161, 34.635626], [135.663398, 34.633285], [135.663196, 34.629521], [135.658888, 34.62313], [135.657777, 34.616461], [135.660685, 34.612772], [135.665512, 34.612571], [135.669632, 34.607823], [135.675166, 34.605977], [135.676018, 34.607054], [135.67394, 34.606242], [135.672735, 34.608415], [135.676934, 34.612668], [135.684265, 34.614379], [135.687635, 34.613231], [135.689569, 34.611057], [135.683399, 34.611254], [135.687108, 34.610407], [135.684872, 34.60889], [135.686769, 34.608992], [135.69024, 34.61076], [135.690392, 34.613549], [135.697915, 34.615886], [135.697946, 34.615881]]]}, "properties": {"A27_001": "29342", "A27_002": "平群町立", "A27_003": "B129210001257", "A27_004": "平群小学校", "A27_005": "生駒郡平群町吉新2-2-13"}}, {"type": "Feature", "geometry": {"type": "Polygon", "coordinates": [[[135.68323, 34.660601], [135.686034, 34.660174], [135.688913, 34.653251], [135.691063, 34.65213], [135.692391, 34.654519], [135.700097, 34.649219], [135.706953, 34.647841], [135.712552, 34.649252], [135.718787, 34.648333], [135.720152, 34.64649], [135.726577, 34.648908], [135.728706, 34.654724], [135.727866, 34.657021], [135.729574, 34.658595], [135.727474, 34.6618], [135.719336, 34.663366], [135.716574, 34.657133], [135.710438, 34.658851], [135.708596, 34.656599], [135.708369, 34.663575], [135.704846, 34.664563], [135.698904, 34.662337], [135.693225, 34.663046], [135.686775, 34.661246], [135.682085, 34.662355], [135.683205, 34.660689], [135.68323, 34.660601]]]}, "properties": {"A27_001": "29209", "A27_002": "生駒市立", "A27_003": "B129210001248", "A27_004": "生駒南第二小学校", "A27_005": "生駒市小平尾町927"}}, {"type": "Feature", "geometry": {"type": "MultiPolygon", "coordinates": [[[[135.718979, 34.666705], [135.717846, 34.664459], [135.722794, 34.66537], [135.719019, 34.66666], [135.718979, 34.666705]]], [[[135.721859, 34.680007], [135.719768, 34.677603], [135.710936, 34.680321], [135.699036, 34.677955], [135.696218, 34.674474], [135.699745, 34.671257], [135.702053, 34.673717], [135.704562, 34.673973], [135.708007, 34.671794], [135.707808, 34.669849], [135.713431, 34.667562], [135.720932, 34.667632], [135.726786, 34.665605], [135.726854, 34.672549], [135.723511, 34.673964], [135.721997, 34.679769], [135.721859, 34.680007]]]]}, "properties": {"A27_001": "29209", "A27_002": "生駒市立", "A27_003": "B129210001239", "A27_004": "壱分小学校", "A27_005": "生駒市壱分町356-1"}}, {"type": "Feature", "geometry": {"type": "Polygon", "coordinates": [[[135.68257, 34.711043], [135.673019, 34.701636], [135.674126, 34.698014], [135.673098, 34.690146], [135.67719, 34.684908], [135.684896, 34.686733], [135.68103, 34.69112], [135.686525, 34.691801], [135.685029, 34.695106], [135.686946, 34.696948], [135.692923, 34.697005], [135.697157, 34.695138], [135.702502, 34.69842], [135.697666, 34.705889], [135.697883, 34.707326], [135.702017, 34.707484], [135.702669, 34.708865], [135.699233, 34.709181], [135.694459, 34.713072], [135.687881, 34.710307], [135.682777, 34.710867], [135.68257, 34.711043]]]}, "properties": {"A27_001": "29209", "A27_002": "生駒市立", "A27_003": "B129210001195", "A27_004": "俵口小学校", "A27_005": "生駒市俵口町614-1"}}, {"type": "Feature", "geometry": {"type": "Polygon", "coordinates": [[[135.986306, 34.699153], [135.98931944173899, 34.685243333013545], [135.9963186125142, 34.68688166665578], [135.99844333279373, 34.683961666897574], [136.00251082971124, 34.68563999968643], [136.00366888491124, 34.68389416198613], [136.013966108849, 34.68444305330445], [136.0138313877086, 34.68326222457216], [136.01771416297845, 34.68536833248271], [136.02132083019228, 34.69504499992695], [136.0238850059884, 34.696755559021994], [136.02600500572657, 34.6946169460154], [136.02740917029712, 34.69683277481289], [136.03036138826758, 34.69399610803413], [136.0351016734037, 34.69396610755001], [136.03521055792112, 34.69897249488491], [136.03477444878195, 34.6967186130737], [136.03230693931403, 34.699266107345125], [136.03347472068197, 34.701692224616636], [136.03661805447985, 34.70021944087466], [136.03695277585007, 34.702891386928115], [136.03960389090707, 34.70087833276898], [136.03997972838192, 34.70267249464007], [136.04262861222082, 34.702965278824706], [136.04652194643086, 34.69717472043715], [136.054855, 34.702922], [136.05404527896667, 34.706131945533], [136.06432000006816, 34.70822194568643], [136.0710791696681, 34.71475361288907], [136.06729500595998, 34.71758999997866], [136.06883472084587, 34.71982027818348], [136.06808444883848, 34.72382555820309], [136.0629508299171, 34.72652389126472], [136.06265306079035, 34.73057389187176], [136.05746583687903, 34.737102774773405], [136.05547639442023, 34.73855555849241], [136.04997916970308, 34.738596108024126], [136.0429050062612, 34.73597499974659], [136.03947416280255, 34.72015555893205], [136.03380917045706, 34.71769861290085], [136.0312677816829, 34.713753612639266], [136.02889389074062, 34.71324610722223], [136.02781306122392, 34.709885278682805], [136.02876472111518, 34.706313612183635], [136.01926000044887, 34.70859694589251], [136.01334472138194, 34.70798805360596], [136.01340805433847, 34.71314694527547], [136.00932250263156, 34.71661416181428], [136.00493778245288, 34.717314161719344], [135.99968527945225, 34.71295472058404], [135.99214972782784, 34.712153053221016], [135.99230250285837, 34.71461555886111], [135.9864186780894, 34.71517408749284], [135.98603992638857, 34.71269657483677], [135.9873606985131, 34.71207341061641], [135.98597428427368, 34.7115723763965], [135.98500866044617, 34.70487876860164], [135.98721091663654, 34.704956459981], [135.98778886107996, 34.70325706852801], [135.98627326596582, 34.6992676000486], [135.986306, 34.699153]]]}, "properties": {"A27_001": "29201", "A27_002": "奈良市立", "A27_003": "B129210001104", "A27_004": "月ヶ瀬小学校", "A27_005": "奈良市月ヶ瀬尾山2350-1"}}, {"type": "Feature", "geometry": {"type": "MultiPolygon", "coordinates": [[[[135.734303, 34.717004], [135.736721, 34.718568], [135.735947, 34.720901], [135.739033, 34.723819], [135.737679, 34.729725], [135.727252, 34.729423], [135.727737, 34.726913], [135.721828, 34.72566], [135.717223, 34.727808], [135.715819, 34.730241], [135.71254, 34.728948], [135.714708, 34.728088], [135.716037, 34.721929], [135.719033, 34.719625], [135.716748, 34.716914], [135.720351, 34.717042], [135.719479, 34.713712], [135.721625, 34.712995], [135.721687, 34.711324], [135.729123, 34.709858], [135.727761, 34.712158], [135.729608, 34.712523], [135.731235, 34.715734], [135.734234, 34.714634], [135.734194, 34.716923], [135.734303, 34.717004]]], [[[135.711093, 34.715365], [135.713684, 34.715293], [135.712037, 34.717932], [135.714052, 34.719581], [135.711827, 34.720998], [135.710838, 34.726117], [135.709136, 34.726417], [135.709191, 34.722976], [135.71127, 34.72168], [135.711332, 34.715596], [135.711093, 34.715365]]]]}, "properties": {"A27_001": "29209", "A27_002": "生駒市立", "A27_003": "B129210001186", "A27_004": "真弓小学校", "A27_005": "生駒市真弓1-11-15"}}, {"type": "Feature", "geometry": {"type": "Polygon", "coordinates": [[[135.67719, 34.684908], [135.677994, 34.679648], [135.679035, 34.677901], [135.681238, 34.679019], [135.681894, 34.675535], [135.684469, 34.677159], [135.691726, 34.673755], [135.696338, 34.674191], [135.699036, 34.677955], [135.710936, 34.680321], [135.719768, 34.677603], [135.721859, 34.680007], [135.717159, 34.690304], [135.709116, 34.692059], [135.705236, 34.682742], [135.701529, 34.686464], [135.695673, 34.683125], [135.691803, 34.684173], [135.690929, 34.681322], [135.684211, 34.683213], [135.684896, 34.686733], [135.678127, 34.685188], [135.67719, 34.684908]]]}, "properties": {"A27_001": "29209", "A27_002": "生駒市立", "A27_003": "B129210001177", "A27_004": "生駒東小学校", "A27_005": "生駒市東生駒4-398-110"}}, {"type": "Feature", "geometry": {"type": "Polygon", "coordinates": [[[135.706848, 34.748735], [135.701626, 34.750842], [135.697979, 34.749661], [135.699196, 34.74571], [135.696793, 34.743695], [135.700093, 34.735549], [135.700599, 34.729821], [135.704136, 34.723781], [135.698155, 34.720914], [135.687606, 34.711383], [135.68257, 34.711043], [135.687881, 34.710307], [135.694459, 34.713072], [135.699233, 34.709181], [135.700458, 34.710013], [135.702986, 34.708621], [135.697883, 34.707326], [135.700839, 34.701173], [135.703912, 34.701717], [135.704658, 34.699659], [135.706858, 34.698896], [135.708179, 34.700326], [135.713055, 34.697806], [135.717907, 34.701737], [135.713632, 34.703114], [135.713201, 34.705574], [135.71553, 34.708075], [135.713359, 34.707933], [135.711918, 34.710791], [135.71127, 34.72168], [135.708537, 34.725546], [135.711129, 34.728756], [135.71553, 34.729322], [135.718316, 34.740278], [135.717131, 34.741091], [135.716057, 34.739228], [135.7115, 34.738527], [135.715078, 34.74485], [135.70707, 34.74858], [135.706848, 34.748735]]]}, "properties": {"A27_001": "29209", "A27_002": "生駒市立", "A27_003": "B129210001168", "A27_004": "生駒台小学校", "A27_005": "生駒市新生駒台1-33"}}, {"type": "Feature", "geometry": {"type": "Polygon", "coordinates": [[[135.748969, 34.741746], [135.747167, 34.746465], [135.736395, 34.749967], [135.736636, 34.755303], [135.733202, 34.754879], [135.728635, 34.777998], [135.726574, 34.775857], [135.720717, 34.774461], [135.715627, 34.779936], [135.711911, 34.781356], [135.709749, 34.780372], [135.709786, 34.777431], [135.706593, 34.772451], [135.710042, 34.771514], [135.70843, 34.766385], [135.710296, 34.754289], [135.706848, 34.748735], [135.715078, 34.74485], [135.7115, 34.738527], [135.716057, 34.739228], [135.717131, 34.741091], [135.718316, 34.740278], [135.71568, 34.730222], [135.717223, 34.727808], [135.721828, 34.72566], [135.727737, 34.726913], [135.727252, 34.729423], [135.737549, 34.729756], [135.735845, 34.735371], [135.737721, 34.737082], [135.738119, 34.743029], [135.740527, 34.739046], [135.744642, 34.741943], [135.748911, 34.741762], [135.748969, 34.741746]]]}, "properties": {"A27_001": "29209", "A27_002": "生駒市立", "A27_003": "B129210001159", "A27_004": "生駒北小中学校", "A27_005": "生駒市高山町6794"}}, {"type": "Feature", "geometry": {"type": "Polygon", "coordinates": [[[135.678705, 34.678402], [135.671054, 34.66692], [135.670072, 34.662923], [135.671104, 34.661557], [135.675989, 34.662235], [135.68323, 34.660601], [135.682085, 34.662355], [135.686775, 34.661246], [135.693225, 34.663046], [135.698904, 34.662337], [135.704846, 34.664563], [135.708369, 34.663575], [135.708596, 34.656599], [135.710438, 34.658851], [135.716574, 34.657133], [135.718268, 34.663189], [135.727474, 34.6618], [135.726399, 34.665824], [135.720891, 34.667638], [135.713431, 34.667562], [135.707808, 34.669849], [135.708007, 34.671794], [135.705509, 34.673673], [135.702053, 34.673717], [135.699745, 34.671257], [135.696338, 34.674191], [135.691726, 34.673755], [135.684469, 34.677159], [135.681894, 34.675535], [135.681238, 34.679019], [135.678714, 34.678386], [135.678705, 34.678402]], [[135.718979, 34.666705], [135.722794, 34.66537], [135.717846, 34.664459], [135.71891, 34.666744], [135.718979, 34.666705]]]}, "properties": {"A27_001": "29209", "A27_002": "生駒市立", "A27_003": "B129210001140", "A27_004": "生駒南小学校", "A27_005": "生駒市萩原町335"}}, {"type": "Feature", "geometry": {"type": "Polygon", "coordinates": [[[135.697157, 34.695138], [135.692923, 34.697005], [135.686946, 34.696948], [135.685236, 34.695495], [135.686525, 34.691801], [135.68103, 34.69112], [135.684929, 34.686952], [135.684211, 34.683213], [135.691016, 34.681327], [135.691803, 34.684173], [135.695673, 34.683125], [135.701529, 34.686464], [135.705236, 34.682742], [135.709116, 34.692059], [135.704887, 34.692849], [135.703231, 34.691492], [135.703399, 34.692988], [135.697604, 34.69336], [135.698727, 34.695183], [135.697254, 34.694993], [135.697157, 34.695138]]]}, "properties": {"A27_001": "29209", "A27_002": "生駒市立", "A27_003": "B129210001131", "A27_004": "生駒小学校", "A27_005": "生駒市山崎町4-44"}}, {"type": "Feature", "geometry": {"type": "Polygon", "coordinates": [[[136.062467, 34.619958], [136.068858, 34.622304], [136.069424, 34.628564], [136.072824, 34.631385], [136.072025, 34.63271], [136.073565, 34.634813], [136.071412, 34.637101], [136.071223, 34.640539], [136.067859, 34.643982], [136.064846, 34.651564], [136.063012, 34.650554], [136.058216, 34.652811], [136.050474, 34.652296], [136.039552, 34.661396], [136.04093, 34.663752], [136.044119, 34.660101], [136.064409, 34.651926], [136.070426, 34.657683], [136.077781, 34.658761], [136.078159, 34.6632], [136.081973, 34.665172], [136.083352, 34.667583], [136.082223, 34.669932], [136.086465, 34.675347], [136.084733, 34.678173], [136.082017, 34.67912], [136.08263, 34.68178], [136.079654, 34.684007], [136.079051, 34.689432], [136.074618, 34.698105], [136.059662, 34.699819], [136.056005, 34.703474], [136.046127, 34.69715], [136.042629, 34.702965], [136.03998, 34.702672], [136.039604, 34.700878], [136.036897, 34.702882], [136.036618, 34.700219], [136.033475, 34.701692], [136.0323, 34.699232], [136.034823, 34.696714], [136.035144, 34.699087], [136.035403, 34.694159], [136.030361, 34.693996], [136.027409, 34.696833], [136.026005, 34.694617], [136.023885, 34.696756], [136.021321, 34.695045], [136.017714, 34.685368], [136.013798, 34.683262], [136.013966, 34.684443], [136.003669, 34.683894], [136.002511, 34.68564], [135.998443, 34.683962], [135.996319, 34.686882], [135.989319, 34.685243], [135.986307, 34.699154], [135.982763, 34.697744], [135.980791, 34.6995], [135.978686, 34.693187], [135.979333, 34.690845], [135.9731, 34.688821], [135.969446, 34.685517], [135.960486, 34.686536], [135.952982, 34.681073], [135.954401, 34.673504], [135.960021, 34.670546], [135.958949, 34.668304], [135.960357, 34.663606], [135.958462, 34.66047], [135.960892, 34.656691], [135.955011, 34.654686], [135.957133, 34.653782], [135.9786, 34.655814], [135.980658, 34.657994], [135.975029, 34.659469], [135.983352, 34.659217], [135.983526, 34.663127], [135.980708, 34.663351], [135.983998, 34.667489], [135.988785, 34.668813], [135.993591, 34.667413], [135.992185, 34.664127], [135.993309, 34.662998], [135.990556, 34.660572], [135.990232, 34.657932], [135.986708, 34.656263], [135.994254, 34.652962], [135.992751, 34.649705], [135.995754, 34.648799], [136.000061, 34.641123], [135.999068, 34.637753], [135.993345, 34.635159], [135.993888, 34.631007], [135.990797, 34.630163], [135.992729, 34.628171], [136.004395, 34.625154], [136.006173, 34.627532], [136.011303, 34.627948], [136.016353, 34.630441], [136.020854, 34.635538], [136.023739, 34.635696], [136.035221, 34.62751], [136.036716, 34.628894], [136.041374, 34.623131], [136.040893, 34.624602], [136.043294, 34.6269], [136.043691, 34.62227], [136.045907, 34.623273], [136.050737, 34.621048], [136.057661, 34.621684], [136.061985, 34.619997], [136.062467, 34.619958]]]}, "properties": {"A27_001": "29322", "A27_002": "山添村立", "A27_003": "B129210001122", "A27_004": "やまぞえ小学校", "A27_005": "山辺郡山添村春日1770-1"}}, {"type": "Feature", "geometry": {"type": "Polygon", "coordinates": [[[135.946122, 34.560298], [135.95901389137816, 34.55804694600994], [135.96670416326674, 34.55983889195147], [135.9735144494325, 34.55929861254111], [135.97380980477885, 34.562628972948914], [135.97658834027982, 34.565333891745865], [135.9750150060379, 34.56807972070271], [135.9758213876471, 34.57072610802362], [135.97422194608612, 34.57226694526349], [135.9753811146469, 34.57626638688441], [135.9733861089819, 34.57858444071951], [135.9780274974712, 34.58086472033074], [135.976637782308, 34.58471666684085], [135.9718716731394, 34.58466416172183], [135.9695611151535, 34.58664694560025], [135.96967693883983, 34.5887166669408], [135.97272861193608, 34.59305305395543], [135.9811611149936, 34.59633833224842], [135.975770557965, 34.596079440813696], [135.98085167266674, 34.59699555859834], [135.9801922177968, 34.5991824948764], [135.97521834005454, 34.59943805342357], [135.97954639395107, 34.599948612938306], [135.97801250307475, 34.600436666918824], [135.97997082989002, 34.60065389186377], [135.97861834036428, 34.60389777436296], [135.98429167302243, 34.604213053289925], [135.98386527925936, 34.60768305323046], [135.98942666700725, 34.61052861250562], [135.9937380537683, 34.61032610766392], [135.994539728326, 34.61448666642667], [135.9995250058745, 34.61837249489491], [135.9994341626567, 34.62227472070197], [135.99570250316822, 34.623146108006665], [135.99459555104397, 34.62602805385177], [135.991366394044, 34.62613416126271], [135.99272944250993, 34.628171107710614], [135.99079527867934, 34.63010749466531], [135.99388834037484, 34.63100666652463], [135.99348360588385, 34.63535222482545], [135.99923861227228, 34.63792305380605], [135.99985610927217, 34.642014161524514], [135.9957541629244, 34.6487988916557], [135.99275083018688, 34.64970499998594], [135.99425444898384, 34.65296249462358], [135.9867083402179, 34.65626333298661], [135.98940888471247, 34.65698527904755], [135.9933091697825, 34.662998332407255], [135.99218527892765, 34.664127224392075], [135.99360722399433, 34.66738027907678], [135.99188444940796, 34.668302774853316], [135.98402138807683, 34.667505558235064], [135.9809541630044, 34.66480638700534], [135.98146277638625, 34.66245582897352], [135.98269416320522, 34.66393555817962], [135.98372389144458, 34.66268305348029], [135.98322360578493, 34.65912555849792], [135.9750508296322, 34.65949389202967], [135.9806580540261, 34.65799361241545], [135.9787422183789, 34.655871945334184], [135.96744167299494, 34.654266945962945], [135.9664283402958, 34.655552224655594], [135.96551416324826, 34.65407555854034], [135.95551940510725, 34.653238119100735], [135.9536782713455, 34.647409883097374], [135.95529738462366, 34.64228215533578], [135.9456403282564, 34.642381097398], [135.939884, 34.640164], [135.9434294425149, 34.63749444051621], [135.94365000034736, 34.6312933326214], [135.9475572236871, 34.63084610786177], [135.950828611951, 34.62201138661635], [135.94469082981811, 34.620338891326924], [135.938275551076, 34.613086386927364], [135.93355693870194, 34.61269972071568], [135.9345741627676, 34.61012389150454], [135.9405627761514, 34.6069963866741], [135.94032666724206, 34.60443361292107], [135.93592221773633, 34.60235777439192], [135.93912834040077, 34.599276108006165], [135.93914360639246, 34.596398891695685], [135.93731666693077, 34.59442027887292], [135.93233194606262, 34.59582333278075], [135.92971666719063, 34.591553054030385], [135.9248655514042, 34.59032610806361], [135.9285474972694, 34.58893361219663], [135.93068805371092, 34.58586361271574], [135.92984027181126, 34.583755828468895], [135.93346111503865, 34.582468612636546], [135.93609082982812, 34.57903805336366], [135.9365136065179, 34.57433861273694], [135.93952749729635, 34.57441110798641], [135.94082833965638, 34.57042527850399], [135.9444938908805, 34.56705389192376], [135.94252749714644, 34.56539833266709], [135.94292138851142, 34.56326527837007], [135.94605500603393, 34.560371108040385], [135.946122, 34.560298]]]}, "properties": {"A27_001": "29201", "A27_002": "奈良市立", "A27_003": "B129210001113", "A27_004": "都祁小学校", "A27_005": "奈良市都祁白石町974"}}, {"type": "Feature", "geometry": {"type": "Polygon", "coordinates": [[[135.765416, 34.420341], [135.765162, 34.421953], [135.760725, 34.424211], [135.759275, 34.429238], [135.762171, 34.437524], [135.765405, 34.441661], [135.771097, 34.440777], [135.772245, 34.443769], [135.768781, 34.445666], [135.765371, 34.446788], [135.759476, 34.444466], [135.759404, 34.439998], [135.762885, 34.439079], [135.758837, 34.435798], [135.758764, 34.438909], [135.755558, 34.442597], [135.751959, 34.441014], [135.751612, 34.438042], [135.748064, 34.439948], [135.747809, 34.435325], [135.73097, 34.43483], [135.72944, 34.429376], [135.731697, 34.425708], [135.729562, 34.421669], [135.722587, 34.42221], [135.722814, 34.415414], [135.721468, 34.412965], [135.722793, 34.413363], [135.722418, 34.411649], [135.724138, 34.412373], [135.725208, 34.409689], [135.722979, 34.408871], [135.722985, 34.404236], [135.720674, 34.403119], [135.72219, 34.399016], [135.714644, 34.395607], [135.715587, 34.390097], [135.718096, 34.388564], [135.721179, 34.390369], [135.723838, 34.386794], [135.728043, 34.388152], [135.732064, 34.385939], [135.742626, 34.3879], [135.744422, 34.393106], [135.741312, 34.396219], [135.741588, 34.399633], [135.739524, 34.40256], [135.743105, 34.408305], [135.748421, 34.406359], [135.751304, 34.408546], [135.749504, 34.413607], [135.755791, 34.412646], [135.761689, 34.419337], [135.765373, 34.420224], [135.765416, 34.420341]]]}, "properties": {"A27_001": "29208", "A27_002": "御所市立", "A27_003": "B129210001097", "A27_004": "葛小学校", "A27_005": "御所市樋野270"}}, {"type": "Feature", "geometry": {"type": "Polygon", "coordinates": [[[135.732672, 34.472712], [135.726952, 34.473556], [135.723829, 34.468608], [135.717412, 34.467379], [135.716152, 34.467815], [135.717001, 34.46998], [135.712599, 34.470649], [135.710049, 34.470094], [135.709473, 34.468335], [135.70827, 34.469498], [135.709219, 34.467717], [135.702298, 34.46532], [135.690131, 34.466127], [135.687946, 34.464297], [135.682169, 34.464866], [135.682408, 34.456045], [135.686834, 34.452141], [135.686864, 34.449914], [135.689455, 34.451904], [135.699585, 34.448791], [135.705144, 34.450341], [135.709509, 34.447559], [135.71471, 34.449472], [135.716873, 34.447681], [135.722798, 34.450617], [135.724901, 34.450494], [135.724978, 34.448682], [135.729467, 34.448775], [135.734216, 34.458431], [135.728177, 34.460945], [135.726871, 34.464527], [135.72958, 34.464553], [135.730343, 34.466697], [135.733176, 34.46802], [135.732715, 34.472481], [135.732672, 34.472712]]]}, "properties": {"A27_001": "29208", "A27_002": "御所市立", "A27_003": "B129210001088", "A27_004": "大正小学校", "A27_005": "御所市櫛羅2198-1"}}, {"type": "Feature", "geometry": {"type": "Polygon", "coordinates": [[[135.686864, 34.449914], [135.680955, 34.441717], [135.681595, 34.432445], [135.683582, 34.429477], [135.688489, 34.430528], [135.688513, 34.433707], [135.707043, 34.433414], [135.704335, 34.42936], [135.713231, 34.431067], [135.713988, 34.429125], [135.719602, 34.430029], [135.721198, 34.43362], [135.724846, 34.433991], [135.726709, 34.431642], [135.731161, 34.433321], [135.727557, 34.439868], [135.729467, 34.448775], [135.724978, 34.448682], [135.724901, 34.450494], [135.722798, 34.450617], [135.716873, 34.447681], [135.71471, 34.449472], [135.709509, 34.447559], [135.705144, 34.450341], [135.699585, 34.448791], [135.689455, 34.451904], [135.687007, 34.449993], [135.686864, 34.449914]]]}, "properties": {"A27_001": "29208", "A27_002": "御所市立", "A27_003": "B129210001079", "A27_004": "名柄小学校", "A27_005": "御所市名柄185"}}, {"type": "Feature", "geometry": {"type": "Polygon", "coordinates": [[[135.81623082968918, 34.647546666645496], [135.8162991700708, 34.641171387050065], [135.81400444914618, 34.64054472056256], [135.8165925028419, 34.63985805400614], [135.81662666718717, 34.63703138678926], [135.8294930608563, 34.63714694607489], [135.82954805439942, 34.63527833292886], [135.83405805373638, 34.63351389185277], [135.83448888475436, 34.63613666657409], [135.84686472073042, 34.63876027856418], [135.84756666676844, 34.637398053877234], [135.84529389110037, 34.6341597201951], [135.84956861250168, 34.63406944085216], [135.84960194587325, 34.63284777480516], [135.84570194588832, 34.6266388913719], [135.85316389070113, 34.626717774505835], [135.85411722423066, 34.62421582819809], [135.8516822180601, 34.62305416132068], [135.8552936058154, 34.619529440331576], [135.86165082972218, 34.61865305369565], [135.86869610873862, 34.62057694546985], [135.86991194627944, 34.61299666696277], [135.86732277562578, 34.609869440922125], [135.8685525031956, 34.608751386667336], [135.87003833969777, 34.60948694576609], [135.87082500636916, 34.6079405588099], [135.87118138791095, 34.60972499990896], [135.87273861169774, 34.6071669457981], [135.87316944181646, 34.60994722418519], [135.87410221774337, 34.608880278402296], [135.87490194616805, 34.61155889202939], [135.87898250304022, 34.61311889202341], [135.89181610922628, 34.60950638641077], [135.89437416333715, 34.61090749418565], [135.89198389124374, 34.61812499966919], [135.8952258375026, 34.62318055833629], [135.8935300003094, 34.6245388916567], [135.89565583664773, 34.62788027865213], [135.89431444925265, 34.63250527879575], [135.89680151214776, 34.63498027871708], [135.89448767556414, 34.63936595108317], [135.89484063245249, 34.64266430983406], [135.89239558888943, 34.64424552709059], [135.89177306697502, 34.647671404578404], [135.88847336744556, 34.646033334800606], [135.88516481533867, 34.64837846721637], [135.8892776697701, 34.651688974336174], [135.88579694332134, 34.65254834291349], [135.88552769388252, 34.653899655916945], [135.88220568973045, 34.65498553331115], [135.87783937717518, 34.65296867435314], [135.87016270592184, 34.65272589496944], [135.8705261718392, 34.65099697717697], [135.86577217449198, 34.64568455953358], [135.85704455581404, 34.64376647235676], [135.85184596944148, 34.64572811707146], [135.84132767889824, 34.644355835998645], [135.84015563818963, 34.64630962303109], [135.82825106951293, 34.645697169638915], [135.82009780541898, 34.64886373864777], [135.81626147011627, 34.64776086373397], [135.81623082968918, 34.647546666645496]]]}, "properties": {"A27_001": "29201", "A27_002": "奈良市立", "A27_003": "B129210000132", "A27_004": "帯解小学校", "A27_005": "奈良市柴屋町9"}}, {"type": "Feature", "geometry": {"type": "Polygon", "coordinates": [[[135.975868, 34.564212], [135.986192, 34.566132], [135.992739, 34.562805], [135.990083, 34.55834], [135.996316, 34.551578], [136.002563, 34.549193], [136.008869, 34.551504], [136.014532, 34.547379], [136.014717, 34.542512], [136.017571, 34.539511], [136.019528, 34.539657], [136.020883, 34.535784], [136.01882, 34.534245], [136.018527, 34.531435], [136.022049, 34.529052], [136.017377, 34.522168], [136.014887, 34.521291], [136.01556, 34.518687], [136.026634, 34.513214], [136.027531, 34.5044], [136.030315, 34.498169], [136.027357, 34.493007], [136.030568, 34.493146], [136.032048, 34.491126], [136.039431, 34.489403], [136.039244, 34.479642], [136.050846, 34.477686], [136.054695, 34.479167], [136.059545, 34.477922], [136.062582, 34.478919], [136.070125, 34.476506], [136.073334, 34.478221], [136.068387, 34.485449], [136.068758, 34.488714], [136.070952, 34.491887], [136.080178, 34.493837], [136.085004, 34.503486], [136.087763, 34.505421], [136.086111, 34.509967], [136.093274, 34.515935], [136.088508, 34.52105], [136.089462, 34.525561], [136.101962, 34.52789], [136.100375, 34.532402], [136.102241, 34.537172], [136.097768, 34.540759], [136.106008, 34.551679], [136.106996, 34.556308], [136.105824, 34.557407], [136.099176, 34.555845], [136.096321, 34.557949], [136.0918, 34.556844], [136.090017, 34.558891], [136.086316, 34.558266], [136.083502, 34.55917], [136.082075, 34.562372], [136.075606, 34.564597], [136.073729, 34.566741], [136.065386, 34.566953], [136.060311, 34.569418], [136.061127, 34.574252], [136.058716, 34.577655], [136.052179, 34.578568], [136.051554, 34.580887], [136.049806, 34.580206], [136.046523, 34.585217], [136.048372, 34.587389], [136.050652, 34.586914], [136.052141, 34.593058], [136.048697, 34.595442], [136.046557, 34.60048], [136.050251, 34.604101], [136.051017, 34.607101], [136.062307, 34.616902], [136.062467, 34.619958], [136.057661, 34.621684], [136.050737, 34.621048], [136.045907, 34.623273], [136.043691, 34.62227], [136.043294, 34.6269], [136.040893, 34.624602], [136.041374, 34.623131], [136.036716, 34.628894], [136.035221, 34.62751], [136.023739, 34.635696], [136.020854, 34.635538], [136.016353, 34.630441], [136.011303, 34.627948], [136.006173, 34.627532], [136.004395, 34.625154], [135.994358, 34.628312], [135.991538, 34.627055], [135.994596, 34.626028], [135.995946, 34.622982], [135.999434, 34.622275], [135.999525, 34.618372], [135.99454, 34.614487], [135.993738, 34.610326], [135.989427, 34.610529], [135.983865, 34.607683], [135.984292, 34.604213], [135.978618, 34.603898], [135.979971, 34.600654], [135.978012, 34.600437], [135.979564, 34.599972], [135.975218, 34.599438], [135.980192, 34.599182], [135.980852, 34.596996], [135.975771, 34.596079], [135.981161, 34.596338], [135.972729, 34.593053], [135.969625, 34.588554], [135.969561, 34.586647], [135.971872, 34.584664], [135.973765, 34.585314], [135.974643, 34.583849], [135.976126, 34.585061], [135.977485, 34.583368], [135.977896, 34.580372], [135.973386, 34.578584], [135.975381, 34.576266], [135.974222, 34.572267], [135.975821, 34.570726], [135.976187, 34.564332], [135.975868, 34.564212]]]}, "properties": {"A27_001": "29212", "A27_002": "宇陀市立", "A27_003": "B129210001462", "A27_004": "室生小学校", "A27_005": "宇陀市室生区大野1912"}}, {"type": "Feature", "geometry": {"type": "Polygon", "coordinates": [[[135.929081, 34.525119], [135.91811, 34.519814], [135.910628, 34.518739], [135.910522, 34.513474], [135.908929, 34.513111], [135.908382, 34.510344], [135.912626, 34.508178], [135.913355, 34.506167], [135.917568, 34.50561], [135.921137, 34.509032], [135.926492, 34.509697], [135.9337, 34.514519], [135.933967, 34.517032], [135.936181, 34.517936], [135.935276, 34.520404], [135.941112, 34.521777], [135.946043, 34.516365], [135.945561, 34.511416], [135.942882, 34.507898], [135.939796, 34.506959], [135.941463, 34.503187], [135.938524, 34.500251], [135.938962, 34.497002], [135.936676, 34.496527], [135.939903, 34.488946], [135.945215, 34.489505], [135.944969, 34.491829], [135.947357, 34.493172], [135.955525, 34.487511], [135.960936, 34.487112], [135.963105, 34.482885], [135.965919, 34.483506], [135.966296, 34.489985], [135.976352, 34.489096], [135.98099, 34.493129], [135.980778, 34.495917], [135.975704, 34.497953], [135.972078, 34.503674], [135.966744, 34.504755], [135.965177, 34.512659], [135.962445, 34.515322], [135.963638, 34.51907], [135.961216, 34.520455], [135.962584, 34.524161], [135.957061, 34.523829], [135.95571, 34.52564], [135.956684, 34.527529], [135.954021, 34.527016], [135.955068, 34.5276], [135.954204, 34.52977], [135.948407, 34.528617], [135.94433, 34.531137], [135.94242, 34.526778], [135.935557, 34.526223], [135.933487, 34.524518], [135.929276, 34.525086], [135.929081, 34.525119]]]}, "properties": {"A27_001": "29212", "A27_002": "宇陀市立", "A27_003": "B129210001453", "A27_004": "榛原西小学校", "A27_005": "宇陀市榛原区下井足1061"}}, {"type": "Feature", "geometry": {"type": "Polygon", "coordinates": [[[135.8274099713832, 34.646245786035884], [135.82876400385777, 34.65268387457886], [135.83073991943178, 34.65307710127014], [135.83032920196652, 34.654616332776], [135.83180317910973, 34.65539233275562], [135.8325861729236, 34.66266572483107], [135.8305486171144, 34.661950076291085], [135.83057309114284, 34.66380949997597], [135.81931438873087, 34.663662794172716], [135.8190182692922, 34.654426886635406], [135.8054545320569, 34.653165594741175], [135.80550749707356, 34.648988612634525], [135.80956583709383, 34.64912555869773], [135.81090083030927, 34.64718222448022], [135.82009780541898, 34.64886373864777], [135.82722024040737, 34.646270462556686], [135.8274099713832, 34.646245786035884]]]}, "properties": {"A27_001": "29201", "A27_002": "奈良市立", "A27_003": "B129210000123", "A27_004": "明治小学校", "A27_005": "奈良市北永井町414"}}, {"type": "Feature", "geometry": {"type": "Polygon", "coordinates": [[[135.941427, 34.546708], [135.954467, 34.547141], [135.957987, 34.545528], [135.962767, 34.536508], [135.960378, 34.534446], [135.961234, 34.531256], [135.964046, 34.529581], [135.961017, 34.52417], [135.962584, 34.524161], [135.961216, 34.520455], [135.963638, 34.51907], [135.962445, 34.515322], [135.965714, 34.511338], [135.966698, 34.504859], [135.972078, 34.503674], [135.975704, 34.497953], [135.980778, 34.495917], [135.98099, 34.493129], [135.990469, 34.495876], [135.994572, 34.492855], [135.993509, 34.484619], [136.00093, 34.484609], [136.009828, 34.478728], [136.013261, 34.479318], [136.017786, 34.475228], [136.028423, 34.475469], [136.034003, 34.479823], [136.039244, 34.479642], [136.039431, 34.489403], [136.032048, 34.491126], [136.030568, 34.493146], [136.027357, 34.493007], [136.030315, 34.498169], [136.027531, 34.5044], [136.026634, 34.513214], [136.01556, 34.518687], [136.014887, 34.521291], [136.021888, 34.527416], [136.022012, 34.529137], [136.018505, 34.531536], [136.01882, 34.534245], [136.020883, 34.535784], [136.019528, 34.539657], [136.015214, 34.541767], [136.014532, 34.547379], [136.008869, 34.551504], [136.002563, 34.549193], [135.995638, 34.552068], [135.990083, 34.55834], [135.992739, 34.562805], [135.986192, 34.566132], [135.975319, 34.563957], [135.972133, 34.558583], [135.966704, 34.559839], [135.962025, 34.558144], [135.953956, 34.558321], [135.946122, 34.560298], [135.947462, 34.555926], [135.94017, 34.550365], [135.941408, 34.546763], [135.941427, 34.546708]]]}, "properties": {"A27_001": "29212", "A27_002": "宇陀市立", "A27_003": "B129210001444", "A27_004": "榛原東小学校", "A27_005": "宇陀市榛原区赤瀬190"}}, {"type": "Feature", "geometry": {"type": "Polygon", "coordinates": [[[135.79431472104773, 34.66124972029854], [135.79480917010733, 34.65202389198919], [135.8190182692922, 34.654426886635406], [135.81906532767022, 34.66465022233691], [135.81625370822388, 34.662895802749254], [135.79504002306123, 34.6625704345211], [135.79426266818209, 34.661406883444926], [135.79431472104773, 34.66124972029854]]]}, "properties": {"A27_001": "29201", "A27_002": "奈良市立", "A27_003": "B129210000114", "A27_004": "辰市小学校", "A27_005": "奈良市西九条町1-7-1"}}, {"type": "Feature", "geometry": {"type": "Polygon", "coordinates": [[[135.941427, 34.546708], [135.94058, 34.544348], [135.942776, 34.540411], [135.938633, 34.535153], [135.935595, 34.533957], [135.935277, 34.530875], [135.929006, 34.530591], [135.929081, 34.525119], [135.933487, 34.524518], [135.935557, 34.526223], [135.94242, 34.526778], [135.94433, 34.531137], [135.948407, 34.528617], [135.954204, 34.52977], [135.955068, 34.5276], [135.954021, 34.527016], [135.956684, 34.527529], [135.95571, 34.52564], [135.957061, 34.523829], [135.961005, 34.523991], [135.964046, 34.529581], [135.961234, 34.531256], [135.960378, 34.534446], [135.962767, 34.536508], [135.957987, 34.545528], [135.954467, 34.547141], [135.941701, 34.546596], [135.941427, 34.546708]]]}, "properties": {"A27_001": "29212", "A27_002": "宇陀市立", "A27_003": "B129210001435", "A27_004": "榛原小学校", "A27_005": "宇陀市榛原区萩原2145"}}, {"type": "Feature", "geometry": {"type": "Polygon", "coordinates": [[[135.77141946056224, 34.720620833602], [135.76100585894835, 34.71654476472702], [135.76843824781886, 34.71413764361996], [135.76708335618335, 34.71044634646324], [135.7718162999459, 34.70914981913503], [135.77098079372178, 34.70564938364004], [135.7653812074325, 34.706990912511756], [135.77018383730214, 34.705500034771504], [135.77064369500548, 34.701088164990864], [135.779172053305, 34.702034074542226], [135.79014239861368, 34.697777506913596], [135.79205834890865, 34.70354977211398], [135.79550766583893, 34.70069969735569], [135.8007300002111, 34.70315857904126], [135.80122364815543, 34.70689229051109], [135.80581808181643, 34.70606850155774], [135.78799485818067, 34.71675022784136], [135.77746849792388, 34.71637436705083], [135.77260424233282, 34.720491880662635], [135.77141946056224, 34.720620833602]]]}, "properties": {"A27_001": "29201", "A27_002": "奈良市立", "A27_003": "B129210000105", "A27_004": "平城小学校", "A27_005": "奈良市秋篠町1394"}}, {"type": "Feature", "geometry": {"type": "Polygon", "coordinates": [[[135.963105, 34.482885], [135.960782, 34.481916], [135.96186, 34.479196], [135.957104, 34.477918], [135.959267, 34.476575], [135.959322, 34.469551], [135.966255, 34.469423], [135.968043, 34.467198], [135.966359, 34.466527], [135.967072, 34.464941], [135.963537, 34.46375], [135.965259, 34.460525], [135.968154, 34.45789], [135.974742, 34.455775], [135.975528, 34.45229], [135.972757, 34.451175], [135.975349, 34.448148], [135.974268, 34.440182], [135.975599, 34.436536], [135.978898, 34.436822], [135.980786, 34.439082], [135.992333, 34.444267], [136.002752, 34.442412], [136.007144, 34.443567], [136.013136, 34.453653], [136.030374, 34.455832], [136.03091, 34.458621], [136.042015, 34.463055], [136.043511, 34.465908], [136.045823, 34.46613], [136.049974, 34.470179], [136.036484, 34.480229], [136.032479, 34.479085], [136.029117, 34.475646], [136.019186, 34.475063], [136.016084, 34.475776], [136.012907, 34.479462], [136.009828, 34.478728], [136.000597, 34.484733], [135.993858, 34.484446], [135.994572, 34.492855], [135.990299, 34.495938], [135.982165, 34.494041], [135.976352, 34.489096], [135.966296, 34.489985], [135.965919, 34.483506], [135.963133, 34.48295], [135.963105, 34.482885]]]}, "properties": {"A27_001": "29212", "A27_002": "宇陀市立", "A27_003": "B129210001426", "A27_004": "菟田野小学校", "A27_005": "宇陀市菟田野区古市場672"}}, {"type": "Feature", "geometry": {"type": "Polygon", "coordinates": [[[135.913602, 34.506049], [135.906624, 34.50219], [135.901518, 34.491169], [135.898675, 34.487779], [135.894316, 34.486206], [135.891374, 34.480366], [135.886704, 34.476866], [135.890272, 34.472952], [135.892922, 34.462568], [135.889702, 34.459441], [135.889879, 34.456011], [135.887342, 34.453719], [135.892652, 34.44732], [135.896532, 34.447386], [135.898296, 34.442155], [135.903573, 34.444577], [135.906463, 34.447901], [135.919108, 34.444898], [135.924539, 34.440117], [135.925392, 34.436591], [135.931158, 34.434416], [135.93393, 34.432232], [135.93414, 34.429595], [135.939472, 34.427402], [135.945, 34.42713], [135.944667, 34.431589], [135.94784, 34.435554], [135.955234, 34.430723], [135.958007, 34.431943], [135.959765, 34.436356], [135.963637, 34.435259], [135.968133, 34.43765], [135.974424, 34.437742], [135.975349, 34.448148], [135.972757, 34.451175], [135.975528, 34.45229], [135.974742, 34.455775], [135.968154, 34.45789], [135.965259, 34.460525], [135.963537, 34.46375], [135.967072, 34.464941], [135.966359, 34.466527], [135.968043, 34.467198], [135.966255, 34.469423], [135.959322, 34.469551], [135.959267, 34.476575], [135.957104, 34.477918], [135.961883, 34.479228], [135.960782, 34.481916], [135.963105, 34.482885], [135.961282, 34.48676], [135.955525, 34.487511], [135.947357, 34.493172], [135.944969, 34.491829], [135.945215, 34.489505], [135.939903, 34.488946], [135.93894, 34.493349], [135.936886, 34.494526], [135.936709, 34.496631], [135.938962, 34.497002], [135.938766, 34.500821], [135.941448, 34.503122], [135.93984, 34.507067], [135.942882, 34.507898], [135.945585, 34.511465], [135.945071, 34.518067], [135.941112, 34.521777], [135.93673, 34.521032], [135.935239, 34.520365], [135.936181, 34.517936], [135.933967, 34.517032], [135.933737, 34.514552], [135.929564, 34.512931], [135.927636, 34.510378], [135.922805, 34.509825], [135.917568, 34.50561], [135.913705, 34.506069], [135.913602, 34.506049]]]}, "properties": {"A27_001": "29212", "A27_002": "宇陀市立", "A27_003": "B129210001417", "A27_004": "大宇陀小学校", "A27_005": "宇陀市大宇陀区西山72-2"}}, {"type": "Feature", "geometry": {"type": "Polygon", "coordinates": [[[135.79155, 34.550433], [135.788112, 34.551363], [135.788162, 34.554304], [135.78563, 34.554281], [135.786772, 34.557627], [135.769048, 34.560262], [135.769009, 34.56409], [135.765156, 34.563904], [135.762695, 34.561246], [135.763509, 34.558344], [135.762037, 34.553347], [135.766689, 34.547373], [135.765629, 34.545429], [135.768159, 34.544262], [135.768422, 34.539707], [135.765776, 34.537549], [135.767892, 34.537588], [135.769856, 34.535319], [135.777711, 34.535338], [135.777539, 34.546253], [135.790579, 34.546446], [135.791687, 34.549976], [135.79155, 34.550433]]]}, "properties": {"A27_001": "29363", "A27_002": "田原本町立", "A27_003": "B129210001408", "A27_004": "平野小学校", "A27_005": "磯城郡田原本町平野62-3"}}, {"type": "Feature", "geometry": {"type": "Polygon", "coordinates": [[[135.91642559208145, 34.68404253832669], [135.92308635045134, 34.68810655780133], [135.92534605677113, 34.68636207960987], [135.92139847327024, 34.68556815345701], [135.920016937401, 34.6804134430177], [135.91679119260027, 34.679248412013074], [135.91440725036196, 34.681155010344604], [135.91332264761203, 34.67637933821548], [135.92292722187406, 34.671734477951595], [135.93071335236777, 34.673341697343524], [135.93033446613782, 34.677658778022035], [135.93391340716437, 34.67933047815773], [135.93716553592614, 34.6859082494384], [135.93653944141704, 34.69015363231336], [135.9402930544831, 34.69087115505378], [135.94395523070864, 34.698768125144994], [135.94600545613852, 34.699341514810875], [135.94531969407126, 34.710023378027735], [135.9475284117925, 34.711435402728185], [135.94774365563683, 34.71792722078519], [135.94958908755305, 34.719091313676145], [135.94389242477348, 34.737461584982775], [135.93656082991856, 34.740215558601335], [135.93220416319173, 34.73769027848374], [135.92366167304795, 34.741695278814234], [135.92319416318026, 34.745024440425766], [135.92899861249612, 34.752099440237146], [135.92736527908448, 34.7545186129438], [135.92896250291733, 34.7568411076312], [135.92530083046915, 34.757723612354994], [135.92097111462544, 34.75299638627439], [135.91615610931717, 34.75368638661763], [135.9112858370719, 34.74317166703895], [135.90318527917748, 34.73628666699625], [135.90302083004747, 34.73291582900248], [135.90107749672927, 34.731019440295086], [135.89738639396705, 34.730871945184276], [135.89723083013882, 34.72564027857618], [135.89538639436682, 34.72488833293039], [135.8922474969246, 34.7181158281831], [135.89017111520502, 34.70831555881614], [135.88515888497477, 34.713620278253416], [135.88124416308779, 34.714072774838826], [135.87785194641037, 34.712251107202974], [135.87613749684817, 34.71387749425111], [135.86611250308977, 34.709648332504685], [135.86356428525997, 34.706307332238815], [135.86785656351117, 34.70259094097911], [135.86702218458962, 34.70009318253131], [135.86860975533148, 34.70094387236111], [135.87045660913293, 34.698700891046535], [135.8722139146325, 34.69372258102053], [135.88209713930772, 34.69094739132354], [135.88078225730615, 34.68478666210189], [135.89067929112642, 34.68683698108669], [135.88693740517897, 34.6802710429182], [135.89238489056754, 34.68011946998925], [135.89739170139623, 34.68331706269783], [135.9142011512293, 34.68501896182844], [135.91642559208145, 34.68404253832669]]]}, "properties": {"A27_001": "29201", "A27_002": "奈良市立", "A27_003": "B129210000196", "A27_004": "興東小学校", "A27_005": "奈良市須川町1424"}}, {"type": "Feature", "geometry": {"type": "Polygon", "coordinates": [[[135.95450490792786, 34.682395948067864], [135.9604861094466, 34.68653555896901], [135.96944555137122, 34.68551666666099], [135.9730997279703, 34.688820558222346], [135.9793333328672, 34.69084499959723], [135.98031527922694, 34.699390828923754], [135.984304162807, 34.69786166668274], [135.98778886107996, 34.70325706852801], [135.98721091663654, 34.704956459981], [135.98500866044617, 34.70487876860164], [135.98597428427368, 34.7115723763965], [135.9873606985131, 34.71207341061641], [135.98603992638857, 34.71269657483677], [135.98642333337034, 34.717523053546245], [135.98504027229092, 34.719178332214426], [135.98609333344075, 34.726467774468404], [135.98266972772592, 34.732067494919136], [135.98371167325524, 34.73440666663453], [135.98135250331552, 34.73493889171664], [135.98081666745543, 34.73724777426554], [135.97765527886816, 34.73745138707204], [135.97617778177937, 34.74109722425766], [135.97479500578504, 34.74035027884247], [135.9729274970066, 34.74204416180879], [135.96959221820646, 34.74054277422982], [135.96586389070615, 34.743174720237334], [135.96218167324582, 34.74001305375958], [135.9585500003824, 34.74029916137738], [135.95795583719234, 34.74439749424914], [135.95477500616175, 34.74829777482262], [135.94370917034212, 34.74104777503493], [135.94350509678677, 34.735335278592146], [135.94746149873077, 34.729026726936276], [135.94788687003265, 34.72197887119514], [135.94958908755305, 34.719091313676145], [135.94774365563683, 34.71792722078519], [135.9475284117925, 34.711435402728185], [135.94531969407126, 34.710023378027735], [135.94600545613852, 34.699341514810875], [135.94395523070864, 34.698768125144994], [135.9402930544831, 34.69087115505378], [135.93653944141704, 34.69015363231336], [135.9373701460433, 34.68652120805666], [135.9458865935757, 34.68976931542256], [135.94762048340274, 34.68781413578387], [135.9496154542713, 34.68821119476051], [135.95016390060837, 34.68418955880812], [135.95392523511552, 34.68306787033007], [135.95450490792786, 34.682395948067864]]]}, "properties": {"A27_001": "29201", "A27_002": "奈良市立", "A27_003": "B129210000187", "A27_004": "柳生小学校", "A27_005": "奈良市柳生下町138"}}, {"type": "Feature", "geometry": {"type": "Polygon", "coordinates": [[[135.89680151214776, 34.63498027871708], [135.91085138808126, 34.63117638658116], [135.911931388423, 34.62914361298749], [135.92147221776884, 34.630208891427344], [135.92471888546834, 34.6289444410333], [135.92639027189375, 34.632151945955684], [135.9252769390797, 34.64222861296031], [135.92676277648116, 34.6447719460686], [135.93066972822555, 34.64179833232737], [135.93951416304833, 34.64202749487316], [135.9393511150621, 34.63999055831778], [135.9456403282564, 34.642381097398], [135.95529738462366, 34.64228215533578], [135.9536782713455, 34.647409883097374], [135.95718111531642, 34.654563332831685], [135.95501138846498, 34.65468638706727], [135.96089167311243, 34.65669082841919], [135.95846250264253, 34.660469720301535], [135.96035722400688, 34.66360555825008], [135.95894888478335, 34.66830389181132], [135.9600205583023, 34.67054555903047], [135.95440055813947, 34.67350389149158], [135.95283306139686, 34.68070222432834], [135.95450490792786, 34.682395948067864], [135.9529359537848, 34.68421455097143], [135.95016390060837, 34.68418955880812], [135.9496154542713, 34.68821119476051], [135.94762048340274, 34.68781413578387], [135.9458865935757, 34.68976931542256], [135.9373701460433, 34.68652120805666], [135.93391340716437, 34.67933047815773], [135.93033446613782, 34.677658778022035], [135.9297880056936, 34.67501078619167], [135.93165866324313, 34.67442315560698], [135.92631939230762, 34.672034798845104], [135.92574107522964, 34.67298852864628], [135.92292722187406, 34.671734477951595], [135.91332264761203, 34.67637933821548], [135.91440725036196, 34.681155010344604], [135.91679119260027, 34.679248412013074], [135.920016937401, 34.6804134430177], [135.92139847327024, 34.68556815345701], [135.92534605677113, 34.68636207960987], [135.9241604389515, 34.68819801389628], [135.91642559208145, 34.68404253832669], [135.91420836034817, 34.68501310702266], [135.90511469915435, 34.684337078699144], [135.9036725890803, 34.68290478431732], [135.89739170139623, 34.68331706269783], [135.89238489056754, 34.68011946998925], [135.8852502770753, 34.680715358362065], [135.88100996911209, 34.67872380078313], [135.88993510169138, 34.673200993494184], [135.88809589377271, 34.66878664003863], [135.88929247561472, 34.66754642646989], [135.8881135684338, 34.66205147046163], [135.88629632539264, 34.66097643571535], [135.88738198215427, 34.66061539154623], [135.88620540442062, 34.65884749335621], [135.8842525635892, 34.658692305993995], [135.88698159594432, 34.65786005514884], [135.88579694332134, 34.65254834291349], [135.8892776697701, 34.651688974336174], [135.88516481533867, 34.64837846721637], [135.88847336744556, 34.646033334800606], [135.89177306697502, 34.647671404578404], [135.89239558888943, 34.64424552709059], [135.89484063245249, 34.64266430983406], [135.89448767556414, 34.63936595108317], [135.89665491683917, 34.63525198474046], [135.89680151214776, 34.63498027871708]]]}, "properties": {"A27_001": "29201", "A27_002": "奈良市立", "A27_003": "B129210000178", "A27_004": "田原小学校", "A27_005": "奈良市横田町199-1"}}, {"type": "Feature", "geometry": {"type": "Polygon", "coordinates": [[[135.809974, 34.495249], [135.809696, 34.492343], [135.811744, 34.492106], [135.812964, 34.489281], [135.810496, 34.489791], [135.812147, 34.483792], [135.80748, 34.482392], [135.808251, 34.47077], [135.80618, 34.469039], [135.794535, 34.468561], [135.791098, 34.466253], [135.788437, 34.467261], [135.780563, 34.462554], [135.780814, 34.460557], [135.789097, 34.458327], [135.797651, 34.46027], [135.798334, 34.456187], [135.803145, 34.451941], [135.802842, 34.44571], [135.805351, 34.443174], [135.808381, 34.441537], [135.806378, 34.443685], [135.807264, 34.444216], [135.808759, 34.441924], [135.81073, 34.443165], [135.813174, 34.44192], [135.816223, 34.444516], [135.820205, 34.444746], [135.820823, 34.446327], [135.826177, 34.44498], [135.825678, 34.443503], [135.833548, 34.439962], [135.836074, 34.436287], [135.841897, 34.434377], [135.842467, 34.43194], [135.846762, 34.428959], [135.850338, 34.432841], [135.855145, 34.434675], [135.859889, 34.441809], [135.867237, 34.443277], [135.867304, 34.445516], [135.861816, 34.452782], [135.865259, 34.457175], [135.869041, 34.458536], [135.85945, 34.457725], [135.858237, 34.460742], [135.858662, 34.458014], [135.857271, 34.458214], [135.85619, 34.460982], [135.850921, 34.463268], [135.852166, 34.465066], [135.849878, 34.465021], [135.849402, 34.467107], [135.846956, 34.467767], [135.848977, 34.470746], [135.839887, 34.471253], [135.833169, 34.475794], [135.831796, 34.479047], [135.823905, 34.482267], [135.82714, 34.48447], [135.825067, 34.489399], [135.822802, 34.488731], [135.822008, 34.48644], [135.820842, 34.489685], [135.817004, 34.489159], [135.815857, 34.492349], [135.810036, 34.495214], [135.809974, 34.495249]]]}, "properties": {"A27_001": "29402", "A27_002": "明日香村立", "A27_003": "B129210001499", "A27_004": "明日香小学校", "A27_005": "高市郡明日香村橘86"}}, {"type": "Feature", "geometry": {"type": "Polygon", "coordinates": [[[135.7259025786752, 34.699915820019946], [135.72977860915557, 34.69555537440769], [135.7274004164907, 34.692329504288494], [135.7331184011057, 34.692294469443965], [135.72915575196353, 34.68980502629127], [135.73105606606958, 34.687066190611034], [135.74384764979345, 34.694344911233664], [135.7370897600143, 34.69496951430011], [135.739134036603, 34.70091360295114], [135.73336198766154, 34.70190028574516], [135.73287396745096, 34.70413217758149], [135.72798332441073, 34.70395160340566], [135.72627578139816, 34.70008280799027], [135.7259025786752, 34.699915820019946]]]}, "properties": {"A27_001": "29201", "A27_002": "奈良市立", "A27_003": "B129210000169", "A27_004": "富雄北小学校", "A27_005": "奈良市富雄北1-13-6"}}, {"type": "Feature", "geometry": {"type": "Polygon", "coordinates": [[[135.73498581667366, 34.665522222276444], [135.73959805400716, 34.663863332726805], [135.74187027209553, 34.66065555890708], [135.74716917022124, 34.66038361291356], [135.7485872239214, 34.65832082894326], [135.75411027177176, 34.657235278885196], [135.7648408304401, 34.657510558665535], [135.7683805584162, 34.659794440960866], [135.75960429900977, 34.67205038005972], [135.76217056779154, 34.675722794012735], [135.76595382329515, 34.67684846876532], [135.7612310187128, 34.678340139875964], [135.75883245496397, 34.682114041686646], [135.75538100927713, 34.6833727146914], [135.74542316928677, 34.68498623369499], [135.74482599897325, 34.68280709928321], [135.7499499230873, 34.67846455847201], [135.74726182176155, 34.679413181518804], [135.74420642912673, 34.6777013161511], [135.74160981702138, 34.6809395735209], [135.73859665723438, 34.67987577684445], [135.73796573050234, 34.67393035183792], [135.73716895085508, 34.67250324523599], [135.73552010827132, 34.673507486992804], [135.734913011393, 34.67150254279545], [135.73628876422657, 34.667826246150426], [135.7349381813766, 34.665861430180854], [135.73498581667366, 34.665522222276444]]]}, "properties": {"A27_001": "29201", "A27_002": "奈良市立", "A27_003": "B129210000150", "A27_004": "富雄南小学校", "A27_005": "奈良市中町4185"}}, {"type": "Feature", "geometry": {"type": "Polygon", "coordinates": [[[135.778337, 34.469932], [135.775194, 34.471391], [135.770544, 34.46718], [135.764387, 34.467307], [135.763462, 34.464996], [135.763526, 34.454964], [135.768372, 34.451504], [135.768648, 34.445764], [135.772245, 34.443769], [135.770603, 34.440528], [135.770097, 34.441732], [135.765405, 34.441661], [135.762171, 34.437524], [135.759275, 34.429238], [135.760725, 34.424211], [135.765162, 34.421953], [135.765597, 34.420154], [135.770582, 34.421284], [135.772794, 34.41783], [135.77683, 34.418819], [135.779901, 34.417547], [135.782132, 34.417972], [135.783376, 34.420513], [135.786644, 34.419528], [135.788164, 34.421574], [135.795116, 34.418615], [135.802912, 34.4219], [135.805817, 34.421139], [135.811848, 34.42274], [135.812145, 34.41625], [135.814956, 34.412741], [135.817538, 34.412554], [135.825403, 34.418659], [135.825213, 34.42267], [135.829524, 34.426361], [135.836425, 34.426605], [135.842283, 34.424655], [135.846762, 34.428959], [135.842467, 34.43194], [135.841897, 34.434377], [135.836074, 34.436287], [135.833548, 34.439962], [135.825678, 34.443503], [135.826177, 34.44498], [135.820823, 34.446327], [135.820205, 34.444746], [135.816223, 34.444516], [135.813174, 34.44192], [135.81073, 34.443165], [135.808759, 34.441924], [135.807264, 34.444216], [135.806378, 34.443685], [135.808381, 34.441537], [135.805351, 34.443174], [135.802842, 34.44571], [135.803145, 34.451941], [135.798334, 34.456187], [135.797651, 34.46027], [135.789097, 34.458327], [135.780832, 34.460545], [135.780563, 34.462554], [135.788437, 34.467261], [135.778351, 34.469939], [135.778337, 34.469932]]]}, "properties": {"A27_001": "29401", "A27_002": "高取町立", "A27_003": "B129210001480", "A27_004": "たかむち小学校", "A27_005": "高市郡高取町清水谷205"}}, {"type": "Feature", "geometry": {"type": "Polygon", "coordinates": [[[136.095898, 34.435222], [136.111255, 34.435704], [136.118294, 34.442883], [136.126959, 34.443462], [136.129669, 34.445505], [136.143902, 34.441134], [136.151437, 34.441853], [136.153441, 34.445636], [136.158427, 34.449078], [136.17751, 34.445435], [136.188522, 34.450605], [136.206248, 34.448677], [136.2086, 34.455079], [136.207451, 34.460548], [136.210168, 34.468666], [136.214837, 34.472933], [136.21556, 34.481153], [136.219201, 34.485226], [136.22852, 34.489065], [136.229759, 34.491862], [136.229036, 34.494722], [136.218256, 34.497021], [136.214667, 34.501312], [136.215786, 34.507806], [136.219479, 34.510533], [136.219776, 34.515886], [136.215979, 34.523285], [136.216585, 34.528208], [136.209941, 34.529029], [136.196384, 34.523907], [136.189785, 34.523957], [136.182117, 34.516751], [136.167403, 34.520165], [136.163714, 34.515777], [136.157516, 34.513506], [136.157737, 34.507591], [136.151463, 34.504366], [136.151712, 34.499519], [136.147435, 34.496529], [136.133009, 34.493541], [136.125758, 34.495154], [136.121227, 34.493456], [136.11661, 34.495146], [136.116993, 34.493542], [136.113722, 34.491022], [136.109955, 34.491311], [136.107346, 34.489694], [136.103722, 34.481366], [136.098694, 34.476268], [136.090353, 34.476116], [136.081964, 34.473306], [136.0805, 34.470761], [136.082302, 34.466442], [136.086342, 34.463706], [136.085599, 34.461591], [136.087963, 34.451552], [136.090586, 34.449877], [136.091526, 34.444476], [136.094911, 34.441504], [136.096116, 34.435507], [136.095898, 34.435222]]]}, "properties": {"A27_001": "29386", "A27_002": "御杖村立", "A27_003": "B129210001471", "A27_004": "御杖小学校", "A27_005": "宇陀郡御杖村菅野2470"}}, {"type": "Feature", "geometry": {"type": "Polygon", "coordinates": [[[135.76250790396358, 34.68966299315911], [135.75265835019368, 34.69011020787592], [135.75538100927713, 34.6833727146914], [135.76039689282055, 34.68286836186828], [135.78037798763896, 34.68303717240455], [135.78700871195431, 34.6882263576508], [135.7866240114209, 34.6918751174508], [135.77676265216542, 34.69703342082097], [135.7733574671166, 34.69604917089456], [135.77507652219535, 34.69152169378058], [135.76702383293028, 34.69569618401198], [135.76889689980067, 34.69195485085921], [135.76273626417125, 34.68957517941249], [135.76250790396358, 34.68966299315911]]]}, "properties": {"A27_001": "29201", "A27_002": "奈良市立", "A27_003": "B129210000141", "A27_004": "伏見小学校", "A27_005": "奈良市菅原町370"}}, {"type": "Feature", "geometry": {"type": "Polygon", "coordinates": [[[135.784954, 34.59758], [135.777747, 34.595514], [135.769083, 34.597485], [135.763342, 34.595933], [135.761958, 34.592194], [135.757487, 34.592253], [135.756044, 34.588986], [135.751628, 34.591957], [135.75031, 34.590644], [135.753103, 34.585715], [135.751237, 34.58484], [135.750895, 34.580546], [135.756781, 34.581469], [135.760194, 34.578636], [135.772116, 34.580652], [135.775649, 34.579478], [135.786576, 34.580045], [135.786617, 34.585622], [135.789989, 34.584719], [135.79479539210593, 34.58793457472644], [135.7845819154872, 34.592686678467736], [135.7849212685607, 34.59693767004046], [135.784954, 34.59758]]]}, "properties": {"A27_001": "29361", "A27_002": "川西町立", "A27_003": "B129210001346", "A27_004": "川西小学校", "A27_005": "磯城郡川西町結崎255"}}, {"type": "Feature", "geometry": {"type": "Polygon", "coordinates": [[[135.8201969679132, 34.67967420661517], [135.82547057448838, 34.67952883842782], [135.82692929256166, 34.67661944154935], [135.8280127082236, 34.677702681866585], [135.8293828646238, 34.67661097324736], [135.83339512588813, 34.67753210686441], [135.8348180955702, 34.68201117119304], [135.839639964853, 34.68216879499682], [135.83965902137942, 34.68349261123885], [135.83624308275174, 34.684434394592095], [135.8351250738141, 34.686863112105975], [135.82607390987476, 34.688365444127555], [135.82665305061667, 34.684893258608284], [135.8234034935145, 34.682012477428955], [135.82070188385163, 34.682169184146346], [135.8201969679132, 34.67967420661517]]]}, "properties": {"A27_001": "29201", "A27_002": "奈良市立", "A27_003": "B129210000016", "A27_004": "椿井小学校", "A27_005": "奈良市椿井町25"}}, {"type": "Feature", "geometry": {"type": "Polygon", "coordinates": [[[135.767509, 34.59713], [135.766074, 34.603702], [135.768898, 34.609736], [135.765414, 34.609279], [135.765739, 34.604943], [135.76079, 34.607963], [135.761362, 34.618506], [135.758256, 34.619012], [135.756945, 34.618735], [135.756441, 34.614345], [135.751969, 34.607577], [135.747331, 34.607261], [135.746316, 34.603459], [135.742259, 34.602289], [135.739907, 34.597191], [135.742968, 34.597329], [135.741537, 34.593182], [135.749746, 34.592827], [135.755454, 34.588927], [135.757487, 34.592253], [135.761573, 34.59192], [135.762497, 34.59535], [135.767441, 34.597072], [135.767509, 34.59713]]]}, "properties": {"A27_001": "29345", "A27_002": "安堵町立", "A27_003": "B129210001337", "A27_004": "安堵小学校", "A27_005": "生駒郡安堵町東安堵1469"}}, {"type": "Feature", "geometry": {"type": "Polygon", "coordinates": [[[135.741537, 34.593182], [135.742968, 34.597329], [135.739907, 34.597191], [135.741311, 34.600945], [135.746316, 34.603459], [135.747331, 34.607261], [135.751969, 34.607577], [135.756441, 34.614345], [135.756945, 34.618735], [135.751866, 34.615806], [135.751748, 34.619266], [135.749343, 34.619385], [135.749143, 34.623967], [135.747409, 34.625597], [135.737829, 34.628735], [135.73762, 34.630742], [135.734186, 34.632415], [135.730657, 34.631517], [135.727359, 34.63288], [135.726068, 34.635317], [135.729228, 34.637419], [135.730008, 34.640339], [135.727071, 34.644494], [135.723095, 34.642647], [135.721585, 34.646735], [135.720152, 34.64649], [135.716009, 34.640421], [135.719207, 34.637197], [135.717756, 34.63511], [135.718825, 34.629771], [135.722728, 34.627294], [135.723197, 34.62399], [135.72712, 34.619962], [135.729594, 34.619663], [135.733258, 34.612631], [135.734556, 34.612672], [135.734901, 34.60933], [135.73752, 34.609617], [135.737349, 34.596309], [135.739077, 34.592739], [135.741318, 34.5932], [135.741537, 34.593182]]]}, "properties": {"A27_001": "29344", "A27_002": "斑鳩町立", "A27_003": "B129210001328", "A27_004": "斑鳩東小学校", "A27_005": "生駒郡斑鳩町法隆寺南2-11-5"}}, {"type": "Feature", "geometry": {"type": "Polygon", "coordinates": [[[135.737302, 34.598333], [135.729327, 34.597268], [135.729211, 34.60413], [135.717499, 34.605428], [135.716739, 34.6074], [135.709926, 34.606774], [135.712126, 34.604274], [135.710812, 34.603492], [135.711274, 34.599633], [135.709296, 34.598964], [135.710557, 34.597446], [135.715962, 34.594837], [135.722231, 34.595626], [135.724973, 34.590981], [135.739077, 34.592739], [135.737303, 34.597352], [135.737302, 34.598333]]]}, "properties": {"A27_001": "29344", "A27_002": "斑鳩町立", "A27_003": "B129210001319", "A27_004": "斑鳩西小学校", "A27_005": "生駒郡斑鳩町神南2-4-25"}}, {"type": "Feature", "geometry": {"type": "Polygon", "coordinates": [[[135.720699, 34.62771], [135.717927, 34.618857], [135.71554, 34.618143], [135.713316, 34.615156], [135.714061, 34.613026], [135.712381, 34.612733], [135.712591, 34.611045], [135.708647, 34.607319], [135.716739, 34.6074], [135.717499, 34.605428], [135.729211, 34.60413], [135.729327, 34.597268], [135.737302, 34.598333], [135.73752, 34.609617], [135.734901, 34.60933], [135.732581, 34.615748], [135.729594, 34.619663], [135.72712, 34.619962], [135.723645, 34.623244], [135.722728, 34.627294], [135.720969, 34.627733], [135.720699, 34.62771]]]}, "properties": {"A27_001": "29344", "A27_002": "斑鳩町立", "A27_003": "B129210001300", "A27_004": "斑鳩小学校", "A27_005": "生駒郡斑鳩町法隆寺南1-13-46"}}, {"type": "Feature", "geometry": {"type": "Polygon", "coordinates": [[[135.83057309114284, 34.66380949997597], [135.82825106951293, 34.645697169638915], [135.85704455581404, 34.64376647235676], [135.86577217449198, 34.64568455953358], [135.87016270592184, 34.65272589496944], [135.88719877462685, 34.65539567002225], [135.88186609004228, 34.66481063816254], [135.8678871353843, 34.659022758542896], [135.85150146346348, 34.66714411108382], [135.83074340106856, 34.66381451459444], [135.83057309114284, 34.66380949997597]]]}, "properties": {"A27_001": "29201", "A27_002": "奈良市立", "A27_003": "B129210000098", "A27_004": "東市小学校", "A27_005": "奈良市古市町268"}}, {"type": "Feature", "geometry": {"type": "Polygon", "coordinates": [[[135.7978113530937, 34.66257506180218], [135.8191865891919, 34.674575518196285], [135.80591029722945, 34.66871703659308], [135.7978113530937, 34.66257506180218]]]}, "properties": {"A27_001": "29201", "A27_002": "奈良市立", "A27_003": "B129210000089", "A27_004": "大安寺小学校", "A27_005": "奈良市大安寺町2-15-1"}}, {"type": "Feature", "geometry": {"type": "Polygon", "coordinates": [[[135.79431472104773, 34.66124972029854], [135.79854244810528, 34.66313142906414], [135.79976934702043, 34.696013209060695], [135.80364757021275, 34.701764432832604], [135.79205834890865, 34.70354977211398], [135.79014239861368, 34.697777506913596], [135.78591715564002, 34.697394946621884], [135.78700871195431, 34.6882263576508], [135.77980841999667, 34.68006645261632], [135.78362153369557, 34.679405435807766], [135.78335361636925, 34.66129281052313], [135.7943002716404, 34.66125889158474], [135.79431472104773, 34.66124972029854]]]}, "properties": {"A27_001": "29201", "A27_002": "奈良市立", "A27_003": "B129210000070", "A27_004": "都跡小学校", "A27_005": "奈良市四条大路5-6-1"}}, {"type": "Feature", "geometry": {"type": "Polygon", "coordinates": [[[135.800484, 34.548426], [135.79155, 34.550433], [135.790579, 34.546446], [135.777539, 34.546253], [135.777711, 34.535338], [135.782846, 34.535386], [135.783796, 34.529528], [135.795709, 34.530817], [135.795584, 34.53685], [135.803215, 34.537571], [135.80307, 34.541537], [135.807947, 34.541548], [135.800477, 34.545521], [135.800484, 34.548426]]]}, "properties": {"A27_001": "29363", "A27_002": "田原本町立", "A27_003": "B129210001391", "A27_004": "南小学校", "A27_005": "磯城郡田原本町千代306"}}, {"type": "Feature", "geometry": {"type": "Polygon", "coordinates": [[[135.8002930373643, 34.68538760992476], [135.80035390539655, 34.681854117135444], [135.80903338617256, 34.681946726765936], [135.81955084650164, 34.67668759852331], [135.82070188385163, 34.682169184146346], [135.82508004940547, 34.68442898289423], [135.80072366049225, 34.68644976239243], [135.8002930373643, 34.68538760992476]]]}, "properties": {"A27_001": "29201", "A27_002": "奈良市立", "A27_003": "B129210000061", "A27_004": "大宮小学校", "A27_005": "奈良市大宮町4-223-1"}}, {"type": "Feature", "geometry": {"type": "Polygon", "coordinates": [[[135.793851, 34.567208], [135.788026, 34.567318], [135.788045, 34.569243], [135.785431, 34.56996], [135.785429, 34.567263], [135.783184, 34.567201], [135.781632, 34.569968], [135.772287, 34.570941], [135.771491, 34.56814], [135.773772, 34.56724], [135.773761, 34.565243], [135.769125, 34.565157], [135.769048, 34.560262], [135.786772, 34.557627], [135.78563, 34.554281], [135.788162, 34.554304], [135.788112, 34.551363], [135.794567, 34.550434], [135.796342, 34.548358], [135.802948, 34.548495], [135.802902, 34.555409], [135.8066, 34.556421], [135.802861, 34.556409], [135.80283124977325, 34.56040274884326], [135.795563, 34.560349], [135.794117, 34.567215], [135.793851, 34.567208]]]}, "properties": {"A27_001": "29363", "A27_002": "田原本町立", "A27_003": "B129210001382", "A27_004": "田原本小学校", "A27_005": "磯城郡田原本町新町48"}}, {"type": "Feature", "geometry": {"type": "Polygon", "coordinates": [[[135.8136424869945, 34.70560541296233], [135.80702311866548, 34.704579579611455], [135.8205271388332, 34.68454132848498], [135.82665305061667, 34.684893258608284], [135.82607390987476, 34.688365444127555], [135.83311309044376, 34.687168080234386], [135.8334877818671, 34.69715180445817], [135.8309411216925, 34.69720689688602], [135.83485579352, 34.70074894275897], [135.82450311670738, 34.70792079119284], [135.81382127539717, 34.70559128905497], [135.8136424869945, 34.70560541296233]]]}, "properties": {"A27_001": "29201", "A27_002": "奈良市立", "A27_003": "B129210000052", "A27_004": "佐保小学校", "A27_005": "奈良市法蓮町280-1"}}, {"type": "Feature", "geometry": {"type": "Polygon", "coordinates": [[[135.793851, 34.567208], [135.795157, 34.567247], [135.795563, 34.560349], [135.797998, 34.559289], [135.80283124977325, 34.56040274884326], [135.802861, 34.556409], [135.817437, 34.55642], [135.817367, 34.560572], [135.813451, 34.56077], [135.813707, 34.563147], [135.811518, 34.564164], [135.812934, 34.572332], [135.81249, 34.573902], [135.809099, 34.574235], [135.807641, 34.577473], [135.808593, 34.584053], [135.807518, 34.584075], [135.807425, 34.589477], [135.805148, 34.589702], [135.804046, 34.583228], [135.799372, 34.583759], [135.798966, 34.576948], [135.795369, 34.57794], [135.795239, 34.579837], [135.790256, 34.579359], [135.790514, 34.573701], [135.792797, 34.571849], [135.793917, 34.567257], [135.793851, 34.567208]]]}, "properties": {"A27_001": "29363", "A27_002": "田原本町立", "A27_003": "B129210001373", "A27_004": "北小学校", "A27_005": "磯城郡田原本町鍵155"}}, {"type": "Feature", "geometry": {"type": "Polygon", "coordinates": [[[135.81403650311591, 34.67588060027251], [135.8191865891919, 34.674575518196285], [135.81890176631887, 34.6698170495206], [135.82747466973507, 34.670616601146804], [135.82962949074252, 34.66872328163088], [135.82994906385642, 34.66382386692711], [135.83165589164489, 34.66489012178759], [135.83160140913472, 34.677018435117105], [135.82692929256166, 34.67661944154935], [135.82547057448838, 34.67952883842782], [135.82064887596002, 34.67951774651173], [135.81955084650164, 34.67668759852331], [135.81565344983915, 34.67651471525953], [135.81403650311591, 34.67588060027251]]]}, "properties": {"A27_001": "29201", "A27_002": "奈良市立", "A27_003": "B129210000043", "A27_004": "済美小学校", "A27_005": "奈良市西木辻町5-2"}}, {"type": "Feature", "geometry": {"type": "Polygon", "coordinates": [[[135.8066, 34.556421], [135.806636, 34.55536], [135.802902, 34.555409], [135.802948, 34.548495], [135.800484, 34.548426], [135.800437, 34.545484], [135.807952, 34.541909], [135.80307, 34.541537], [135.803215, 34.537571], [135.807916, 34.534658], [135.818462, 34.534997], [135.818892, 34.544457], [135.825481, 34.545769], [135.826028, 34.55129], [135.821214, 34.554543], [135.820839, 34.560603], [135.817367, 34.560572], [135.817437, 34.55642], [135.8078, 34.556418], [135.8066, 34.556421]]]}, "properties": {"A27_001": "29363", "A27_002": "田原本町立", "A27_003": "B129210001364", "A27_004": "東小学校", "A27_005": "磯城郡田原本町大木1-1"}}, {"type": "Feature", "geometry": {"type": "Polygon", "coordinates": [[[135.85299104477605, 34.6766804053611], [135.86633703637932, 34.67285646205903], [135.8777704998712, 34.677141582014], [135.88209713930772, 34.69094739132354], [135.8722139146325, 34.69372258102053], [135.87045660913293, 34.698700891046535], [135.86702218458962, 34.70009318253131], [135.86785656351117, 34.70259094097911], [135.86221167303052, 34.70679777479762], [135.8477003088203, 34.70603266548997], [135.83170011271312, 34.70031060822879], [135.8309411216925, 34.69720689688602], [135.8334877818671, 34.69715180445817], [135.83116658742722, 34.69347757758769], [135.831884812596, 34.68659697499054], [135.8562752985614, 34.6812390727408], [135.8546041919231, 34.679155931797084], [135.85299104477605, 34.6766804053611]]]}, "properties": {"A27_001": "29201", "A27_002": "奈良市立", "A27_003": "B129210000034", "A27_004": "鼓阪小学校", "A27_005": "奈良市雑司町97"}}, {"type": "Feature", "geometry": {"type": "Polygon", "coordinates": [[[135.786576, 34.580045], [135.775649, 34.579478], [135.772116, 34.580652], [135.760194, 34.578636], [135.75912, 34.580586], [135.75572, 34.581477], [135.75317, 34.580577], [135.752548, 34.578324], [135.763433, 34.572767], [135.761153, 34.569539], [135.764236, 34.56727], [135.763373, 34.561515], [135.765431, 34.564004], [135.773761, 34.565243], [135.773772, 34.56724], [135.771491, 34.56814], [135.772287, 34.570941], [135.781632, 34.569968], [135.783184, 34.567201], [135.785429, 34.567263], [135.785431, 34.56996], [135.788045, 34.569243], [135.788026, 34.567318], [135.793917, 34.567257], [135.792797, 34.571849], [135.790514, 34.573701], [135.7903, 34.577856], [135.787214, 34.578273], [135.786572, 34.579837], [135.786576, 34.580045]]]}, "properties": {"A27_001": "29362", "A27_002": "三宅町立", "A27_003": "B129210001355", "A27_004": "三宅小学校", "A27_005": "磯城郡三宅町伴堂766"}}, {"type": "Feature", "geometry": {"type": "Polygon", "coordinates": [[[135.83095018713144, 34.67717759865423], [135.8309530663647, 34.66437311811314], [135.84968353801435, 34.667312361017544], [135.8678871353843, 34.659022758542896], [135.88186609004228, 34.66481063816254], [135.88604191618148, 34.66087775185001], [135.88993510169138, 34.673200993494184], [135.88100996911209, 34.67872380078313], [135.88693740517897, 34.6802710429182], [135.89067929112642, 34.68683698108669], [135.88078225730615, 34.68478666210189], [135.8777704998712, 34.677141582014], [135.86633703637932, 34.67285646205903], [135.85287615828605, 34.67574133301335], [135.8562752985614, 34.6812390727408], [135.8481451712979, 34.68373471874846], [135.8348180955702, 34.68201117119304], [135.83095741117643, 34.677381766923276], [135.83095018713144, 34.67717759865423]]]}, "properties": {"A27_001": "29201", "A27_002": "奈良市立", "A27_003": "B129210000025", "A27_004": "飛鳥小学校", "A27_005": "奈良市紀寺町785"}}, {"type": "Feature", "geometry": {"type": "Polygon", "coordinates": [[[135.75584367342753, 34.68328457237755], [135.7674114334706, 34.674816331678755], [135.7751598675481, 34.67300610350289], [135.77993265719093, 34.6761299235891], [135.78320472569035, 34.67473085870277], [135.78362153369557, 34.679405435807766], [135.77980841999667, 34.68006645261632], [135.78349634715389, 34.6838763401044], [135.76039689282055, 34.68286836186828], [135.75584367342753, 34.68328457237755]]]}, "properties": {"A27_001": "29201", "A27_002": "奈良市立", "A27_003": "B129210000374", "A27_004": "伏見南小学校", "A27_005": "奈良市宝来5-2-1"}}, {"type": "Feature", "geometry": {"type": "Polygon", "coordinates": [[[135.792002734234, 34.71421180194757], [135.79836680508643, 34.71047760933682], [135.80334432596808, 34.71873874568275], [135.8020594779862, 34.72199349764005], [135.79584444896227, 34.720614440704026], [135.79160923820152, 34.72482599788984], [135.7919850073347, 34.71469014201618], [135.792002734234, 34.71421180194757]]]}, "properties": {"A27_001": "29201", "A27_002": "奈良市立", "A27_003": "B129210000365", "A27_004": "朱雀小学校", "A27_005": "奈良市朱雀6-10-1"}}, {"type": "Feature", "geometry": {"type": "Polygon", "coordinates": [[[135.77260424233282, 34.720491880662635], [135.77746849792388, 34.71637436705083], [135.7823061728483, 34.716717027409025], [135.78465064249954, 34.72452280299553], [135.77772666745193, 34.72310889206187], [135.77185722413174, 34.72585694594147], [135.7714320203859, 34.720619504897435], [135.77260424233282, 34.720491880662635]]]}, "properties": {"A27_001": "29201", "A27_002": "奈良市立", "A27_003": "B129210000356", "A27_004": "神功小学校", "A27_005": "奈良市神功2-2"}}, {"type": "Feature", "geometry": {"type": "Polygon", "coordinates": [[[135.708723, 34.56759], [135.709235, 34.565816], [135.710798, 34.567202], [135.71429964556413, 34.56572544047476], [135.71570815487783, 34.5684799281667], [135.71653736918583, 34.56693538167026], [135.71650131638984, 34.56852476983918], [135.72060610650578, 34.56830997266844], [135.71675945954078, 34.56652618729939], [135.71955230433701, 34.564415395775406], [135.7234798416714, 34.56668651304792], [135.719447, 34.561562], [135.724585, 34.559421], [135.729206, 34.565739], [135.724286, 34.572629], [135.716055, 34.5747], [135.708875, 34.567714], [135.708723, 34.56759]]]}, "properties": {"A27_001": "29424", "A27_002": "上牧町立", "A27_003": "B129210001676", "A27_004": "上牧第三小学校", "A27_005": "北葛城郡上牧町上牧3100"}}, {"type": "Feature", "geometry": {"type": "Polygon", "coordinates": [[[135.7292946910661, 34.687324181837695], [135.73659309548358, 34.684918428561126], [135.7351446206207, 34.680842414914736], [135.74160981702138, 34.6809395735209], [135.74420642912673, 34.6777013161511], [135.75017933534113, 34.67900170268125], [135.74542316928677, 34.68498623369499], [135.75539998126885, 34.683341560251684], [135.75009967765087, 34.6886976307244], [135.74927867343155, 34.697035059243504], [135.7406766391494, 34.69560483457704], [135.74384764979345, 34.694344911233664], [135.73682634773715, 34.69191091413835], [135.73546616691507, 34.68758817389788], [135.72955251380313, 34.68768301683343], [135.7292946910661, 34.687324181837695]]]}, "properties": {"A27_001": "29201", "A27_002": "奈良市立", "A27_003": "B129210000347", "A27_004": "三碓小学校", "A27_005": "奈良市西千代ヶ丘1-20-9"}}, {"type": "Feature", "geometry": {"type": "Polygon", "coordinates": [[[135.79816857353916, 34.66549937806541], [135.81686908158616, 34.677229496586214], [135.798435890575, 34.66662852486319], [135.79816857353916, 34.66549937806541]]]}, "properties": {"A27_001": "29201", "A27_002": "奈良市立", "A27_003": "B129210000338", "A27_004": "大安寺西小学校", "A27_005": "奈良市大安寺西1-342"}}, {"type": "Feature", "geometry": {"type": "Polygon", "coordinates": [[[135.708723, 34.56759], [135.716055, 34.5747], [135.722146, 34.573858], [135.725334, 34.571077], [135.725623, 34.573118], [135.727065, 34.573362], [135.726993, 34.577108], [135.722322, 34.577651], [135.719157, 34.579625], [135.719056, 34.581283], [135.712266, 34.582768], [135.709793, 34.579035], [135.705598, 34.577012], [135.704139, 34.569763], [135.706763, 34.569591], [135.705448, 34.565398], [135.708108, 34.566959], [135.708723, 34.56759]]]}, "properties": {"A27_001": "29424", "A27_002": "上牧町立", "A27_003": "B129210001667", "A27_004": "上牧第二小学校", "A27_005": "北葛城郡上牧町片岡台3-2"}}, {"type": "Feature", "geometry": {"type": "Polygon", "coordinates": [[[135.705594, 34.550149], [135.706237, 34.548195], [135.711654, 34.548314], [135.715918, 34.551834], [135.719609, 34.550963], [135.720182, 34.553403], [135.725941, 34.555444], [135.725792, 34.559679], [135.719447, 34.561562], [135.7232593217919, 34.564501041940204], [135.7234798416714, 34.56668651304792], [135.71955230433701, 34.564415395775406], [135.71675945954078, 34.56652618729939], [135.72060610650578, 34.56830997266844], [135.71650131638984, 34.56852476983918], [135.71653736918583, 34.56693538167026], [135.71570815487783, 34.5684799281667], [135.71547381170384, 34.565958829691866], [135.710798, 34.567202], [135.709235, 34.565816], [135.708723, 34.56759], [135.704034, 34.564502], [135.705559, 34.550521], [135.705594, 34.550149]]]}, "properties": {"A27_001": "29424", "A27_002": "上牧町立", "A27_003": "B129210001658", "A27_004": "上牧小学校", "A27_005": "北葛城郡上牧町上牧1866"}}, {"type": "Feature", "geometry": {"type": "Polygon", "coordinates": [[[135.75520530682476, 34.71006011253674], [135.75855978470614, 34.704057266317655], [135.76515637265095, 34.70477221254737], [135.76587204480137, 34.70764022576716], [135.77098079372178, 34.70564938364004], [135.77194661574467, 34.708250568150326], [135.76708335618335, 34.71044634646324], [135.76612198587995, 34.71351497057363], [135.76843824781886, 34.71413764361996], [135.76565942705753, 34.715135453605335], [135.75673576509897, 34.715167636786376], [135.75443075516543, 34.713159309704345], [135.75697606768634, 34.71091135054839], [135.75528891706753, 34.71002782598793], [135.75520530682476, 34.71006011253674]]]}, "properties": {"A27_001": "29201", "A27_002": "奈良市立", "A27_003": "B129210000329", "A27_004": "平城西小学校", "A27_005": "奈良市東登美ヶ丘3-1093-1"}}, {"type": "Feature", "geometry": {"type": "Polygon", "coordinates": [[[135.726949, 34.665327], [135.7299558368925, 34.66675138676726], [135.73498581667366, 34.665522222276444], [135.73628876422657, 34.667826246150426], [135.734913011393, 34.67150254279545], [135.73552010827132, 34.673507486992804], [135.73716895085508, 34.67250324523599], [135.73796573050234, 34.67393035183792], [135.73930032280947, 34.681096947174765], [135.7351446206207, 34.680842414914736], [135.73683035362885, 34.681919503033974], [135.73659309548358, 34.684918428561126], [135.7224114612062, 34.68891916815], [135.7177543714708, 34.69448603364169], [135.71715055845164, 34.6900844402449], [135.71984834022885, 34.6862699999607], [135.71975472080385, 34.68256055822337], [135.72351055766626, 34.673964440606596], [135.72685444927356, 34.67254916131492], [135.726786, 34.665532], [135.726949, 34.665327]]]}, "properties": {"A27_001": "29201", "A27_002": "奈良市立", "A27_003": "B129210000310", "A27_004": "富雄第三小学校", "A27_005": "奈良市帝塚山南2-11-1"}}, {"type": "Feature", "geometry": {"type": "Polygon", "coordinates": [[[135.682272, 34.553492], [135.683252, 34.551107], [135.703426, 34.552992], [135.703434, 34.550328], [135.705594, 34.550149], [135.705655, 34.557538], [135.701999, 34.556253], [135.696608, 34.563866], [135.680092, 34.558561], [135.680257, 34.555644], [135.683155, 34.555437], [135.682214, 34.553581], [135.682272, 34.553492]]]}, "properties": {"A27_001": "29210", "A27_002": "香芝市立", "A27_003": "B129210001649", "A27_004": "旭ケ丘小学校", "A27_005": "香芝市旭ケ丘3-1-3"}}, {"type": "Feature", "geometry": {"type": "Polygon", "coordinates": [[[135.711447, 34.548355], [135.710293, 34.545957], [135.711406, 34.545237], [135.709511, 34.544323], [135.71421075666672, 34.540746176194745], [135.71080279553803, 34.54159436970952], [135.709541, 34.539933], [135.71552500376538, 34.53648199448983], [135.715513, 34.540868], [135.718027, 34.539687], [135.721534, 34.54624], [135.720208, 34.551291], [135.715918, 34.551834], [135.711654, 34.548314], [135.711447, 34.548355]]]}, "properties": {"A27_001": "29210", "A27_002": "香芝市立", "A27_003": "B129210001630", "A27_004": "真美ヶ丘西小学校", "A27_005": "香芝市真美ヶ丘5-4-20"}}, {"type": "Feature", "geometry": {"type": "Polygon", "coordinates": [[[135.76145470629328, 34.70410538403647], [135.76846831124837, 34.70068413903019], [135.76770035685294, 34.69643689895131], [135.7741269654479, 34.6913967003088], [135.7733574671166, 34.69604917089456], [135.77676265216542, 34.69703342082097], [135.78661690398465, 34.69188015350324], [135.78591715564002, 34.697394946621884], [135.7833230535162, 34.700980198710056], [135.77093285531933, 34.70096943838263], [135.77018383730214, 34.705500034771504], [135.76538215018496, 34.706656993364845], [135.76515637265095, 34.70477221254737], [135.7614530162611, 34.70429485208818], [135.76145470629328, 34.70410538403647]]]}, "properties": {"A27_001": "29201", "A27_002": "奈良市立", "A27_003": "B129210000301", "A27_004": "西大寺北小学校", "A27_005": "奈良市西大寺赤田町1-6-1"}}, {"type": "Feature", "geometry": {"type": "Polygon", "coordinates": [[[135.8136424869945, 34.70560541296233], [135.82450311670738, 34.70792079119284], [135.8273365373786, 34.7065652633646], [135.8274085369678, 34.71295346849148], [135.81996805418248, 34.71166110787402], [135.8143711153349, 34.71492694552228], [135.81107698400015, 34.714311489095614], [135.80604807130138, 34.707153390817965], [135.81272277671727, 34.705678044417475], [135.8136424869945, 34.70560541296233]]]}, "properties": {"A27_001": "29201", "A27_002": "奈良市立", "A27_003": "B129210000392", "A27_004": "佐保台小学校", "A27_005": "奈良市佐保台3-902-341"}}, {"type": "Feature", "geometry": {"type": "Polygon", "coordinates": [[[135.83420371911205, 34.70125621525078], [135.8453355329513, 34.704061045874184], [135.84899423607354, 34.70605949975009], [135.84941472141247, 34.70820833264861], [135.84174360598286, 34.709291945566974], [135.83907221840832, 34.71177138634056], [135.83181555104704, 34.71341527869231], [135.8274085369678, 34.71295346849148], [135.8272469975699, 34.704843782053885], [135.83064941227428, 34.70339351101369], [135.82871148220596, 34.70206196731723], [135.8339049783527, 34.70113356278169], [135.83420371911205, 34.70125621525078]]]}, "properties": {"A27_001": "29201", "A27_002": "奈良市立", "A27_003": "B129210000383", "A27_004": "鼓阪北小学校", "A27_005": "奈良市青山9-3-1"}}, {"type": "Feature", "geometry": {"type": "Polygon", "coordinates": [[[135.721534, 34.54624], [135.718027, 34.539687], [135.715513, 34.540868], [135.715561, 34.534655], [135.720265, 34.534698], [135.720393, 34.5307], [135.727955, 34.530814], [135.729111, 34.532299], [135.727063, 34.533576], [135.729572, 34.537077], [135.725867, 34.539374], [135.727928, 34.544199], [135.721552, 34.546228], [135.721534, 34.54624]]]}, "properties": {"A27_001": "29210", "A27_002": "香芝市立", "A27_003": "B129210001621", "A27_004": "真美ヶ丘東小学校", "A27_005": "香芝市真美ヶ丘3-2-70"}}, {"type": "Feature", "geometry": {"type": "Polygon", "coordinates": [[[135.714473, 34.519293], [135.716655, 34.526498], [135.709738, 34.530425], [135.708522, 34.526919], [135.706071, 34.527945], [135.706427, 34.519385], [135.713888, 34.519283], [135.714473, 34.519293]]]}, "properties": {"A27_001": "29210", "A27_002": "香芝市立", "A27_003": "B129210001612", "A27_004": "鎌田小学校", "A27_005": "香芝市鎌田370"}}, {"type": "Feature", "geometry": {"type": "Polygon", "coordinates": [[[135.69503, 34.536223], [135.694734, 34.533181], [135.696767, 34.532453], [135.697006, 34.524979], [135.706155, 34.525317], [135.706071, 34.527945], [135.708522, 34.526919], [135.709701, 34.532485], [135.708313, 34.533036], [135.712143, 34.5356], [135.708356, 34.540235], [135.69867, 34.539423], [135.695138, 34.536316], [135.69503, 34.536223]]]}, "properties": {"A27_001": "29210", "A27_002": "香芝市立", "A27_003": "B129210001603", "A27_004": "三和小学校", "A27_005": "香芝市良福寺665-2"}}, {"type": "Feature", "geometry": {"type": "Polygon", "coordinates": [[[135.659995, 34.542151], [135.665658, 34.544125], [135.670167, 34.543615], [135.669029, 34.546495], [135.671651, 34.547288], [135.672962, 34.552105], [135.680696, 34.550238], [135.68218, 34.551191], [135.683155, 34.555437], [135.680257, 34.555644], [135.681229, 34.557824], [135.676633, 34.564654], [135.67746, 34.568167], [135.675356, 34.571262], [135.664517, 34.567617], [135.656836, 34.562136], [135.657261, 34.556422], [135.65436, 34.553935], [135.656458, 34.553696], [135.655773, 34.549199], [135.650285, 34.544112], [135.653651, 34.541404], [135.659497, 34.543891], [135.659987, 34.542209], [135.659995, 34.542151]]]}, "properties": {"A27_001": "29210", "A27_002": "香芝市立", "A27_003": "B129210001587", "A27_004": "関屋小学校", "A27_005": "香芝市関屋北5-7-1"}}, {"type": "Feature", "geometry": {"type": "Polygon", "coordinates": [[[135.7373216321252, 34.70214273824542], [135.7370897600143, 34.69496951430011], [135.7512763437198, 34.69719709824896], [135.74809359067638, 34.70139621937297], [135.75030914828804, 34.70693148054391], [135.738918336677, 34.70686036756481], [135.73735922353745, 34.702129927613704], [135.7373216321252, 34.70214273824542]]]}, "properties": {"A27_001": "29201", "A27_002": "奈良市立", "A27_003": "B129210000258", "A27_004": "青和小学校", "A27_005": "奈良市百楽園4-1-1"}}, {"type": "Feature", "geometry": {"type": "Polygon", "coordinates": [[[135.682272, 34.553492], [135.680696, 34.550238], [135.672703, 34.551898], [135.673428, 34.550444], [135.671651, 34.547288], [135.669029, 34.546495], [135.670167, 34.543615], [135.665658, 34.544125], [135.659995, 34.542151], [135.659565, 34.538851], [135.66162, 34.536775], [135.662474, 34.529868], [135.666565, 34.529522], [135.667498, 34.530862], [135.666084, 34.535071], [135.668332, 34.537171], [135.670307, 34.535912], [135.673497, 34.536538], [135.673742, 34.540618], [135.675631, 34.541351], [135.676813, 34.538888], [135.679898, 34.540433], [135.681037, 34.539192], [135.678204, 34.533442], [135.688513, 34.534027], [135.699611, 34.539331], [135.695109, 34.540329], [135.694796, 34.542335], [135.689282, 34.541687], [135.688981, 34.551426], [135.683252, 34.551107], [135.682478, 34.553289], [135.682272, 34.553492]]]}, "properties": {"A27_001": "29210", "A27_002": "香芝市立", "A27_003": "B129210001578", "A27_004": "二上小学校", "A27_005": "香芝市畑4-573"}}, {"type": "Feature", "geometry": {"type": "Polygon", "coordinates": [[[135.7683805584162, 34.659794440960866], [135.77102027186822, 34.6613897204594], [135.78335361636925, 34.66129281052313], [135.78317168011677, 34.67472358777253], [135.77993265719093, 34.6761299235891], [135.77989049795295, 34.67461763874338], [135.7751598675481, 34.67300610350289], [135.76988855045104, 34.67536717316722], [135.7617602956278, 34.6753283896789], [135.75988070802396, 34.67132934856562], [135.76356147506286, 34.66811946902749], [135.76384348277827, 34.664370321639126], [135.7683784577733, 34.660321725638255], [135.7683805584162, 34.659794440960866]]]}, "properties": {"A27_001": "29201", "A27_002": "奈良市立", "A27_003": "B129210000249", "A27_004": "六条小学校", "A27_005": "奈良市六条2-14-1"}}, {"type": "Feature", "geometry": {"type": "Polygon", "coordinates": [[[135.74679983980872, 34.70881354162403], [135.75022768810368, 34.70842800712458], [135.7509579171013, 34.715346723858445], [135.7480416994284, 34.714947127623745], [135.74791109509482, 34.71628794785409], [135.74938992915227, 34.72283318266194], [135.75175979613937, 34.722516104791794], [135.75244998882133, 34.72465466350885], [135.74626639387918, 34.7254194410545], [135.74603194601764, 34.7277136124934], [135.7426416727751, 34.724838891801596], [135.74202583682313, 34.72596138690864], [135.7444791702777, 34.72808944097511], [135.7407469388204, 34.7281005583942], [135.74020472137101, 34.72571805374537], [135.74185167321627, 34.722768891671194], [135.74039917008577, 34.72064055881492], [135.7395322182375, 34.7260027746085], [135.73823333280222, 34.72578166639096], [135.73971610891147, 34.72830249486441], [135.73809610884848, 34.728689440765265], [135.73903333282226, 34.72381916132542], [135.73594749717938, 34.72090055821434], [135.7367205580075, 34.71856777438347], [135.73432333352315, 34.717019019574984], [135.73872320829977, 34.71579818191484], [135.74145131750075, 34.711665516666166], [135.7424286546502, 34.71320610886029], [135.74525831586917, 34.71179028143435], [135.7467460173437, 34.70881433128389], [135.74679983980872, 34.70881354162403]]]}, "properties": {"A27_001": "29201", "A27_002": "奈良市立", "A27_003": "B129210000230", "A27_004": "登美ヶ丘小学校", "A27_005": "奈良市西登美ヶ丘4-21-1"}}, {"type": "Feature", "geometry": {"type": "Polygon", "coordinates": [[[135.688972, 34.551107], [135.689282, 34.541687], [135.694796, 34.542335], [135.695109, 34.540329], [135.699779, 34.539143], [135.708277, 34.539527], [135.71080279553803, 34.54159436970952], [135.71411146005462, 34.54042811336978], [135.709511, 34.544323], [135.711406, 34.545237], [135.710293, 34.545957], [135.711447, 34.548355], [135.706237, 34.548195], [135.705594, 34.550149], [135.703434, 34.550328], [135.703426, 34.552992], [135.689673, 34.551254], [135.688972, 34.551107]]]}, "properties": {"A27_001": "29210", "A27_002": "香芝市立", "A27_003": "B129210001569", "A27_004": "下田小学校", "A27_005": "香芝市下田西2-9-41"}}, {"type": "Feature", "geometry": {"type": "Polygon", "coordinates": [[[135.7177543714708, 34.69448603364169], [135.72942741912368, 34.68644784187364], [135.7331184011057, 34.692294469443965], [135.7274004164907, 34.692329504288494], [135.72918855028027, 34.69746176077439], [135.72367148020402, 34.7021290474369], [135.72143193366492, 34.701485946925644], [135.72300846892327, 34.69740477836582], [135.71782, 34.694584], [135.7177543714708, 34.69448603364169]]]}, "properties": {"A27_001": "29201", "A27_002": "奈良市立", "A27_003": "B129210000221", "A27_004": "鳥見小学校", "A27_005": "奈良市鳥見町3-11-2"}}, {"type": "Feature", "geometry": {"type": "Polygon", "coordinates": [[[135.716655, 34.526498], [135.720163, 34.526751], [135.720265, 34.534698], [135.715561, 34.534655], [135.71552500376538, 34.53648199448983], [135.708358, 34.540282], [135.712143, 34.5356], [135.708408, 34.532524], [135.71638, 34.526501], [135.716655, 34.526498]]]}, "properties": {"A27_001": "29210", "A27_002": "香芝市立", "A27_003": "B129210001550", "A27_004": "五位堂小学校", "A27_005": "香芝市五位堂2-300-1"}}, {"type": "Feature", "geometry": {"type": "Polygon", "coordinates": [[[135.667498, 34.530862], [135.672386, 34.529576], [135.676927, 34.525531], [135.675803, 34.522317], [135.677309, 34.518268], [135.68045, 34.518415], [135.685341, 34.5128], [135.691941, 34.508816], [135.69535, 34.510744], [135.706318, 34.511569], [135.710698, 34.514479], [135.710923, 34.512446], [135.714611, 34.512493], [135.714704, 34.510571], [135.718361, 34.510392], [135.718272, 34.515293], [135.714444, 34.515341], [135.714473, 34.519293], [135.706499, 34.519271], [135.70611, 34.525349], [135.696883, 34.525027], [135.696767, 34.532453], [135.694734, 34.533181], [135.695138, 34.536223], [135.68803, 34.533902], [135.678204, 34.533442], [135.681037, 34.539192], [135.679898, 34.540433], [135.676813, 34.538888], [135.675631, 34.541351], [135.673742, 34.540618], [135.673497, 34.536538], [135.670307, 34.535912], [135.668332, 34.537171], [135.666084, 34.535071], [135.667381, 34.531182], [135.667498, 34.530862]]]}, "properties": {"A27_001": "29211", "A27_002": "葛城市立", "A27_003": "B129210001541", "A27_004": "當麻小学校", "A27_005": "葛城市染野32"}}, {"type": "Feature", "geometry": {"type": "Polygon", "coordinates": [[[135.74679983980872, 34.70881354162403], [135.74767938172647, 34.70583883740453], [135.75033782056855, 34.70690791962412], [135.74809359067638, 34.70139621937297], [135.7512763437198, 34.69719709824896], [135.75678828950242, 34.69770757263534], [135.75877987178976, 34.70535682985443], [135.754302810288, 34.712455420612784], [135.74742485882325, 34.70880384033009], [135.74679983980872, 34.70881354162403]]]}, "properties": {"A27_001": "29201", "A27_002": "奈良市立", "A27_003": "B129210000212", "A27_004": "鶴舞小学校", "A27_005": "奈良市鶴舞東町2-1"}}, {"type": "Feature", "geometry": {"type": "Polygon", "coordinates": [[[135.677309, 34.518268], [135.677526, 34.509743], [135.675926, 34.508502], [135.676892, 34.506767], [135.67302, 34.502788], [135.678301, 34.4995], [135.680035, 34.495299], [135.679251, 34.491927], [135.680859, 34.490125], [135.681758, 34.491282], [135.692247, 34.490903], [135.701679, 34.494908], [135.698311, 34.49333], [135.699912, 34.493102], [135.697827, 34.492436], [135.698724, 34.491485], [135.706113, 34.495822], [135.719581, 34.496888], [135.719506, 34.507193], [135.730187, 34.507311], [135.730202, 34.510319], [135.714904, 34.51052], [135.714611, 34.512493], [135.710923, 34.512446], [135.710932, 34.51447], [135.706318, 34.511569], [135.69535, 34.510744], [135.691941, 34.508816], [135.685341, 34.5128], [135.68045, 34.518415], [135.677583, 34.518314], [135.677309, 34.518268]]]}, "properties": {"A27_001": "29211", "A27_002": "葛城市立", "A27_003": "B129210001532", "A27_004": "磐城小学校", "A27_005": "葛城市南今市61"}}, {"type": "Feature", "geometry": {"type": "Polygon", "coordinates": [[[135.74927867343155, 34.697035059243504], [135.75047698488294, 34.68807825031382], [135.7554866081632, 34.690700277850134], [135.76207411172606, 34.68785172052158], [135.7667495859546, 34.691242979366564], [135.76493727837595, 34.69311609449417], [135.76889689980067, 34.69195485085921], [135.76702383293028, 34.69569618401198], [135.76846831124837, 34.70068413903019], [135.76145470629328, 34.70410538403647], [135.75732640542807, 34.703282894317375], [135.75678828950242, 34.69770757263534], [135.7512763437198, 34.69719709824896], [135.74927867343155, 34.697035059243504]]]}, "properties": {"A27_001": "29201", "A27_002": "奈良市立", "A27_003": "B129210000203", "A27_004": "あやめ池小学校", "A27_005": "奈良市あやめ池南9-939-39"}}, {"type": "Feature", "geometry": {"type": "Polygon", "coordinates": [[[135.734717, 34.496894], [135.734717, 34.499075], [135.730427, 34.499027], [135.730187, 34.507311], [135.719506, 34.507193], [135.719581, 34.496888], [135.734717, 34.496788], [135.734717, 34.496894]]]}, "properties": {"A27_001": "29211", "A27_002": "葛城市立", "A27_003": "B129210001523", "A27_004": "新庄北小学校", "A27_005": "葛城市疋田612"}}, {"type": "Feature", "geometry": {"type": "Polygon", "coordinates": [[[135.732672, 34.472712], [135.734407, 34.470705], [135.741072, 34.470642], [135.742239, 34.474512], [135.748938, 34.473049], [135.750678, 34.48167], [135.728243, 34.482238], [135.728297, 34.483377], [135.724831, 34.482444], [135.72382, 34.484519], [135.719938, 34.4844], [135.716013, 34.480344], [135.711692, 34.479115], [135.712466, 34.480663], [135.708679, 34.480669], [135.706706, 34.475537], [135.697827, 34.470966], [135.702341, 34.471054], [135.701507, 34.469945], [135.703965, 34.469185], [135.701988, 34.467864], [135.702808, 34.466238], [135.709219, 34.467717], [135.708184, 34.469337], [135.709473, 34.468335], [135.710323, 34.470207], [135.717001, 34.46998], [135.716152, 34.467815], [135.717412, 34.467379], [135.723829, 34.468608], [135.726952, 34.473556], [135.732511, 34.472715], [135.732672, 34.472712]]]}, "properties": {"A27_001": "29211", "A27_002": "葛城市立", "A27_003": "B129210001514", "A27_004": "忍海小学校", "A27_005": "葛城市忍海338-1"}}, {"type": "Feature", "geometry": {"type": "Polygon", "coordinates": [[[135.7178300722052, 34.69465648434444], [135.72300846892327, 34.69740477836582], [135.72154958802733, 34.701849976778576], [135.72367148020402, 34.7021290474369], [135.7245309744619, 34.699865037140704], [135.7259025786752, 34.699915820019946], [135.72668714997062, 34.702851470385646], [135.7294402749342, 34.70443183804385], [135.73287396745096, 34.70413217758149], [135.7338247052638, 34.70169854672413], [135.73735922353745, 34.702129927613704], [135.73874684266264, 34.70678914101225], [135.74670326904868, 34.70682955960937], [135.74659729649713, 34.7102213750188], [135.74278980065543, 34.71320687177859], [135.74216000144625, 34.71136888797612], [135.74056899747958, 34.71211692203113], [135.73872320829977, 34.71579818191484], [135.73432333352315, 34.717019019574984], [135.73423389118136, 34.71463444102682], [135.73108083031627, 34.71565722470132], [135.72960805376886, 34.71252277440669], [135.72776055850318, 34.71215777466176], [135.7291227759955, 34.70985833229639], [135.72330888469742, 34.7086641612222], [135.72143111465437, 34.70645277507566], [135.71635333284019, 34.707215828248025], [135.71336444950987, 34.70586694590298], [135.71373277584712, 34.70300333273781], [135.71784639449572, 34.701903332373035], [135.7156841634935, 34.697497494314064], [135.71784000031596, 34.69472777486709], [135.7178300722052, 34.69465648434444]]]}, "properties": {"A27_001": "29201", "A27_002": "奈良市立", "A27_003": "B129210000294", "A27_004": "二名小学校", "A27_005": "奈良市二名1-3716-1"}}, {"type": "Feature", "geometry": {"type": "Polygon", "coordinates": [[[135.75020073856854, 34.70929457711173], [135.754302810288, 34.712455420612784], [135.75520530682476, 34.71006011253674], [135.75697606768634, 34.71091135054839], [135.75443075516543, 34.713159309704345], [135.75645398239075, 34.71274596996738], [135.75673576509897, 34.715167636786376], [135.7608799688731, 34.71362659010433], [135.7638247659266, 34.716075975643896], [135.76166811899597, 34.717426209040624], [135.7714320203859, 34.720619504897435], [135.7714162077756, 34.725571391617486], [135.76133527939976, 34.72598027896686], [135.75650666734896, 34.72844333229409], [135.75359111473836, 34.725035278555424], [135.75172749732633, 34.72699555869826], [135.752746394131, 34.72479638624441], [135.75175979613937, 34.722516104791794], [135.74938992915227, 34.72283318266194], [135.74791109509482, 34.71628794785409], [135.7509579171013, 34.715346723858445], [135.75014781863038, 34.71099192861654], [135.75020073856854, 34.70929457711173]]]}, "properties": {"A27_001": "29201", "A27_002": "奈良市立", "A27_003": "B129210000285", "A27_004": "東登美ヶ丘小学校", "A27_005": "奈良市東登美ヶ丘4-21-33"}}, {"type": "Feature", "geometry": {"type": "Polygon", "coordinates": [[[135.792002734234, 34.71421180194757], [135.78465064249954, 34.72452280299553], [135.78926216678815, 34.716121006355365], [135.792002734234, 34.71421180194757]]]}, "properties": {"A27_001": "29201", "A27_002": "奈良市立", "A27_003": "B129210000276", "A27_004": "右京小学校", "A27_005": "奈良市右京4-11-1"}}, {"type": "Feature", "geometry": {"type": "Polygon", "coordinates": [[[135.704892, 34.573772], [135.700387, 34.574338], [135.693914, 34.571982], [135.690035, 34.574976], [135.680887, 34.575107], [135.681493, 34.572411], [135.678819, 34.573461], [135.675356, 34.571262], [135.67746, 34.568167], [135.676633, 34.564654], [135.680092, 34.558561], [135.696608, 34.563866], [135.696679, 34.561578], [135.699294, 34.561628], [135.699326, 34.558237], [135.702009, 34.558193], [135.702558, 34.556196], [135.705655, 34.557538], [135.704034, 34.564502], [135.706939, 34.567753], [135.706763, 34.569591], [135.704139, 34.569763], [135.704825, 34.573538], [135.704892, 34.573772]]]}, "properties": {"A27_001": "29210", "A27_002": "香芝市立", "A27_003": "B129210001596", "A27_004": "志都美小学校", "A27_005": "香芝市今泉104-1"}}, {"type": "Feature", "geometry": {"type": "Polygon", "coordinates": [[[135.81890176631887, 34.6698170495206], [135.81904656942663, 34.66354204379233], [135.82994906385642, 34.66382386692711], [135.81981143267274, 34.669687135959535], [135.81890176631887, 34.6698170495206]]]}, "properties": {"A27_001": "29201", "A27_002": "奈良市立", "A27_003": "B129210000267", "A27_004": "済美南小学校", "A27_005": "奈良市南京終町676"}}, {"type": "Feature", "geometry": {"type": "Polygon", "coordinates": [[[135.680062, 34.490362], [135.684726, 34.485416], [135.684222, 34.482667], [135.681212, 34.480235], [135.683351, 34.476122], [135.682169, 34.464866], [135.687946, 34.464297], [135.690131, 34.466127], [135.69756, 34.465129], [135.704909, 34.466498], [135.702371, 34.466515], [135.702066, 34.468032], [135.703965, 34.469185], [135.701507, 34.469945], [135.702289, 34.471092], [135.697827, 34.470966], [135.706706, 34.475537], [135.708679, 34.480669], [135.712466, 34.480663], [135.711692, 34.479115], [135.716013, 34.480344], [135.720096, 34.484413], [135.72382, 34.484519], [135.724831, 34.482444], [135.742242, 34.482664], [135.745774, 34.486656], [135.746832, 34.491588], [135.735092, 34.491573], [135.734717, 34.496788], [135.714369, 34.497406], [135.709454, 34.495184], [135.705983, 34.495777], [135.701158, 34.49198], [135.702009, 34.493218], [135.697666, 34.491745], [135.70079, 34.495171], [135.692247, 34.490903], [135.68013, 34.490399], [135.680062, 34.490362]]]}, "properties": {"A27_001": "29211", "A27_002": "葛城市立", "A27_003": "B129210001505", "A27_004": "新庄小学校", "A27_005": "葛城市南道穂176-1"}}, {"type": "Feature", "geometry": {"type": "Polygon", "coordinates": [[[135.88723, 34.339419], [135.882909, 34.337374], [135.880956, 34.333524], [135.878166, 34.332824], [135.876384, 34.334558], [135.877196, 34.340179], [135.875275, 34.342056], [135.869323, 34.343077], [135.867951, 34.345789], [135.858998, 34.341345], [135.858094, 34.335799], [135.852518, 34.329977], [135.840695, 34.332317], [135.836137, 34.331774], [135.831577, 34.329937], [135.831112, 34.327392], [135.828445, 34.325233], [135.821621, 34.322988], [135.820363, 34.318146], [135.814987, 34.311935], [135.816067, 34.308576], [135.82379, 34.30443], [135.821393, 34.301603], [135.820037, 34.295841], [135.820356, 34.291835], [135.822853, 34.288372], [135.823416, 34.2808], [135.821586, 34.27699], [135.826799, 34.2741], [135.836191, 34.274496], [135.843215, 34.269898], [135.845803, 34.273783], [135.851377, 34.274704], [135.853427, 34.279891], [135.852862, 34.282269], [135.870172, 34.283881], [135.874376, 34.287686], [135.886844, 34.289971], [135.892626, 34.288614], [135.901779, 34.292619], [135.914543, 34.284802], [135.916474, 34.291844], [135.913101, 34.298835], [135.912592, 34.308231], [135.910877, 34.310915], [135.912674, 34.314138], [135.90981, 34.320662], [135.905885, 34.323263], [135.903309, 34.330704], [135.892522, 34.334843], [135.88746, 34.339555], [135.88723, 34.339419]]]}, "properties": {"A27_001": "29444", "A27_002": "黒滝村立", "A27_003": "B129210001872", "A27_004": "黒滝小学校", "A27_005": "吉野郡黒滝村寺戸41"}}, {"type": "Feature", "geometry": {"type": "Polygon", "coordinates": [[[135.8248, 34.418149], [135.822486, 34.412511], [135.812438, 34.409272], [135.813272, 34.40466], [135.810912, 34.400881], [135.812385, 34.397939], [135.81069, 34.396098], [135.811754, 34.39513], [135.808046, 34.385258], [135.843327, 34.3932], [135.845506, 34.400772], [135.853161, 34.398988], [135.855994, 34.401143], [135.857986, 34.405843], [135.858395, 34.415461], [135.851089, 34.42111], [135.852077, 34.423827], [135.847554, 34.426261], [135.846762, 34.428959], [135.842283, 34.424655], [135.836425, 34.426605], [135.829524, 34.426361], [135.825213, 34.42267], [135.824863, 34.41817], [135.8248, 34.418149]]]}, "properties": {"A27_001": "29442", "A27_002": "大淀町立", "A27_003": "B129210001827", "A27_004": "大淀希望ヶ丘小学校", "A27_005": "吉野郡大淀町北野54-1"}}, {"type": "Feature", "geometry": {"type": "Polygon", "coordinates": [[[135.8248, 34.418149], [135.816699, 34.412501], [135.812145, 34.41625], [135.812131, 34.422697], [135.805817, 34.421139], [135.802912, 34.4219], [135.795116, 34.418615], [135.788164, 34.421574], [135.786446, 34.419477], [135.783376, 34.420513], [135.781915, 34.417824], [135.784452, 34.407562], [135.78368, 34.404568], [135.788103, 34.401571], [135.780634, 34.39709], [135.78717, 34.39648], [135.78932510503685, 34.3948195400446], [135.79019051752428, 34.39151619823427], [135.788252, 34.389789], [135.79132055306746, 34.38757596349297], [135.792023, 34.38481], [135.793695, 34.384959], [135.793711, 34.382223], [135.798502, 34.38553], [135.808046, 34.385258], [135.811754, 34.39513], [135.81069, 34.396098], [135.812385, 34.397939], [135.810912, 34.400881], [135.813272, 34.40466], [135.812438, 34.409272], [135.822486, 34.412511], [135.824809, 34.418129], [135.8248, 34.418149]]]}, "properties": {"A27_001": "29442", "A27_002": "大淀町立", "A27_003": "B129210001818", "A27_004": "大淀緑ヶ丘小学校", "A27_005": "吉野郡大淀町土田365"}}, {"type": "Feature", "geometry": {"type": "Polygon", "coordinates": [[[135.77184, 34.379929], [135.781646, 34.383533], [135.787531, 34.379489], [135.792866, 34.381548], [135.793845, 34.384423], [135.788252, 34.389789], [135.79019051752428, 34.39151619823427], [135.78932510503685, 34.3948195400446], [135.78717, 34.39648], [135.780634, 34.39709], [135.788103, 34.401571], [135.78368, 34.404568], [135.784452, 34.407562], [135.782357, 34.417433], [135.77683, 34.418819], [135.772942, 34.417777], [135.769176, 34.421303], [135.761782, 34.419405], [135.755791, 34.412646], [135.749504, 34.413607], [135.751234, 34.408457], [135.748294, 34.406321], [135.743105, 34.408305], [135.739524, 34.40256], [135.741588, 34.399633], [135.741312, 34.396219], [135.744382, 34.393251], [135.742663, 34.38977], [135.743579, 34.388037], [135.747174, 34.389625], [135.755102, 34.387185], [135.754682, 34.385806], [135.756598, 34.38622], [135.755594, 34.382229], [135.759301, 34.37707], [135.771483, 34.379809], [135.77184, 34.379929]]]}, "properties": {"A27_001": "29442", "A27_002": "大淀町立", "A27_003": "B129210001809", "A27_004": "大淀桜ヶ丘小学校", "A27_005": "吉野郡大淀町下渕959"}}, {"type": "Feature", "geometry": {"type": "Polygon", "coordinates": [[[135.730284, 34.504354], [135.730795, 34.498227], [135.734717, 34.499075], [135.735092, 34.491573], [135.747849, 34.492571], [135.748019, 34.498605], [135.741073, 34.498789], [135.741226, 34.50478], [135.739706, 34.504469], [135.73742, 34.507868], [135.735908, 34.504404], [135.730633, 34.504334], [135.730284, 34.504354]]]}, "properties": {"A27_001": "29202", "A27_002": "大和高田市立", "A27_003": "B129210000490", "A27_004": "浮孔西小学校", "A27_005": "大和高田市曽大根1-5-1"}}, {"type": "Feature", "geometry": {"type": "Polygon", "coordinates": [[[135.746649, 34.491667], [135.745774, 34.486656], [135.741956, 34.481646], [135.753928, 34.481714], [135.753867, 34.476706], [135.758934, 34.476804], [135.761066, 34.483559], [135.765819, 34.483702], [135.765903, 34.488397], [135.758642, 34.488901], [135.759859, 34.496648], [135.747999, 34.495772], [135.746952, 34.491672], [135.746649, 34.491667]]]}, "properties": {"A27_001": "29202", "A27_002": "大和高田市立", "A27_003": "B129210000481", "A27_004": "菅原小学校", "A27_005": "大和高田市根成柿436"}}, {"type": "Feature", "geometry": {"type": "Polygon", "coordinates": [[[135.718361, 34.510392], [135.734952, 34.510632], [135.734927, 34.520244], [135.730025, 34.520891], [135.729523, 34.523668], [135.731771, 34.526856], [135.724956, 34.530758], [135.720249, 34.530664], [135.720127, 34.52668], [135.716646, 34.526554], [135.716728, 34.519319], [135.714473, 34.519293], [135.714372, 34.515448], [135.718272, 34.515293], [135.718337, 34.510599], [135.718361, 34.510392]]]}, "properties": {"A27_001": "29202", "A27_002": "大和高田市立", "A27_003": "B129210000472", "A27_004": "陵西小学校", "A27_005": "大和高田市池田3"}}, {"type": "Feature", "geometry": {"type": "Polygon", "coordinates": [[[135.750334, 34.524509], [135.74945, 34.530432], [135.745474, 34.530439], [135.745474, 34.528375], [135.741016, 34.529329], [135.73575, 34.527134], [135.735281, 34.528924], [135.732744, 34.529818], [135.733183, 34.528637], [135.731078, 34.527784], [135.729716, 34.531005], [135.724956, 34.530758], [135.731771, 34.526856], [135.729523, 34.523668], [135.730025, 34.520891], [135.734927, 34.520244], [135.734933, 34.516678], [135.73923, 34.516684], [135.741163, 34.52049], [135.745695, 34.520592], [135.74566, 34.524311], [135.75021, 34.524285], [135.750334, 34.524509]]]}, "properties": {"A27_001": "29202", "A27_002": "大和高田市立", "A27_003": "B129210000463", "A27_004": "磐園小学校", "A27_005": "大和高田市有井1"}}, {"type": "Feature", "geometry": {"type": "Polygon", "coordinates": [[[135.867951, 34.345789], [135.869323, 34.343077], [135.875275, 34.342056], [135.877196, 34.340179], [135.876429, 34.33438], [135.879533, 34.33282], [135.883171, 34.337609], [135.888402, 34.339807], [135.888016, 34.341441], [135.895272, 34.346622], [135.896084, 34.349536], [135.909855, 34.357882], [135.912254, 34.363292], [135.920384, 34.366104], [135.925119, 34.36495], [135.926069, 34.366867], [135.92342, 34.368263], [135.921341, 34.372794], [135.921842, 34.37642], [135.924412, 34.376339], [135.926497, 34.374857], [135.926146, 34.372401], [135.932739, 34.369315], [135.934957, 34.375323], [135.936713, 34.374921], [135.93657, 34.377378], [135.941402, 34.381592], [135.941869, 34.386102], [135.937402, 34.38944], [135.938838, 34.397082], [135.95369, 34.405109], [135.957194, 34.404163], [135.959588, 34.405745], [135.95992, 34.409387], [135.957296, 34.411725], [135.958286, 34.414578], [135.962161, 34.418449], [135.968283, 34.419658], [135.968536, 34.423472], [135.973186, 34.423142], [135.976122, 34.424656], [135.979511, 34.42893], [135.979363, 34.431772], [135.975107, 34.437494], [135.968133, 34.43765], [135.963637, 34.435259], [135.959765, 34.436356], [135.958007, 34.431943], [135.955234, 34.430723], [135.94784, 34.435554], [135.944667, 34.431589], [135.945, 34.42713], [135.939472, 34.427402], [135.93414, 34.429595], [135.93393, 34.432232], [135.931158, 34.434416], [135.925392, 34.436591], [135.924547, 34.440106], [135.920445, 34.444288], [135.906463, 34.447901], [135.903573, 34.444577], [135.898296, 34.442155], [135.896665, 34.447262], [135.892652, 34.44732], [135.887413, 34.453409], [135.879405, 34.451268], [135.874548, 34.444514], [135.860901, 34.442357], [135.858168, 34.440556], [135.855145, 34.434675], [135.84908, 34.431939], [135.846666, 34.428554], [135.847829, 34.426009], [135.852077, 34.423827], [135.851089, 34.42111], [135.858395, 34.415461], [135.857986, 34.405843], [135.855814, 34.400864], [135.850722, 34.398946], [135.845506, 34.400772], [135.843327, 34.3932], [135.818006, 34.387353], [135.821528, 34.373288], [135.832934, 34.36611], [135.839458, 34.368254], [135.84017, 34.363414], [135.838676, 34.362491], [135.841415, 34.361504], [135.841382, 34.358826], [135.845104, 34.361676], [135.849168, 34.357422], [135.851665, 34.358126], [135.853187, 34.35617], [135.868032, 34.353617], [135.869653, 34.351546], [135.867753, 34.348739], [135.867947, 34.345801], [135.867951, 34.345789]]]}, "properties": {"A27_001": "29441", "A27_002": "吉野町立", "A27_003": "B129210001783", "A27_004": "吉野小学校", "A27_005": "吉野郡吉野町河原屋200"}}, {"type": "Feature", "geometry": {"type": "Polygon", "coordinates": [[[135.747999, 34.495772], [135.759859, 34.496648], [135.756586, 34.496628], [135.758181, 34.504529], [135.751653, 34.503985], [135.750383, 34.506461], [135.745677, 34.506258], [135.745641, 34.507866], [135.741795, 34.505276], [135.741073, 34.498789], [135.748019, 34.498605], [135.747999, 34.495779], [135.747999, 34.495772]]]}, "properties": {"A27_001": "29202", "A27_002": "大和高田市立", "A27_003": "B129210000454", "A27_004": "浮孔小学校", "A27_005": "大和高田市中三倉堂2-5-43"}}, {"type": "Feature", "geometry": {"type": "Polygon", "coordinates": [[[135.74945, 34.530432], [135.750418, 34.518614], [135.758472, 34.518433], [135.758683, 34.514223], [135.761003, 34.514638], [135.763447, 34.51774], [135.766006, 34.517826], [135.763337, 34.530452], [135.760792, 34.530497], [135.759721, 34.532297], [135.750749, 34.531999], [135.749554, 34.530433], [135.74945, 34.530432]]]}, "properties": {"A27_001": "29202", "A27_002": "大和高田市立", "A27_003": "B129210000445", "A27_004": "土庫小学校", "A27_005": "大和高田市土庫3-2-61"}}, {"type": "Feature", "geometry": {"type": "MultiPolygon", "coordinates": [[[[135.739848, 34.55819], [135.742749, 34.561766], [135.739599, 34.561456], [135.739819, 34.558175], [135.739848, 34.55819]]], [[[135.72706530401229, 34.57352512732164], [135.725623, 34.573118], [135.725083, 34.570279], [135.729206, 34.565739], [135.725818, 34.559799], [135.725941, 34.555444], [135.729271, 34.557514], [135.731124, 34.556256], [135.731924, 34.557908], [135.738491, 34.558218], [135.73648, 34.560908], [135.739111, 34.562387], [135.736667, 34.563616], [135.737907, 34.564941], [135.739998, 34.562972], [135.741173, 34.563873], [135.735398, 34.569247], [135.737662, 34.569659], [135.738967, 34.574973], [135.737903, 34.57721], [135.753431, 34.578958], [135.75317, 34.580577], [135.750523, 34.581618], [135.751237, 34.58484], [135.753103, 34.585715], [135.75031, 34.590644], [135.751628, 34.591957], [135.740889, 34.593183], [135.7283823377628, 34.59088099798019], [135.732097, 34.585358], [135.73351385856452, 34.57743883825688], [135.72961498220658, 34.57622613653636], [135.72936656920987, 34.57426875315132], [135.727222, 34.573572], [135.72706530401229, 34.57352512732164]]]]}, "properties": {"A27_001": "29427", "A27_002": "河合町立", "A27_003": "B129210001765", "A27_004": "河合第一小学校", "A27_005": "北葛城郡河合町池部1-15-10"}}, {"type": "Feature", "geometry": {"type": "Polygon", "coordinates": [[[135.730187, 34.507311], [135.730284, 34.504354], [135.735908, 34.504404], [135.737663, 34.509405], [135.74201, 34.509384], [135.743939, 34.512129], [135.743356, 34.514619], [135.758683, 34.514223], [135.758472, 34.518433], [135.750418, 34.518614], [135.750552, 34.524475], [135.746568, 34.524724], [135.745695, 34.520592], [135.741163, 34.52049], [135.73923, 34.516684], [135.734933, 34.516678], [135.734952, 34.510632], [135.730168, 34.510538], [135.730239, 34.507742], [135.730187, 34.507311]]]}, "properties": {"A27_001": "29202", "A27_002": "大和高田市立", "A27_003": "B129210000436", "A27_004": "高田小学校", "A27_005": "大和高田市大中東町5-15"}}, {"type": "Feature", "geometry": {"type": "Polygon", "coordinates": [[[135.741226, 34.50478], [135.745641, 34.507866], [135.745677, 34.506258], [135.750383, 34.506461], [135.751653, 34.503985], [135.760117, 34.504764], [135.759762, 34.510847], [135.758242, 34.510652], [135.758769, 34.51423], [135.743356, 34.514619], [135.743939, 34.512129], [135.74201, 34.509384], [135.737663, 34.509405], [135.737582, 34.507407], [135.740855, 34.504513], [135.741226, 34.50478]]]}, "properties": {"A27_001": "29202", "A27_002": "大和高田市立", "A27_003": "B129210000427", "A27_004": "片塩小学校", "A27_005": "大和高田市旭北町2-1"}}, {"type": "Feature", "geometry": {"type": "Polygon", "coordinates": [[[135.73791, 34.558031], [135.731924, 34.557908], [135.731124, 34.556256], [135.729271, 34.557514], [135.727282, 34.555349], [135.720182, 34.553403], [135.720611, 34.546674], [135.731194, 34.543609], [135.730085, 34.544041], [135.733449, 34.550116], [135.733873, 34.556531], [135.738106, 34.55799], [135.73791, 34.558031]]]}, "properties": {"A27_001": "29426", "A27_002": "広陵町立", "A27_003": "B129210001756", "A27_004": "真美ケ丘第二小学校", "A27_005": "北葛城郡広陵町馬見北7-1-32"}}, {"type": "Feature", "geometry": {"type": "Polygon", "coordinates": [[[135.727757, 34.544262], [135.725867, 34.539374], [135.729572, 34.537077], [135.72707, 34.533159], [135.732, 34.528746], [135.731732, 34.53085], [135.737382, 34.534096], [135.73483809372476, 34.53437694231879], [135.73549278845246, 34.5356708776067], [135.733379, 34.534717], [135.734223, 34.537615], [135.732924, 34.537839], [135.73389172882898, 34.53901948865175], [135.73277156714437, 34.54129514084374], [135.731127, 34.54357], [135.727856, 34.544482], [135.727757, 34.544262]]]}, "properties": {"A27_001": "29426", "A27_002": "広陵町立", "A27_003": "B129210001747", "A27_004": "真美ケ丘第一小学校", "A27_005": "北葛城郡広陵町馬見南2-1-30"}}, {"type": "Feature", "geometry": {"type": "Polygon", "coordinates": [[[135.80600436949837, 34.70670085071629], [135.81236555072974, 34.7172705589893], [135.80584138836957, 34.717996945902485], [135.80359805380726, 34.72191555825657], [135.8020594779862, 34.72199349764005], [135.80334432596808, 34.71873874568275], [135.79838073820446, 34.71049440056489], [135.80600436949837, 34.70670085071629]]]}, "properties": {"A27_001": "29201", "A27_002": "奈良市立", "A27_003": "B129210000418", "A27_004": "左京小学校", "A27_005": "奈良市左京3-1-1"}}, {"type": "Feature", "geometry": {"type": "Polygon", "coordinates": [[[135.79968942362126, 34.702319635256266], [135.80364757021275, 34.701764432832604], [135.79976934702043, 34.696013209060695], [135.7998775426137, 34.6870686205975], [135.8205271388332, 34.68454132848498], [135.80702311866548, 34.704579579611455], [135.8136424869945, 34.70560541296233], [135.80122364815543, 34.70689229051109], [135.79991005622614, 34.70303679295736], [135.79968942362126, 34.702319635256266]]]}, "properties": {"A27_001": "29201", "A27_002": "奈良市立", "A27_003": "B129210000409", "A27_004": "佐保川小学校", "A27_005": "奈良市法蓮町229-1"}}, {"type": "Feature", "geometry": {"type": "Polygon", "coordinates": [[[135.739848, 34.55819], [135.74800317110936, 34.558073332318095], [135.74680430236631, 34.557590038356054], [135.746688161957, 34.55358881392613], [135.748725, 34.553045], [135.7495879257292, 34.55658785901616], [135.75246521071244, 34.553195435119804], [135.7522529546568, 34.557271073424914], [135.7547783480928, 34.555845709911694], [135.75466157571435, 34.560468259955556], [135.75949076886997, 34.56093282159349], [135.75949826179962, 34.564034894466126], [135.76348874436425, 34.564077047450965], [135.764028, 34.568012], [135.761153, 34.569539], [135.763433, 34.572767], [135.752548, 34.578324], [135.737997, 34.577329], [135.738967, 34.574973], [135.737662, 34.569659], [135.735355, 34.569474], [135.741115, 34.564422], [135.740312, 34.562988], [135.738022, 34.564934], [135.736667, 34.563616], [135.739111, 34.562387], [135.736552, 34.561076], [135.737403, 34.558707], [135.738875, 34.558054], [135.739772, 34.561593], [135.742749, 34.561766], [135.740295, 34.55842], [135.739848, 34.55819]]]}, "properties": {"A27_001": "29426", "A27_002": "広陵町立", "A27_003": "B129210001738", "A27_004": "広陵北小学校", "A27_005": "北葛城郡広陵町弁財天303"}}, {"type": "Feature", "geometry": {"type": "Polygon", "coordinates": [[[135.748725, 34.553045], [135.746688161957, 34.55358881392613], [135.74680430236631, 34.557590038356054], [135.74800317110936, 34.558073332318095], [135.738491, 34.558218], [135.733873, 34.556531], [135.733449, 34.550116], [135.730085, 34.544024], [135.73389172882898, 34.53901948865175], [135.733379, 34.534717], [135.73549278845246, 34.5356708776067], [135.73483809372476, 34.53437694231879], [135.737382, 34.534096], [135.731732, 34.53085], [135.731078, 34.527784], [135.733183, 34.528637], [135.732664, 34.529818], [135.735281, 34.528924], [135.73575, 34.527134], [135.738482, 34.527212], [135.740886, 34.529299], [135.745474, 34.528375], [135.745474, 34.530439], [135.749028, 34.530426], [135.74904, 34.534259], [135.746682, 34.537126], [135.746535, 34.543148], [135.750214, 34.54654], [135.748774, 34.552664], [135.748725, 34.553045]]]}, "properties": {"A27_001": "29426", "A27_002": "広陵町立", "A27_003": "B129210001729", "A27_004": "広陵西小学校", "A27_005": "北葛城郡広陵町平尾542"}}, {"type": "Feature", "geometry": {"type": "Polygon", "coordinates": [[[135.76348874436425, 34.564077047450965], [135.75949826179962, 34.564034894466126], [135.75949076886997, 34.56093282159349], [135.75466157571435, 34.560468259955556], [135.7547783480928, 34.555845709911694], [135.7522529546568, 34.557271073424914], [135.75246521071244, 34.553195435119804], [135.7511370889331, 34.5535850674613], [135.75107152579875, 34.556318113548976], [135.74829544856016, 34.554913817757516], [135.750227, 34.546665], [135.746532, 34.543937], [135.746682, 34.537126], [135.74904, 34.534259], [135.749028, 34.530426], [135.750749, 34.531999], [135.759721, 34.532297], [135.760792, 34.530497], [135.76647, 34.529478], [135.769856, 34.535319], [135.767892, 34.537588], [135.765806, 34.537477], [135.768422, 34.539707], [135.768159, 34.544262], [135.765629, 34.545429], [135.766689, 34.547373], [135.762037, 34.553347], [135.763436, 34.563799], [135.76348874436425, 34.564077047450965]]]}, "properties": {"A27_001": "29426", "A27_002": "広陵町立", "A27_003": "B129210001710", "A27_004": "広陵東小学校", "A27_005": "北葛城郡広陵町百済1625-1"}}, {"type": "Feature", "geometry": {"type": "Polygon", "coordinates": [[[135.763598, 34.465374], [135.764387, 34.467307], [135.770544, 34.46718], [135.775194, 34.471391], [135.778337, 34.469932], [135.778185, 34.480368], [135.777271, 34.482894], [135.774615, 34.483867], [135.774892, 34.488863], [135.773085, 34.488811], [135.772978, 34.48685], [135.766149, 34.487693], [135.765819, 34.483702], [135.761066, 34.483559], [135.758934, 34.476804], [135.753867, 34.476706], [135.75409, 34.46788], [135.750628, 34.467836], [135.750659, 34.465647], [135.757108, 34.465224], [135.760442, 34.463134], [135.763444, 34.465308], [135.763598, 34.465374]]]}, "properties": {"A27_001": "29205", "A27_002": "橿原市立", "A27_003": "B129210000793", "A27_004": "新沢小学校", "A27_005": "橿原市一町1296"}}, {"type": "Feature", "geometry": {"type": "Polygon", "coordinates": [[[135.814305, 34.510419], [135.813285, 34.498092], [135.812073, 34.498113], [135.81214, 34.495195], [135.809974, 34.495249], [135.815857, 34.492349], [135.817004, 34.489159], [135.820842, 34.489685], [135.822008, 34.48644], [135.824306, 34.489488], [135.826552, 34.486311], [135.828654, 34.486568], [135.831419, 34.491127], [135.829677, 34.491232], [135.827721, 34.494716], [135.825705, 34.494732], [135.830051, 34.502421], [135.831784, 34.502196], [135.831419, 34.503982], [135.830904, 34.502533], [135.826506, 34.504096], [135.826258, 34.511269], [135.814506, 34.510439], [135.814305, 34.510419]]]}, "properties": {"A27_001": "29205", "A27_002": "橿原市立", "A27_003": "B129210000784", "A27_004": "香久山小学校", "A27_005": "橿原市膳夫町98-1"}}, {"type": "Feature", "geometry": {"type": "Polygon", "coordinates": [[[135.759859, 34.496648], [135.758879, 34.488528], [135.772978, 34.48685], [135.773116, 34.489922], [135.77666, 34.490698], [135.775409, 34.493832], [135.772586, 34.493799], [135.772524, 34.496615], [135.775409, 34.498704], [135.776586, 34.508508], [135.771774, 34.508547], [135.771724, 34.506531], [135.767053, 34.506531], [135.769464, 34.518587], [135.767341, 34.519535], [135.758745, 34.514424], [135.758242, 34.510652], [135.759762, 34.510847], [135.760117, 34.504764], [135.758248, 34.504675], [135.757771, 34.497629], [135.756515, 34.497436], [135.759853, 34.496687], [135.759859, 34.496648]]]}, "properties": {"A27_001": "29205", "A27_002": "橿原市立", "A27_003": "B129210000775", "A27_004": "金橋小学校", "A27_005": "橿原市雲梯町216-1"}}, {"type": "Feature", "geometry": {"type": "Polygon", "coordinates": [[[135.818816, 34.52144], [135.82002, 34.523891], [135.825095, 34.525532], [135.821384, 34.526099], [135.821337, 34.529681], [135.818609, 34.530123], [135.818462, 34.534997], [135.807916, 34.534658], [135.804174, 34.537558], [135.797385, 34.536857], [135.797665, 34.520203], [135.793899, 34.513985], [135.799639, 34.513987], [135.800809, 34.51801], [135.808208, 34.518992], [135.808099, 34.523966], [135.81419, 34.523965], [135.818795, 34.521439], [135.818816, 34.52144]]]}, "properties": {"A27_001": "29205", "A27_002": "橿原市立", "A27_003": "B129210000766", "A27_004": "耳成小学校", "A27_005": "橿原市葛本町625"}}, {"type": "Feature", "geometry": {"type": "Polygon", "coordinates": [[[135.77666, 34.490698], [135.784365, 34.489031], [135.784276, 34.492752], [135.781411, 34.496222], [135.781812, 34.500679], [135.779046, 34.5008], [135.782588, 34.508617], [135.781345, 34.512928], [135.789674, 34.513958], [135.789782, 34.517875], [135.787358, 34.519804], [135.783701, 34.518813], [135.783709, 34.521129], [135.779245, 34.520869], [135.779119, 34.519499], [135.764647, 34.520736], [135.769464, 34.518587], [135.767053, 34.506531], [135.776586, 34.508508], [135.775409, 34.498704], [135.772536, 34.494841], [135.776722, 34.490982], [135.77666, 34.490698]]]}, "properties": {"A27_001": "29205", "A27_002": "橿原市立", "A27_003": "B129210000757", "A27_004": "真菅小学校", "A27_005": "橿原市曽我町710"}}, {"type": "Feature", "geometry": {"type": "Polygon", "coordinates": [[[135.786366, 34.512448], [135.781345, 34.512928], [135.782588, 34.508617], [135.779046, 34.5008], [135.781812, 34.500679], [135.781464, 34.498762], [135.790611, 34.499265], [135.791493, 34.504772], [135.795385, 34.504904], [135.79003, 34.506784], [135.786371, 34.512288], [135.786366, 34.512448]]]}, "properties": {"A27_001": "29205", "A27_002": "橿原市立", "A27_003": "B129210000748", "A27_004": "今井小学校", "A27_005": "橿原市今井町3-4-46"}}, {"type": "Feature", "geometry": {"type": "Polygon", "coordinates": [[[135.795385, 34.504904], [135.795928, 34.498036], [135.797434, 34.498011], [135.79907, 34.512997], [135.793223, 34.513995], [135.795669, 34.517031], [135.789763, 34.516941], [135.789674, 34.513958], [135.786378, 34.511688], [135.790407, 34.506481], [135.795289, 34.504959], [135.795385, 34.504904]]]}, "properties": {"A27_001": "29205", "A27_002": "橿原市立", "A27_003": "B129210000739", "A27_004": "晩成小学校", "A27_005": "橿原市小房町1-54"}}, {"type": "Feature", "geometry": {"type": "Polygon", "coordinates": [[[135.799048, 34.500234], [135.799893, 34.498859], [135.804547, 34.499988], [135.802216, 34.495332], [135.806256, 34.491233], [135.809639, 34.491532], [135.809499, 34.495516], [135.81214, 34.495195], [135.812073, 34.498113], [135.813285, 34.498092], [135.814305, 34.510419], [135.799713, 34.51096], [135.799683, 34.505848], [135.797282, 34.505836], [135.798956, 34.500386], [135.799048, 34.500234]]]}, "properties": {"A27_001": "29205", "A27_002": "橿原市立", "A27_003": "B129210000720", "A27_004": "鴨公小学校", "A27_005": "橿原市縄手町324"}}, {"type": "Feature", "geometry": {"type": "Polygon", "coordinates": [[[135.809738, 34.492343], [135.806256, 34.491233], [135.802344, 34.495133], [135.804547, 34.499988], [135.799893, 34.498859], [135.797936, 34.500063], [135.797434, 34.498011], [135.795928, 34.498036], [135.795385, 34.504904], [135.791493, 34.504772], [135.790611, 34.499265], [135.781464, 34.498762], [135.782462, 34.494508], [135.785918, 34.491645], [135.787824, 34.493488], [135.788698, 34.491988], [135.789493, 34.493306], [135.794428, 34.493435], [135.792874, 34.49103], [135.796704, 34.486205], [135.812291, 34.48585], [135.810496, 34.489791], [135.812897, 34.490186], [135.809852, 34.492343], [135.809738, 34.492343]]]}, "properties": {"A27_001": "29205", "A27_002": "橿原市立", "A27_003": "B129210000711", "A27_004": "畝傍北小学校", "A27_005": "橿原市大久保町156"}}, {"type": "Feature", "geometry": {"type": "Polygon", "coordinates": [[[135.799548, 34.469331], [135.796753, 34.475133], [135.796049, 34.488294], [135.794307, 34.488256], [135.792874, 34.49103], [135.794428, 34.493435], [135.789493, 34.493306], [135.788698, 34.491988], [135.787824, 34.493488], [135.78643, 34.491482], [135.784276, 34.492752], [135.784365, 34.489031], [135.77666, 34.490698], [135.773116, 34.489922], [135.774892, 34.488863], [135.775279, 34.48282], [135.78747, 34.483032], [135.787867, 34.481527], [135.790887, 34.481412], [135.794846, 34.470696], [135.795825, 34.472082], [135.798284, 34.468088], [135.799294, 34.469103], [135.799548, 34.469331]]]}, "properties": {"A27_001": "29205", "A27_002": "橿原市立", "A27_003": "B129210000702", "A27_004": "畝傍南小学校", "A27_005": "橿原市見瀬町164"}}, {"type": "Feature", "geometry": {"type": "Polygon", "coordinates": [[[135.875056, 34.561321], [135.873009, 34.563688], [135.870444, 34.561148], [135.866711, 34.56066], [135.854445, 34.564115], [135.848083, 34.562574], [135.827834, 34.562431], [135.826041, 34.564401], [135.823651, 34.564288], [135.82231, 34.5679], [135.817644, 34.567336], [135.817621, 34.570367], [135.812906, 34.570756], [135.812862, 34.569052], [135.811532, 34.569055], [135.811518, 34.564164], [135.813707, 34.563147], [135.813307, 34.560942], [135.820839, 34.560603], [135.821214, 34.554543], [135.824525, 34.553498], [135.826153, 34.548549], [135.831674, 34.548546], [135.831688, 34.552417], [135.837312, 34.552512], [135.83821, 34.550707], [135.844046, 34.548952], [135.853431, 34.550486], [135.861536, 34.548361], [135.86738, 34.548844], [135.8724, 34.553278], [135.872343, 34.55797], [135.874813, 34.561329], [135.875056, 34.561321]]]}, "properties": {"A27_001": "29204", "A27_002": "天理市立", "A27_003": "B129210000695", "A27_004": "柳本小学校", "A27_005": "天理市柳本町1213"}}, {"type": "Feature", "geometry": {"type": "Polygon", "coordinates": [[[135.85314, 34.621372], [135.851659, 34.623189], [135.854117, 34.624216], [135.853164, 34.626718], [135.845702, 34.626639], [135.849602, 34.632848], [135.849569, 34.634069], [135.845294, 34.63416], [135.847567, 34.637398], [135.846865, 34.63876], [135.834489, 34.636137], [135.834058, 34.633514], [135.829548, 34.635278], [135.829493, 34.637147], [135.823616, 34.637202], [135.822391, 34.634605], [135.823892, 34.625208], [135.815862, 34.624491], [135.813282, 34.623005], [135.813274, 34.619464], [135.814304, 34.616504], [135.821329, 34.615439], [135.821354, 34.613585], [135.826026, 34.616455], [135.831112, 34.617124], [135.833145, 34.615894], [135.847068, 34.616223], [135.846882, 34.619771], [135.849296, 34.620153], [135.852288, 34.617675], [135.853134, 34.621349], [135.85314, 34.621372]]]}, "properties": {"A27_001": "29204", "A27_002": "天理市立", "A27_003": "B129210000686", "A27_004": "櫟本小学校", "A27_005": "天理市櫟本町2426-1"}}, {"type": "Feature", "geometry": {"type": "Polygon", "coordinates": [[[135.908365, 34.589752], [135.909039, 34.591485], [135.913637, 34.589458], [135.917019, 34.59142], [135.920146, 34.591707], [135.922531, 34.589894], [135.928941, 34.591108], [135.932332, 34.595823], [135.937317, 34.59442], [135.938998, 34.596098], [135.939162, 34.599207], [135.935922, 34.602358], [135.940327, 34.604434], [135.940563, 34.606996], [135.934574, 34.610124], [135.933557, 34.6127], [135.938276, 34.613086], [135.941679, 34.617991], [135.946242, 34.621244], [135.950792, 34.621948], [135.951231, 34.623616], [135.948439, 34.626625], [135.94754, 34.630866], [135.94365, 34.631293], [135.943429, 34.637494], [135.939281, 34.640004], [135.939542, 34.642011], [135.93067, 34.641798], [135.926763, 34.644772], [135.925277, 34.642229], [135.92639, 34.632152], [135.924719, 34.628944], [135.921472, 34.630209], [135.911931, 34.629144], [135.910851, 34.631176], [135.904081, 34.632419], [135.900863, 34.634877], [135.896569, 34.63491], [135.894314, 34.632505], [135.895656, 34.62788], [135.89353, 34.624539], [135.895226, 34.623181], [135.891984, 34.618125], [135.894276, 34.610707], [135.891858, 34.609504], [135.886206, 34.611064], [135.887725, 34.604625], [135.877734, 34.605966], [135.877434, 34.603393], [135.883637, 34.601899], [135.877246, 34.601634], [135.878166, 34.598322], [135.882122, 34.598567], [135.87757, 34.590625], [135.87776, 34.588397], [135.878832, 34.589992], [135.885338, 34.589379], [135.901834, 34.590946], [135.902347, 34.592133], [135.90816, 34.589739], [135.908365, 34.589752]]]}, "properties": {"A27_001": "29204", "A27_002": "天理市立", "A27_003": "B129210000677", "A27_004": "福住小学校", "A27_005": "天理市福住町1954-1"}}, {"type": "Feature", "geometry": {"type": "Polygon", "coordinates": [[[135.854691, 34.564021], [135.854144, 34.568164], [135.857255, 34.571107], [135.85582, 34.572157], [135.862901, 34.575118], [135.869318, 34.575346], [135.868367, 34.58396], [135.858963, 34.586279], [135.854215, 34.584594], [135.85571, 34.586568], [135.852098, 34.588998], [135.853552, 34.587025], [135.848777, 34.584543], [135.834908, 34.587056], [135.832858, 34.58515], [135.829043, 34.585118], [135.829115, 34.58318], [135.825459, 34.581072], [135.824302, 34.57729], [135.817515, 34.57608], [135.818851, 34.570517], [135.817608, 34.570471], [135.817644, 34.567336], [135.82231, 34.5679], [135.823651, 34.564288], [135.826041, 34.564401], [135.826213, 34.562943], [135.848083, 34.562574], [135.854578, 34.564091], [135.854691, 34.564021]]]}, "properties": {"A27_001": "29204", "A27_002": "天理市立", "A27_003": "B129210000668", "A27_004": "朝和小学校", "A27_005": "天理市成願寺町420"}}, {"type": "Feature", "geometry": {"type": "Polygon", "coordinates": [[[135.800348, 34.583642], [135.800173, 34.58593], [135.804549, 34.586009], [135.805148, 34.589702], [135.807425, 34.589477], [135.80734, 34.595771], [135.809586, 34.596795], [135.809497, 34.600745], [135.805936, 34.600636], [135.804668, 34.602681], [135.796776, 34.601588], [135.795261, 34.60271], [135.795169, 34.601581], [135.791265, 34.601447], [135.788947, 34.596291], [135.786403, 34.595846], [135.786267, 34.597592], [135.784954, 34.59758], [135.7845819154872, 34.592686678467736], [135.79479539210593, 34.58793457472644], [135.789989, 34.584719], [135.786617, 34.585622], [135.786917, 34.578506], [135.7903, 34.577856], [135.790256, 34.579359], [135.795239, 34.579837], [135.795369, 34.57794], [135.798966, 34.576948], [135.800253, 34.583632], [135.800348, 34.583642]]]}, "properties": {"A27_001": "29204", "A27_002": "天理市立", "A27_003": "B129210000659", "A27_004": "二階堂小学校", "A27_005": "天理市二階堂南菅田町640-1"}}, {"type": "Feature", "geometry": {"type": "Polygon", "coordinates": [[[135.829556, 34.601879], [135.828452, 34.601854], [135.827306, 34.608806], [135.828783, 34.611625], [135.823489, 34.611543], [135.823359, 34.613715], [135.816754, 34.613463], [135.816737, 34.611632], [135.812131, 34.610353], [135.807117, 34.610326], [135.80685, 34.612925], [135.794898, 34.612041], [135.796368, 34.60159], [135.804668, 34.602681], [135.805936, 34.600636], [135.809497, 34.600745], [135.809586, 34.596795], [135.80734, 34.595771], [135.807461, 34.589689], [135.816889, 34.590805], [135.816703, 34.592856], [135.820461, 34.592902], [135.821615, 34.594914], [135.823702, 34.594928], [135.825286, 34.591963], [135.82921, 34.592951], [135.828337, 34.597481], [135.830291, 34.59791], [135.830282, 34.599418], [135.82811, 34.599947], [135.829557, 34.601415], [135.829556, 34.601879]]]}, "properties": {"A27_001": "29204", "A27_002": "天理市立", "A27_003": "B129210000640", "A27_004": "前栽小学校", "A27_005": "天理市前栽町329"}}, {"type": "Feature", "geometry": {"type": "MultiPolygon", "coordinates": [[[[135.800348, 34.583642], [135.80391, 34.583136], [135.805136, 34.58647], [135.800173, 34.58593], [135.800342, 34.583808], [135.800348, 34.583642]]], [[[135.826645, 34.582156], [135.825375, 34.582131], [135.826308, 34.590942], [135.823702, 34.594928], [135.816703, 34.592856], [135.816889, 34.590805], [135.807461, 34.589689], [135.807641, 34.577473], [135.809099, 34.574235], [135.81249, 34.573902], [135.813276, 34.570475], [135.818851, 34.570517], [135.817515, 34.57608], [135.824302, 34.57729], [135.82665, 34.5812], [135.826645, 34.582156]]]]}, "properties": {"A27_001": "29204", "A27_002": "天理市立", "A27_003": "B129210000631", "A27_004": "井戸堂小学校", "A27_005": "天理市西井戸堂町301"}}, {"type": "Feature", "geometry": {"type": "Polygon", "coordinates": [[[135.769789, 34.343489], [135.764776, 34.344511], [135.763421, 34.338744], [135.754938, 34.337336], [135.752634, 34.338392], [135.750202, 34.349176], [135.748583, 34.350176], [135.737879, 34.348012], [135.736316, 34.350423], [135.734451, 34.347168], [135.730684, 34.34687], [135.727688, 34.35476], [135.724426, 34.355977], [135.714911, 34.355121], [135.708103, 34.34797], [135.692445, 34.347022], [135.690453, 34.34502], [135.693585, 34.340439], [135.693188, 34.33808], [135.681447, 34.33837], [135.68035, 34.341872], [135.675278, 34.343069], [135.673623, 34.33963], [135.661626, 34.338878], [135.661071, 34.341913], [135.660365, 34.340711], [135.661549, 34.338106], [135.659859, 34.337326], [135.658954, 34.332877], [135.660095, 34.326941], [135.667682, 34.326017], [135.668935, 34.322904], [135.667575, 34.319238], [135.668967, 34.318464], [135.667974, 34.318169], [135.669069, 34.315178], [135.667272, 34.311944], [135.665686, 34.312249], [135.667034, 34.31104], [135.66655, 34.308365], [135.668977, 34.306702], [135.666992, 34.304967], [135.66902, 34.303661], [135.667249, 34.300615], [135.668649, 34.301034], [135.669249, 34.296946], [135.672187, 34.296107], [135.671022, 34.295014], [135.675522, 34.290118], [135.672684, 34.281571], [135.676783, 34.277775], [135.677125, 34.274626], [135.680389, 34.273532], [135.679428, 34.272334], [135.680806, 34.270616], [135.689213, 34.271554], [135.692469, 34.278272], [135.700852, 34.275402], [135.703846, 34.271565], [135.7086, 34.271832], [135.708252, 34.268581], [135.714075, 34.265236], [135.716215, 34.265582], [135.719384, 34.26042], [135.720149, 34.2499], [135.723682, 34.242767], [135.723511, 34.239798], [135.728768, 34.235039], [135.730204, 34.228399], [135.727483, 34.223962], [135.727382, 34.220642], [135.722933, 34.219637], [135.717653, 34.214903], [135.712277, 34.213261], [135.709624, 34.208793], [135.714631, 34.206613], [135.711025, 34.202011], [135.706614, 34.198507], [135.704597, 34.201886], [135.702287, 34.197312], [135.697581, 34.195606], [135.698043, 34.190806], [135.690115, 34.184755], [135.694396, 34.18131], [135.698564, 34.180384], [135.69866, 34.174764], [135.707317, 34.174212], [135.710403, 34.166027], [135.72795, 34.160772], [135.730199, 34.155742], [135.726058, 34.148318], [135.729619, 34.138921], [135.722988, 34.137907], [135.717403, 34.132915], [135.707785, 34.129659], [135.704473, 34.123396], [135.700044, 34.119987], [135.700049, 34.112391], [135.694902, 34.109148], [135.695598, 34.103956], [135.687876, 34.099989], [135.683094, 34.094907], [135.676703, 34.094933], [135.669568, 34.091853], [135.664999, 34.084349], [135.666154, 34.083576], [135.676842, 34.082856], [135.684466, 34.084977], [135.688884, 34.083331], [135.697556, 34.087404], [135.702513, 34.085985], [135.711627, 34.089622], [135.713525, 34.098976], [135.724538, 34.110383], [135.723519, 34.115546], [135.729893, 34.120261], [135.729976, 34.123386], [135.74451, 34.135439], [135.745381, 34.138885], [135.743553, 34.142901], [135.744881, 34.144886], [135.751907, 34.146535], [135.751244, 34.15239], [135.756935, 34.15329], [135.771135, 34.150473], [135.769797, 34.14791], [135.77787, 34.146287], [135.780984, 34.142778], [135.781958, 34.138558], [135.784749, 34.141423], [135.788576, 34.134305], [135.791366, 34.133653], [135.807442, 34.138614], [135.823433, 34.14003], [135.829291, 34.142731], [135.838419, 34.139967], [135.842409, 34.141631], [135.84763, 34.138918], [135.852898, 34.143582], [135.860216, 34.146042], [135.863596, 34.14919], [135.876381, 34.151221], [135.887349, 34.148831], [135.893512, 34.143084], [135.900016, 34.14599], [135.905068, 34.144224], [135.91048, 34.152902], [135.910772, 34.155602], [135.904502, 34.164958], [135.903505, 34.170104], [135.896233, 34.174669], [135.89168, 34.183412], [135.885025, 34.185359], [135.873998, 34.178793], [135.862832, 34.176042], [135.858392, 34.17638], [135.856445, 34.183331], [135.861276, 34.190435], [135.855654, 34.193908], [135.851369, 34.189701], [135.843673, 34.190662], [135.837502, 34.186346], [135.827612, 34.184892], [135.825826, 34.181336], [135.814524, 34.184868], [135.810052, 34.183605], [135.804985, 34.181841], [135.802703, 34.178134], [135.79571, 34.175648], [135.792666, 34.179657], [135.785564, 34.183409], [135.775048, 34.185217], [135.767546, 34.184351], [135.760923, 34.187887], [135.759281, 34.191998], [135.753224, 34.191295], [135.746061, 34.19543], [135.746924, 34.199906], [135.744113, 34.205484], [135.745845, 34.21059], [135.74279, 34.210738], [135.747258, 34.213015], [135.75168, 34.219588], [135.748853, 34.232665], [135.773356, 34.241311], [135.778931, 34.241239], [135.786106, 34.238742], [135.790337, 34.231525], [135.795876, 34.234012], [135.805131, 34.234686], [135.809145, 34.240142], [135.816501, 34.240386], [135.819509, 34.243318], [135.818319, 34.247662], [135.820819, 34.252232], [135.827701, 34.253798], [135.831793, 34.2583], [135.83747, 34.260093], [135.845046, 34.265206], [135.843215, 34.269898], [135.840193, 34.272603], [135.836191, 34.274496], [135.826369, 34.274262], [135.821586, 34.27699], [135.822212, 34.279775], [135.82045, 34.280875], [135.810363, 34.282306], [135.806183, 34.28532], [135.800723, 34.283037], [135.792976, 34.283282], [135.783487, 34.2852], [135.773987, 34.289922], [135.775583, 34.29343], [135.775902, 34.302294], [135.779209, 34.304508], [135.779755, 34.307694], [135.773534, 34.313851], [135.779939, 34.315714], [135.778794, 34.320613], [135.779962, 34.324221], [135.775166, 34.326421], [135.769984, 34.326544], [135.769763, 34.33046], [135.767759, 34.333251], [135.769722, 34.33839], [135.771455, 34.339237], [135.76979, 34.343482], [135.769789, 34.343489]]]}, "properties": {"A27_001": "29207", "A27_002": "五條市立", "A27_003": "B129210001952", "A27_004": "五條南小学校", "A27_005": "五條市野原中3-5-43"}}, {"type": "Feature", "geometry": {"type": "Polygon", "coordinates": [[[135.869318, 34.575346], [135.872838, 34.572552], [135.877959, 34.573003], [135.892225, 34.569675], [135.89177, 34.568609], [135.896344, 34.568855], [135.901282, 34.572769], [135.899103, 34.575606], [135.909732, 34.583856], [135.907516, 34.584735], [135.908889, 34.585822], [135.908365, 34.589752], [135.902347, 34.592133], [135.901834, 34.590946], [135.884271, 34.589339], [135.882527, 34.590397], [135.877287, 34.588696], [135.882122, 34.598567], [135.878166, 34.598322], [135.877246, 34.601634], [135.883637, 34.601899], [135.877434, 34.603393], [135.877734, 34.605966], [135.887474, 34.604593], [135.88794, 34.606655], [135.886206, 34.611064], [135.879036, 34.613116], [135.874902, 34.611559], [135.874102, 34.60888], [135.873169, 34.609947], [135.872739, 34.607167], [135.871181, 34.609725], [135.870619, 34.607925], [135.870038, 34.609487], [135.867327, 34.609594], [135.869896, 34.612791], [135.868696, 34.620577], [135.861651, 34.618653], [135.855294, 34.619529], [135.85314, 34.621372], [135.852288, 34.617675], [135.84814, 34.620449], [135.846424, 34.618981], [135.847068, 34.616223], [135.845126, 34.615795], [135.839779, 34.616881], [135.833145, 34.615894], [135.831112, 34.617124], [135.823774, 34.6152], [135.823489, 34.611543], [135.828935, 34.611254], [135.827276, 34.609692], [135.828452, 34.601854], [135.83127, 34.602958], [135.836928, 34.601965], [135.837036, 34.600007], [135.839438, 34.599896], [135.839647, 34.598465], [135.847109, 34.59884], [135.851732, 34.597365], [135.856005, 34.593808], [135.854576, 34.587976], [135.855713, 34.586509], [135.854215, 34.584594], [135.858963, 34.586279], [135.868367, 34.58396], [135.869334, 34.575386], [135.869318, 34.575346]]]}, "properties": {"A27_001": "29204", "A27_002": "天理市立", "A27_003": "B129210000622", "A27_004": "山の辺小学校", "A27_005": "天理市別所町380"}}, {"type": "Feature", "geometry": {"type": "MultiPolygon", "coordinates": [[[[135.875056, 34.561321], [135.881654, 34.55888], [135.887112, 34.562488], [135.886039, 34.566631], [135.887983, 34.567968], [135.890397, 34.567222], [135.892225, 34.569675], [135.877959, 34.573003], [135.872838, 34.572552], [135.870746, 34.57505], [135.867164, 34.575774], [135.85582, 34.572157], [135.857255, 34.571107], [135.853926, 34.567223], [135.855617, 34.563486], [135.866711, 34.56066], [135.870444, 34.561148], [135.873009, 34.563688], [135.874869, 34.561424], [135.875056, 34.561321]]], [[[135.829556, 34.601879], [135.829673, 34.600229], [135.828112, 34.599688], [135.830282, 34.599418], [135.830291, 34.59791], [135.828337, 34.597481], [135.829711, 34.593794], [135.826054, 34.592091], [135.825375, 34.582131], [135.834908, 34.587056], [135.849766, 34.584681], [135.853552, 34.587025], [135.852098, 34.588998], [135.854626, 34.588122], [135.855872, 34.589912], [135.855378, 34.5949], [135.85165, 34.597418], [135.848849, 34.597253], [135.849258, 34.598578], [135.839647, 34.598465], [135.839438, 34.599896], [135.837036, 34.600007], [135.836928, 34.601965], [135.829538, 34.602343], [135.829556, 34.601879]]]]}, "properties": {"A27_001": "29204", "A27_002": "天理市立", "A27_003": "B129210000613", "A27_004": "丹波市小学校", "A27_005": "天理市丹波市町180"}}, {"type": "Feature", "geometry": {"type": "Polygon", "coordinates": [[[136.090806, 34.362546], [136.090404, 34.366826], [136.09193, 34.368789], [136.089361, 34.374344], [136.08662, 34.375753], [136.086092, 34.379625], [136.078159, 34.386404], [136.072124, 34.387046], [136.069306, 34.389341], [136.069141, 34.394257], [136.074989, 34.398367], [136.074282, 34.399752], [136.077998, 34.407852], [136.084358, 34.40978], [136.090265, 34.416042], [136.091192, 34.422633], [136.088654, 34.428633], [136.096116, 34.435507], [136.094911, 34.441504], [136.091526, 34.444476], [136.090586, 34.449877], [136.087963, 34.451552], [136.085599, 34.461591], [136.086342, 34.463706], [136.082302, 34.466442], [136.0805, 34.470761], [136.081562, 34.47446], [136.076833, 34.476778], [136.070125, 34.476506], [136.062582, 34.478919], [136.059545, 34.477922], [136.054695, 34.479167], [136.050846, 34.477686], [136.03763, 34.479633], [136.041794, 34.47523], [136.049796, 34.470753], [136.049521, 34.469216], [136.043511, 34.465908], [136.042015, 34.463055], [136.03091, 34.458621], [136.030374, 34.455832], [136.013136, 34.453653], [136.007144, 34.443567], [136.002752, 34.442412], [135.992333, 34.444267], [135.980786, 34.439082], [135.978898, 34.436822], [135.975508, 34.436593], [135.978876, 34.432694], [135.979533, 34.429087], [135.976217, 34.424747], [135.973186, 34.423142], [135.968536, 34.423472], [135.968283, 34.419658], [135.961775, 34.418205], [135.957442, 34.413187], [135.957629, 34.410841], [135.95992, 34.409387], [135.959588, 34.405745], [135.957194, 34.404163], [135.95369, 34.405109], [135.939602, 34.397731], [135.93704, 34.392162], [135.937481, 34.389151], [135.942013, 34.385025], [135.940685, 34.380263], [135.93657, 34.377378], [135.936713, 34.374921], [135.943401, 34.376349], [135.955379, 34.374355], [135.958508, 34.375687], [135.959059, 34.377995], [135.964862, 34.377387], [135.969529, 34.381262], [135.971465, 34.380578], [135.97473, 34.377308], [135.976564, 34.369463], [135.981793, 34.362049], [135.981454, 34.35448], [135.998007, 34.349796], [136.00021, 34.352982], [136.003812, 34.354233], [136.009698, 34.35312], [136.013638, 34.356098], [136.017418, 34.356342], [136.02011, 34.353676], [136.023707, 34.354075], [136.027391, 34.351599], [136.030631, 34.345858], [136.035861, 34.346595], [136.047539, 34.343825], [136.063857, 34.346538], [136.068533, 34.355191], [136.065368, 34.360522], [136.068741, 34.364156], [136.087731, 34.363653], [136.090122, 34.362439], [136.090806, 34.362546]]]}, "properties": {"A27_001": "29453", "A27_002": "東吉野村立", "A27_003": "B129210001943", "A27_004": "東吉野小学校", "A27_005": "吉野郡東吉野村小川604"}}, {"type": "Feature", "geometry": {"type": "Polygon", "coordinates": [[[136.093449, 34.195698], [136.096536, 34.198291], [136.097576, 34.202472], [136.106778, 34.206693], [136.108007, 34.210528], [136.115352, 34.210389], [136.118245, 34.21428], [136.117298, 34.22311], [136.10965, 34.224221], [136.109688, 34.228103], [136.115782, 34.229625], [136.117442, 34.233947], [136.1226, 34.239781], [136.130306, 34.242873], [136.129392, 34.249096], [136.131849, 34.251896], [136.125541, 34.258112], [136.118064, 34.260596], [136.118751, 34.264936], [136.121862, 34.266987], [136.120548, 34.270172], [136.117236, 34.271101], [136.111987, 34.280736], [136.105456, 34.283003], [136.097829, 34.288822], [136.095921, 34.293784], [136.095774, 34.302944], [136.10036, 34.305541], [136.111646, 34.305014], [136.114944, 34.308812], [136.122311, 34.310428], [136.129505, 34.316174], [136.121554, 34.326186], [136.115767, 34.326167], [136.109231, 34.329107], [136.102105, 34.336362], [136.102068, 34.342159], [136.097317, 34.347492], [136.096726, 34.349536], [136.098606, 34.352265], [136.0945, 34.361189], [136.087731, 34.363653], [136.068741, 34.364156], [136.065368, 34.360522], [136.068533, 34.355191], [136.063857, 34.346538], [136.047539, 34.343825], [136.035861, 34.346595], [136.030631, 34.345858], [136.027391, 34.351599], [136.023707, 34.354075], [136.02011, 34.353676], [136.017418, 34.356342], [136.013638, 34.356098], [136.009698, 34.35312], [136.003812, 34.354233], [136.00021, 34.352982], [135.998007, 34.349796], [135.981454, 34.35448], [135.981793, 34.362049], [135.976564, 34.369463], [135.97473, 34.377308], [135.969529, 34.381262], [135.964862, 34.377387], [135.958869, 34.377903], [135.958508, 34.375687], [135.955379, 34.374355], [135.943401, 34.376349], [135.935052, 34.375396], [135.932381, 34.369182], [135.926146, 34.372401], [135.926497, 34.374857], [135.924412, 34.376339], [135.921842, 34.37642], [135.921341, 34.372794], [135.92342, 34.368263], [135.926069, 34.366867], [135.925119, 34.36495], [135.920384, 34.366104], [135.912254, 34.363292], [135.909855, 34.357882], [135.896084, 34.349536], [135.895272, 34.346622], [135.888016, 34.341441], [135.892522, 34.334843], [135.903309, 34.330704], [135.905885, 34.323263], [135.90981, 34.320662], [135.912674, 34.314138], [135.910877, 34.310915], [135.912592, 34.308231], [135.913101, 34.298835], [135.916474, 34.291844], [135.914543, 34.284802], [135.915398, 34.28349], [135.926507, 34.278499], [135.935257, 34.278249], [135.938789, 34.275196], [135.942752, 34.274721], [135.953637, 34.277434], [135.963358, 34.273903], [135.958011, 34.26831], [135.959981, 34.265971], [135.964244, 34.267939], [135.965359, 34.259466], [135.973164, 34.256653], [135.969714, 34.248099], [135.97035, 34.245376], [135.962967, 34.235645], [135.965249, 34.233853], [135.96297, 34.227855], [135.965329, 34.225394], [135.972759, 34.22452], [135.983708, 34.227942], [135.996037, 34.228612], [136.003566, 34.233416], [136.016907, 34.23417], [136.020107, 34.236775], [136.024989, 34.234745], [136.027254, 34.22762], [136.024862, 34.224504], [136.028396, 34.215711], [136.035013, 34.208112], [136.038864, 34.207454], [136.04351, 34.20899], [136.047602, 34.206714], [136.057822, 34.20706], [136.063963, 34.199477], [136.069416, 34.199145], [136.074064, 34.20107], [136.081326, 34.198462], [136.087566, 34.199096], [136.090204, 34.19623], [136.09344, 34.195701], [136.093449, 34.195698]]]}, "properties": {"A27_001": "29452", "A27_002": "川上村立", "A27_003": "B129210001934", "A27_004": "川上小学校", "A27_005": "吉野郡川上村人知270"}}, {"type": "Feature", "geometry": {"type": "Polygon", "coordinates": [[[135.551317, 34.068421], [135.553384, 34.064957], [135.563393, 34.063385], [135.567062, 34.057346], [135.574579, 34.058881], [135.58049, 34.05791], [135.5815, 34.054482], [135.587662, 34.046907], [135.591653, 34.046644], [135.594408, 34.044268], [135.595835, 34.036792], [135.59966, 34.032019], [135.594833, 34.027839], [135.595513, 34.023911], [135.591546, 34.019563], [135.593612, 34.01328], [135.595734, 34.011591], [135.608468, 34.013619], [135.612095, 34.010129], [135.622193, 34.009668], [135.625358, 34.007064], [135.623541, 34.002378], [135.624211, 34.000209], [135.629027, 33.997749], [135.63088, 33.991012], [135.657562, 33.993918], [135.662027, 33.995703], [135.663766, 34.000353], [135.671562, 34.000887], [135.680445, 34.006127], [135.684788, 34.002148], [135.695062, 34.00585], [135.700104, 34.005603], [135.710744, 34.009989], [135.711732, 34.016365], [135.719215, 34.025768], [135.727658, 34.027006], [135.735532, 34.025774], [135.739788, 34.021692], [135.740101, 34.018183], [135.754088, 34.008949], [135.755985, 34.003343], [135.763416, 34.001895], [135.767027, 33.99835], [135.761965, 33.993552], [135.76486, 33.984311], [135.76767, 33.980481], [135.773605, 33.981423], [135.775112, 33.978703], [135.78121, 33.978089], [135.781628, 33.976793], [135.778197, 33.974526], [135.780295, 33.972454], [135.779889, 33.970562], [135.786116, 33.968984], [135.800612, 33.968582], [135.798638, 33.972303], [135.80202, 33.971489], [135.804244, 33.973228], [135.807049, 33.969743], [135.807497, 33.961285], [135.822576, 33.953181], [135.823456, 33.950232], [135.832705, 33.942988], [135.833976, 33.934241], [135.827854, 33.919512], [135.830224, 33.912595], [135.824904, 33.910178], [135.821286, 33.902839], [135.830588, 33.897629], [135.836857, 33.8954], [135.84073, 33.897025], [135.846326, 33.896737], [135.85158, 33.894065], [135.858399, 33.897039], [135.860105, 33.898855], [135.858717, 33.901192], [135.859734, 33.903055], [135.862773, 33.904957], [135.863315, 33.907989], [135.868947, 33.914297], [135.865573, 33.920013], [135.865859, 33.922072], [135.877171, 33.917111], [135.880428, 33.917786], [135.882019, 33.914916], [135.879989, 33.912679], [135.88217, 33.907827], [135.892854, 33.906225], [135.8963, 33.907422], [135.89785, 33.912292], [135.894352, 33.920592], [135.90234, 33.92115], [135.909084, 33.918474], [135.909731, 33.922697], [135.904732, 33.925579], [135.902659, 33.924058], [135.899211, 33.925257], [135.898088, 33.933782], [135.893009, 33.938942], [135.892437, 33.945546], [135.894856, 33.949143], [135.893626, 33.949784], [135.897257, 33.954213], [135.901971, 33.953751], [135.904682, 33.955532], [135.906882, 33.958374], [135.906667, 33.963079], [135.912661, 33.964265], [135.916033, 33.967673], [135.915674, 33.972592], [135.905227, 33.977545], [135.898532, 33.982731], [135.902775, 33.98687], [135.90328, 33.994403], [135.908776, 33.999869], [135.905038, 34.004516], [135.90645, 34.010217], [135.902458, 34.015252], [135.901677, 34.019844], [135.909655, 34.024314], [135.911037, 34.02961], [135.907038, 34.034672], [135.904125, 34.035286], [135.897074, 34.041488], [135.89536, 34.046834], [135.893133, 34.048364], [135.892046, 34.051696], [135.896862, 34.05842], [135.890786, 34.067153], [135.896029, 34.075158], [135.900963, 34.077765], [135.898151, 34.086034], [135.901119, 34.091361], [135.900773, 34.093967], [135.905477, 34.096814], [135.906471, 34.099215], [135.905132, 34.103752], [135.9021, 34.106092], [135.901602, 34.113872], [135.910081, 34.118471], [135.915166, 34.123931], [135.91306, 34.134422], [135.908556, 34.136115], [135.905068, 34.144224], [135.900016, 34.14599], [135.893512, 34.143084], [135.887349, 34.148831], [135.876381, 34.151221], [135.863596, 34.14919], [135.860216, 34.146042], [135.852898, 34.143582], [135.84763, 34.138918], [135.842409, 34.141631], [135.838419, 34.139967], [135.829291, 34.142731], [135.823433, 34.14003], [135.807442, 34.138614], [135.791176, 34.133653], [135.788576, 34.134305], [135.784749, 34.141423], [135.781958, 34.138558], [135.780984, 34.142778], [135.77787, 34.146287], [135.769797, 34.14791], [135.771135, 34.150473], [135.756935, 34.15329], [135.751244, 34.15239], [135.751907, 34.146535], [135.744519, 34.144691], [135.743473, 34.142553], [135.745381, 34.138885], [135.74451, 34.135439], [135.729976, 34.123386], [135.729893, 34.120261], [135.723519, 34.115546], [135.724538, 34.110383], [135.7137, 34.09925], [135.71173, 34.089759], [135.709802, 34.088465], [135.702513, 34.085985], [135.697556, 34.087404], [135.688884, 34.083331], [135.684466, 34.084977], [135.676842, 34.082856], [135.664079, 34.084482], [135.659442, 34.08006], [135.641194, 34.075847], [135.634458, 34.068239], [135.629852, 34.066802], [135.626663, 34.067824], [135.621878, 34.064913], [135.601584, 34.074932], [135.597789, 34.078765], [135.574184, 34.078455], [135.551801, 34.068761], [135.551317, 34.068421]]]}, "properties": {"A27_001": "29449", "A27_002": "十津川村立", "A27_003": "B129210001907", "A27_004": "十津川第一小学校", "A27_005": "吉野郡十津川村小原707"}}, {"type": "Feature", "geometry": {"type": "Polygon", "coordinates": [[[135.67963, 34.407746], [135.676044, 34.40558], [135.675553, 34.399458], [135.663836, 34.397304], [135.662652, 34.393289], [135.659676, 34.391486], [135.654715, 34.383835], [135.651129, 34.383206], [135.655838, 34.366225], [135.663525, 34.355444], [135.661996, 34.350138], [135.662907, 34.34693], [135.660811, 34.344803], [135.662319, 34.34344], [135.661071, 34.341913], [135.661626, 34.338878], [135.666604, 34.339769], [135.666546, 34.341377], [135.673456, 34.344606], [135.679531, 34.350172], [135.688469, 34.352002], [135.68952, 34.353574], [135.690774, 34.352684], [135.692896, 34.35655], [135.682721, 34.362294], [135.683816, 34.365835], [135.684693, 34.363488], [135.687222, 34.364162], [135.688456, 34.362959], [135.691938, 34.36653], [135.681771, 34.378249], [135.690955, 34.384734], [135.687017, 34.397043], [135.679786, 34.404322], [135.67957, 34.407472], [135.67963, 34.407746]]]}, "properties": {"A27_001": "29207", "A27_002": "五條市立", "A27_003": "B129210000980", "A27_004": "牧野小学校", "A27_005": "五條市中之町921"}}, {"type": "Feature", "geometry": {"type": "Polygon", "coordinates": [[[135.666604, 34.339769], [135.673623, 34.33963], [135.675278, 34.343069], [135.68035, 34.341872], [135.681447, 34.33837], [135.693188, 34.33808], [135.693585, 34.340439], [135.690463, 34.344955], [135.691763, 34.346608], [135.708292, 34.348032], [135.714911, 34.355121], [135.718224, 34.355709], [135.714993, 34.356334], [135.707337, 34.351804], [135.703013, 34.353564], [135.701805, 34.357154], [135.695278, 34.35886], [135.69431, 34.361836], [135.689, 34.361045], [135.687378, 34.358933], [135.692896, 34.35655], [135.690774, 34.352684], [135.679531, 34.350172], [135.673456, 34.344606], [135.666546, 34.341377], [135.666636, 34.339942], [135.666604, 34.339769]]]}, "properties": {"A27_001": "29207", "A27_002": "五條市立", "A27_003": "B129210000971", "A27_004": "五條小学校", "A27_005": "五條市本町1-1-4"}}, {"type": "Feature", "geometry": {"type": "Polygon", "coordinates": [[[135.788891, 34.467119], [135.791257, 34.466297], [135.794409, 34.468517], [135.797584, 34.468539], [135.797624, 34.470211], [135.795825, 34.472082], [135.794861, 34.470675], [135.793669, 34.474378], [135.790447, 34.474291], [135.789291, 34.476249], [135.78691, 34.475428], [135.787806, 34.473459], [135.786316, 34.472307], [135.789139, 34.47183], [135.787718, 34.468983], [135.788954, 34.467291], [135.788891, 34.467119]]]}, "properties": {"A27_001": "29205", "A27_002": "橿原市立", "A27_003": "B129210000800", "A27_004": "白橿南小学校", "A27_005": "橿原市白橿町8-19-1"}}, {"type": "Feature", "geometry": {"type": "MultiPolygon", "coordinates": [[[[135.795708, 34.515999], [135.793223, 34.513995], [135.795122, 34.515339], [135.795708, 34.515999]]], [[[135.795708, 34.515999], [135.797764, 34.520985], [135.797385, 34.536857], [135.795584, 34.53685], [135.795709, 34.530817], [135.785938, 34.52957], [135.787384, 34.518911], [135.789763, 34.516941], [135.795716, 34.516215], [135.795708, 34.515999]]]]}, "properties": {"A27_001": "29205", "A27_002": "橿原市立", "A27_003": "B129210000855", "A27_004": "耳成西小学校", "A27_005": "橿原市上品寺町455-1"}}, {"type": "Feature", "geometry": {"type": "Polygon", "coordinates": [[[135.788891, 34.467119], [135.787718, 34.468983], [135.789139, 34.47183], [135.786316, 34.472307], [135.787806, 34.473459], [135.78691, 34.475428], [135.789291, 34.476249], [135.790447, 34.474291], [135.793551, 34.475249], [135.790887, 34.481412], [135.787867, 34.481527], [135.78747, 34.483032], [135.777271, 34.482894], [135.778337, 34.469932], [135.78866, 34.467195], [135.788891, 34.467119]]]}, "properties": {"A27_001": "29205", "A27_002": "橿原市立", "A27_003": "B129210000846", "A27_004": "白橿北小学校", "A27_005": "橿原市白橿町3-10-2"}}, {"type": "Feature", "geometry": {"type": "Polygon", "coordinates": [[[135.799548, 34.469331], [135.80618, 34.469039], [135.808251, 34.47077], [135.80748, 34.482392], [135.812047, 34.483703], [135.812291, 34.48585], [135.796084, 34.486348], [135.796753, 34.475133], [135.799557, 34.469487], [135.799548, 34.469331]]]}, "properties": {"A27_001": "29205", "A27_002": "橿原市立", "A27_003": "B129210000837", "A27_004": "畝傍東小学校", "A27_005": "橿原市大軽町283"}}, {"type": "Feature", "geometry": {"type": "Polygon", "coordinates": [[[135.77754, 34.535336], [135.768009, 34.534113], [135.76647, 34.529478], [135.764473, 34.529492], [135.764647, 34.520736], [135.787358, 34.519804], [135.785938, 34.52957], [135.783232, 34.529947], [135.783387, 34.534752], [135.777792, 34.535339], [135.77754, 34.535336]]]}, "properties": {"A27_001": "29205", "A27_002": "橿原市立", "A27_003": "B129210000828", "A27_004": "真菅北小学校", "A27_005": "橿原市大垣町220-1"}}, {"type": "Feature", "geometry": {"type": "Polygon", "coordinates": [[[135.799713, 34.51096], [135.818757, 34.511105], [135.818816, 34.52144], [135.817375, 34.521819], [135.818396, 34.522626], [135.808099, 34.523966], [135.808208, 34.518992], [135.800809, 34.51801], [135.800758, 34.514958], [135.797258, 34.513988], [135.799655, 34.510965], [135.799713, 34.51096]]]}, "properties": {"A27_001": "29205", "A27_002": "橿原市立", "A27_003": "B129210000819", "A27_004": "耳成南小学校", "A27_005": "橿原市常盤町3"}}, {"type": "Feature", "geometry": {"type": "MultiPolygon", "coordinates": [[[[135.85158, 33.894065], [135.852124, 33.89032], [135.855289, 33.887817], [135.852146, 33.882022], [135.853425, 33.876742], [135.857921, 33.873153], [135.862122, 33.876549], [135.860762, 33.865978], [135.862186, 33.862721], [135.873111, 33.859041], [135.873101, 33.861196], [135.874832, 33.861596], [135.873309, 33.870447], [135.874882, 33.872977], [135.881075, 33.876085], [135.882688, 33.878871], [135.88166, 33.880952], [135.87832, 33.884108], [135.874654, 33.883932], [135.871441, 33.888731], [135.86452, 33.889087], [135.861094, 33.887142], [135.858399, 33.897039], [135.851738, 33.894129], [135.85158, 33.894065]]], [[[135.82192, 33.902523], [135.814886, 33.906069], [135.808603, 33.906468], [135.803362, 33.902981], [135.801824, 33.895823], [135.80286, 33.894389], [135.801133, 33.89179], [135.806986, 33.884159], [135.806141, 33.878115], [135.803177, 33.877606], [135.805841, 33.870095], [135.805558, 33.864778], [135.802872, 33.864153], [135.803736, 33.865718], [135.800716, 33.870648], [135.797796, 33.873139], [135.79565, 33.872412], [135.795184, 33.864827], [135.791343, 33.854144], [135.792566, 33.850321], [135.791436, 33.84648], [135.803159, 33.833987], [135.809402, 33.831219], [135.811984, 33.832341], [135.813391, 33.824346], [135.822007, 33.819287], [135.830236, 33.811594], [135.829483, 33.803826], [135.823554, 33.800611], [135.821975, 33.792974], [135.817791, 33.787227], [135.818102, 33.785017], [135.81322, 33.785316], [135.809302, 33.779923], [135.801997, 33.779438], [135.798914, 33.776687], [135.799909, 33.773649], [135.798434, 33.769731], [135.793699, 33.769212], [135.791586, 33.766214], [135.787348, 33.76807], [135.781917, 33.767064], [135.7785, 33.771187], [135.771971, 33.77191], [135.768047, 33.764935], [135.757666, 33.762147], [135.755512, 33.759636], [135.753658, 33.75607], [135.755418, 33.749709], [135.75343, 33.746101], [135.750784, 33.747071], [135.746407, 33.744916], [135.746418, 33.736695], [135.741478, 33.735234], [135.732299, 33.737418], [135.728471, 33.735462], [135.727183, 33.731583], [135.722956, 33.729576], [135.722404, 33.727754], [135.724159, 33.726827], [135.738361, 33.72262], [135.73947, 33.717354], [135.742174, 33.715461], [135.747183, 33.715853], [135.751091, 33.708579], [135.748648, 33.702258], [135.751105, 33.697952], [135.757287, 33.698305], [135.757084, 33.7011], [135.761922, 33.703239], [135.765849, 33.700169], [135.771757, 33.700431], [135.773884, 33.70392], [135.780274, 33.702893], [135.782587, 33.699669], [135.7883, 33.700125], [135.791222, 33.707692], [135.796643, 33.701701], [135.800749, 33.701419], [135.807751, 33.709892], [135.810344, 33.700035], [135.814911, 33.698408], [135.819353, 33.694239], [135.822008, 33.694011], [135.823031, 33.691614], [135.828268, 33.694076], [135.831282, 33.692456], [135.833851, 33.6955], [135.839056, 33.694342], [135.8391, 33.700028], [135.836142, 33.702023], [135.832295, 33.702157], [135.833611, 33.705818], [135.844848, 33.710667], [135.844528, 33.71346], [135.849179, 33.71455], [135.849841, 33.718446], [135.853894, 33.720836], [135.863912, 33.723013], [135.876672, 33.742004], [135.879866, 33.742769], [135.882144, 33.746149], [135.880133, 33.750652], [135.882899, 33.754929], [135.882145, 33.758898], [135.883643, 33.762798], [135.88223, 33.767524], [135.901824, 33.780193], [135.896778, 33.786937], [135.898026, 33.791032], [135.891681, 33.801065], [135.887971, 33.802669], [135.883167, 33.801322], [135.872169, 33.809001], [135.863458, 33.810941], [135.856008, 33.819311], [135.85893, 33.830188], [135.855731, 33.836689], [135.860587, 33.848958], [135.853201, 33.858841], [135.853421, 33.86269], [135.856942, 33.864958], [135.858893, 33.868481], [135.857921, 33.873153], [135.85309, 33.877325], [135.852146, 33.882022], [135.855289, 33.887817], [135.852124, 33.89032], [135.851564, 33.894092], [135.846326, 33.896737], [135.836056, 33.895515], [135.823376, 33.901681], [135.82192, 33.902523]]]]}, "properties": {"A27_001": "29449", "A27_002": "新宮市立", "A27_003": "B130210002379", "A27_004": "熊野川小学校", "A27_005": "新宮市熊野川町日足570"}}]}