{"type": "FeatureCollection", "features": [{"type": "Feature", "geometry": {"type": "Polygon", "coordinates": [[[130.410971, 33.39504], [130.407683, 33.398604], [130.407704, 33.402056], [130.416809, 33.410449], [130.404766, 33.416241], [130.402521, 33.420341], [130.39846, 33.422069], [130.399123, 33.424887], [130.396484, 33.427551], [130.38945, 33.426099], [130.386853, 33.428236], [130.378219, 33.424959], [130.376616, 33.419123], [130.378561, 33.417216], [130.378002, 33.413526], [130.383303, 33.409872], [130.382374, 33.406957], [130.383711, 33.404639], [130.377508, 33.395149], [130.366844, 33.393739], [130.367196, 33.391844], [130.364996, 33.389579], [130.372319, 33.378214], [130.377164, 33.377812], [130.375366, 33.370707], [130.379244, 33.365067], [130.377446, 33.362081], [130.382524, 33.348996], [130.38621, 33.329738], [130.398187, 33.333377], [130.406654, 33.334001], [130.407252, 33.336536], [130.404954, 33.337548], [130.405526, 33.33925], [130.407683, 33.336936], [130.408438, 33.340559], [130.41248, 33.342089], [130.413018, 33.344106], [130.414922, 33.343222], [130.41461, 33.344857], [130.415908, 33.343915], [130.415516, 33.33852], [130.41739, 33.340338], [130.41793, 33.338807], [130.414841, 33.349509], [130.412407, 33.351682], [130.413201, 33.355215], [130.410895, 33.359495], [130.415381, 33.367159], [130.417875, 33.367663], [130.419682, 33.383606], [130.417735, 33.385423], [130.417446, 33.388784], [130.411789, 33.391395], [130.410743, 33.394799], [130.410971, 33.39504]]]}, "properties": {"A27_001": "41327", "A27_002": "吉野ヶ里町立", "A27_003": "B141232700026", "A27_004": "東脊振小学校", "A27_005": "神埼郡吉野ヶ里町石動2760-1"}}, {"type": "Feature", "geometry": {"type": "Polygon", "coordinates": [[[130.385612, 33.330156], [130.384178, 33.329252], [130.385342, 33.327953], [130.384404, 33.323741], [130.382043, 33.323341], [130.383025, 33.319022], [130.383577, 33.317521], [130.387254, 33.317782], [130.396946, 33.282842], [130.40053, 33.283476], [130.401535, 33.286091], [130.400369, 33.28973], [130.405404, 33.290313], [130.405794, 33.302905], [130.409875, 33.307103], [130.413356, 33.314883], [130.415312, 33.328576], [130.414511, 33.332114], [130.415484, 33.335572], [130.416395, 33.334228], [130.418816, 33.335874], [130.41793, 33.338807], [130.41739, 33.340338], [130.415516, 33.33852], [130.415908, 33.343915], [130.41461, 33.344857], [130.414922, 33.343222], [130.413018, 33.344106], [130.41248, 33.342089], [130.408438, 33.340559], [130.407683, 33.336936], [130.405526, 33.33925], [130.404954, 33.337548], [130.407252, 33.336536], [130.406654, 33.334001], [130.385665, 33.330191], [130.385612, 33.330156]]]}, "properties": {"A27_001": "41327", "A27_002": "吉野ヶ里町立", "A27_003": "B141232700017", "A27_004": "三田川小学校", "A27_005": "神埼郡吉野ヶ里町吉田63-1"}}, {"type": "Feature", "geometry": {"type": "Polygon", "coordinates": [[[130.042155, 33.201376], [130.03946, 33.20353], [130.03726, 33.201756], [130.026379, 33.201368], [130.024669, 33.200049], [130.025567, 33.197498], [130.012465, 33.190944], [130.011599, 33.192041], [130.014139, 33.195248], [130.012097, 33.196051], [130.011421, 33.199846], [130.009464, 33.200976], [130.000479, 33.205152], [129.992341, 33.202271], [129.993025, 33.196215], [129.989824, 33.194721], [129.987229, 33.188189], [129.987697, 33.185432], [129.986776, 33.183859], [129.983332, 33.183885], [129.982773, 33.180129], [129.979715, 33.180575], [129.979243, 33.177707], [129.97648, 33.175622], [129.975287, 33.168557], [129.978633, 33.166906], [129.982302, 33.17114], [129.988983, 33.174466], [129.989722, 33.176722], [129.997216, 33.176007], [130.00182, 33.178158], [130.003717, 33.176094], [130.008235, 33.177168], [130.013666, 33.174332], [130.015534, 33.176082], [130.021953, 33.177179], [130.027031, 33.174668], [130.032284, 33.169032], [130.038344, 33.172293], [130.045274, 33.170591], [130.044862, 33.175011], [130.043019, 33.175851], [130.045558, 33.177904], [130.044287, 33.18062], [130.042166, 33.180284], [130.042711, 33.18329], [130.04047, 33.184411], [130.042968, 33.184721], [130.042486, 33.189446], [130.04114, 33.189267], [130.043254, 33.194308], [130.040523, 33.197465], [130.042842, 33.200797], [130.042155, 33.201376]]]}, "properties": {"A27_001": "41206", "A27_002": "武雄市立", "A27_003": "B141220600148", "A27_004": "御船が丘小学校", "A27_005": "武雄市武雄町大字武雄4595"}}, {"type": "Feature", "geometry": {"type": "Polygon", "coordinates": [[[130.103493, 33.23508], [130.095726, 33.238757], [130.079074, 33.237097], [130.074534, 33.240218], [130.069498, 33.239507], [130.064137, 33.243946], [130.055493, 33.238669], [130.052245, 33.240286], [130.043908, 33.250694], [130.040843, 33.251276], [130.036547, 33.249312], [130.033482, 33.250592], [130.027814, 33.249742], [130.027207, 33.247415], [130.030472, 33.24783], [130.031881, 33.245319], [130.029955, 33.236484], [130.030956, 33.233286], [130.034391, 33.234759], [130.031727, 33.232759], [130.030128, 33.227106], [130.031439, 33.229072], [130.03363, 33.228778], [130.031444, 33.22661], [130.03681, 33.22074], [130.039956, 33.223886], [130.042663, 33.220373], [130.051732, 33.217298], [130.047682, 33.211739], [130.05345, 33.208145], [130.05393, 33.20605], [130.059438, 33.205738], [130.060248, 33.2013], [130.062003, 33.199944], [130.069305, 33.19707], [130.070042, 33.191516], [130.068244, 33.189203], [130.070235, 33.181446], [130.073374, 33.184242], [130.08403, 33.18411], [130.083764, 33.187443], [130.085797, 33.188579], [130.08857, 33.199307], [130.090864, 33.201808], [130.092522, 33.200651], [130.096685, 33.205344], [130.099602, 33.2064], [130.096826, 33.210195], [130.088732, 33.214012], [130.090231, 33.2154], [130.093338, 33.214652], [130.096205, 33.221426], [130.096901, 33.22051], [130.099928, 33.223592], [130.100097, 33.228244], [130.10285, 33.233982], [130.103493, 33.23508]]]}, "properties": {"A27_001": "41206", "A27_002": "武雄市立", "A27_003": "B141220600139", "A27_004": "北方小学校", "A27_005": "武雄市北方町大字志久1389"}}, {"type": "Feature", "geometry": {"type": "Polygon", "coordinates": [[[130.240644, 33.332794], [130.248277, 33.34198], [130.24894, 33.348479], [130.247352, 33.351529], [130.253003, 33.359543], [130.247908, 33.367487], [130.249287, 33.372653], [130.247213, 33.376543], [130.249714, 33.379501], [130.248213, 33.383184], [130.249763, 33.385792], [130.255261, 33.388862], [130.259674, 33.395241], [130.262774, 33.396658], [130.263849, 33.400716], [130.266728, 33.401385], [130.257932, 33.407693], [130.250132, 33.406492], [130.248857, 33.411759], [130.246518, 33.4133], [130.246211, 33.417092], [130.247433, 33.422405], [130.252166, 33.427065], [130.246855, 33.42453], [130.234607, 33.427762], [130.229581, 33.426897], [130.224335, 33.428089], [130.214911, 33.412186], [130.214548, 33.403307], [130.20579, 33.396894], [130.204696, 33.393207], [130.200268, 33.392269], [130.195943, 33.387984], [130.190615, 33.389947], [130.182033, 33.389397], [130.182624, 33.393351], [130.181079, 33.395221], [130.177638, 33.394817], [130.172394, 33.39682], [130.170104, 33.403099], [130.167631, 33.405529], [130.167505, 33.412002], [130.164512, 33.409416], [130.156351, 33.409276], [130.155859, 33.402941], [130.15777, 33.400796], [130.153566, 33.394995], [130.15393, 33.391692], [130.147974, 33.388451], [130.14116, 33.380815], [130.139401, 33.373531], [130.144581, 33.364582], [130.14476, 33.357293], [130.14619, 33.355432], [130.145741, 33.352034], [130.142325, 33.349929], [130.140919, 33.346683], [130.142811, 33.338878], [130.161223, 33.340325], [130.166058, 33.339842], [130.168257, 33.337852], [130.17173, 33.338489], [130.171608, 33.339751], [130.178814, 33.338884], [130.182074, 33.340877], [130.190976, 33.342141], [130.210139, 33.340619], [130.218873, 33.336704], [130.225452, 33.331093], [130.234378, 33.333106], [130.23864, 33.331122], [130.240302, 33.332239], [130.240644, 33.332794]]]}, "properties": {"A27_001": "41201", "A27_002": "佐賀市立", "A27_003": "B141220100358", "A27_004": "富士小学校", "A27_005": "佐賀市富士町大字小副川1339-3"}}, {"type": "Feature", "geometry": {"type": "Polygon", "coordinates": [[[130.271458, 33.315424], [130.283048, 33.315204], [130.283164, 33.317059], [130.285469, 33.316987], [130.289786, 33.316332], [130.289842, 33.314226], [130.293295, 33.31507], [130.293905, 33.312925], [130.298065, 33.313443], [130.297919, 33.31557], [130.296216, 33.315641], [130.29669, 33.318576], [130.292982, 33.320877], [130.291835, 33.324488], [130.292063, 33.328975], [130.29548, 33.328378], [130.296684, 33.335143], [130.290858, 33.339164], [130.287736, 33.338651], [130.284708, 33.34279], [130.273945, 33.344272], [130.271736, 33.342157], [130.270534, 33.336079], [130.262855, 33.332542], [130.267702, 33.329803], [130.271437, 33.315813], [130.271458, 33.315424]]]}, "properties": {"A27_001": "41201", "A27_002": "佐賀市立", "A27_003": "B141220100349", "A27_004": "春日北小学校", "A27_005": "佐賀市大和町大字久池井1777-1"}}, {"type": "Feature", "geometry": {"type": "Polygon", "coordinates": [[[130.277236, 33.400742], [130.280491, 33.40328], [130.293159, 33.402567], [130.297567, 33.404767], [130.299257, 33.409953], [130.307278, 33.413031], [130.309268, 33.411547], [130.313122, 33.411865], [130.31569, 33.416154], [130.319226, 33.416482], [130.320197, 33.420581], [130.327333, 33.422368], [130.330298, 33.433879], [130.33381, 33.436671], [130.334417, 33.438654], [130.332987, 33.439861], [130.339135, 33.440515], [130.33975, 33.444613], [130.336373, 33.445229], [130.334846, 33.450495], [130.322976, 33.456037], [130.321227, 33.458256], [130.313907, 33.457987], [130.312764, 33.461187], [130.306051, 33.463349], [130.302987, 33.461217], [130.296924, 33.462851], [130.291297, 33.469361], [130.288246, 33.469614], [130.281492, 33.474802], [130.275089, 33.467147], [130.273198, 33.458869], [130.275376, 33.454454], [130.275217, 33.44929], [130.268441, 33.446674], [130.267396, 33.444162], [130.265853, 33.445254], [130.262509, 33.443337], [130.259358, 33.438683], [130.256032, 33.438933], [130.253736, 33.437055], [130.254368, 33.434409], [130.252735, 33.432729], [130.252139, 33.426982], [130.247433, 33.422405], [130.246211, 33.417092], [130.246518, 33.4133], [130.248857, 33.411759], [130.250371, 33.406264], [130.257829, 33.40772], [130.266728, 33.401385], [130.272835, 33.40399], [130.277185, 33.400799], [130.277236, 33.400742]]]}, "properties": {"A27_001": "41201", "A27_002": "佐賀市立", "A27_003": "B141220100330", "A27_004": "三瀬小学校", "A27_005": "佐賀市三瀬村三瀬2741-2"}}, {"type": "Feature", "geometry": {"type": "Polygon", "coordinates": [[[130.252166, 33.427065], [130.253815, 33.437142], [130.256032, 33.438933], [130.259358, 33.438683], [130.262509, 33.443337], [130.265853, 33.445254], [130.267396, 33.444162], [130.268441, 33.446674], [130.275244, 33.449335], [130.275376, 33.454454], [130.273198, 33.458869], [130.275089, 33.467147], [130.281492, 33.474802], [130.275241, 33.479604], [130.262634, 33.478005], [130.250013, 33.470506], [130.246676, 33.471254], [130.244201, 33.474406], [130.237915, 33.474092], [130.23687, 33.477444], [130.233314, 33.478923], [130.226194, 33.476881], [130.225062, 33.474845], [130.225756, 33.466926], [130.227439, 33.465087], [130.223841, 33.461179], [130.225046, 33.459229], [130.222795, 33.451134], [130.213525, 33.434709], [130.213518, 33.426152], [130.221218, 33.421796], [130.224335, 33.428089], [130.229581, 33.426897], [130.234607, 33.427762], [130.246855, 33.42453], [130.248472, 33.425973], [130.252166, 33.427065]]]}, "properties": {"A27_001": "41201", "A27_002": "佐賀市立", "A27_003": "B141220100321", "A27_004": "北山東部小学校", "A27_005": "佐賀市富士町大字古場1514-2"}}, {"type": "Feature", "geometry": {"type": "Polygon", "coordinates": [[[129.91258521239902, 33.195133995248376], [129.911386, 33.193837], [129.913017, 33.191761], [129.911898, 33.186505], [129.914631, 33.186552], [129.91472, 33.183935], [129.917951, 33.182818], [129.918963, 33.180501], [129.917596, 33.179303], [129.917251, 33.171239], [129.921941, 33.173547], [129.928534, 33.17377], [129.937746, 33.165961], [129.943165, 33.169966], [129.943861, 33.172497], [129.937833, 33.184097], [129.94485, 33.186388], [129.944803, 33.190246], [129.939648, 33.195374], [129.940551, 33.198414], [129.933614, 33.198204], [129.927649, 33.194797], [129.91258521239902, 33.195133995248376]]]}, "properties": {"A27_001": "41206", "A27_002": "武雄市立", "A27_003": "B141220600120", "A27_004": "山内西小学校立野川内分校", "A27_005": "武雄市山内町大字宮野25402-4"}}, {"type": "Feature", "geometry": {"type": "Polygon", "coordinates": [[[130.167505, 33.412002], [130.167631, 33.405529], [130.170104, 33.403099], [130.172105, 33.397069], [130.176935, 33.394954], [130.181079, 33.395221], [130.182624, 33.393351], [130.182033, 33.389397], [130.190615, 33.389947], [130.196335, 33.388136], [130.200268, 33.392269], [130.204696, 33.393207], [130.20579, 33.396894], [130.214469, 33.40321], [130.214911, 33.412186], [130.221218, 33.421796], [130.215436, 33.423992], [130.212753, 33.430274], [130.215794, 33.44037], [130.222795, 33.451134], [130.225046, 33.459229], [130.223841, 33.461179], [130.227439, 33.465087], [130.224787, 33.472598], [130.226194, 33.476881], [130.212321, 33.480757], [130.203884, 33.481573], [130.201584, 33.480041], [130.198666, 33.4812], [130.198734, 33.47752], [130.19597, 33.478085], [130.194531, 33.476109], [130.188789, 33.474892], [130.188853, 33.470959], [130.18653, 33.470836], [130.186474, 33.46847], [130.183154, 33.466768], [130.175935, 33.465923], [130.17483, 33.467386], [130.168786, 33.467646], [130.170001, 33.463372], [130.164492, 33.455265], [130.165118, 33.453356], [130.169237, 33.451627], [130.17006, 33.449058], [130.167947, 33.44448], [130.168791, 33.43818], [130.166573, 33.4373], [130.167943, 33.431594], [130.163744, 33.423465], [130.157861, 33.422132], [130.156432, 33.419778], [130.158317, 33.419073], [130.15953, 33.415851], [130.170491, 33.416835], [130.16757, 33.412005], [130.167505, 33.412002]]]}, "properties": {"A27_001": "41201", "A27_002": "佐賀市立", "A27_003": "B141220100312", "A27_004": "北山小学校", "A27_005": "佐賀市富士町大字中原342-2"}}, {"type": "Feature", "geometry": {"type": "Polygon", "coordinates": [[[130.26168, 33.334699], [130.262855, 33.332542], [130.270534, 33.336079], [130.271736, 33.342157], [130.27404, 33.344316], [130.284708, 33.34279], [130.292147, 33.346086], [130.299223, 33.34538], [130.303161, 33.346512], [130.305013, 33.350112], [130.304501, 33.352173], [130.297703, 33.357285], [130.300826, 33.361929], [130.297905, 33.36351], [130.29546, 33.362495], [130.288716, 33.368453], [130.293131, 33.371912], [130.293612, 33.379091], [130.291821, 33.382065], [130.288683, 33.380946], [130.28745, 33.382506], [130.281978, 33.379638], [130.280043, 33.381991], [130.276187, 33.381317], [130.276507, 33.384646], [130.273692, 33.387242], [130.276517, 33.39216], [130.275492, 33.398045], [130.277602, 33.40003], [130.272835, 33.40399], [130.264149, 33.401007], [130.262774, 33.396658], [130.259674, 33.395241], [130.255261, 33.388862], [130.249763, 33.385792], [130.248213, 33.383184], [130.249714, 33.379501], [130.247213, 33.376543], [130.249287, 33.372653], [130.247908, 33.367487], [130.253003, 33.359543], [130.247352, 33.351529], [130.24894, 33.348479], [130.247977, 33.343063], [130.255802, 33.341856], [130.256841, 33.338555], [130.26137, 33.335181], [130.26168, 33.334699]]]}, "properties": {"A27_001": "41201", "A27_002": "佐賀市立", "A27_003": "B141220100303", "A27_004": "松梅小学校", "A27_005": "佐賀市大和町大字松瀬2075-1"}}, {"type": "Feature", "geometry": {"type": "Polygon", "coordinates": [[[129.901681, 33.214149], [129.906498, 33.206524], [129.904836, 33.202609], [129.905814, 33.199766], [129.912637, 33.197076], [129.911386, 33.193837], [129.913017, 33.191761], [129.912002, 33.186268], [129.914527, 33.186616], [129.91472, 33.183935], [129.918222, 33.182559], [129.917251, 33.171239], [129.921941, 33.173547], [129.928534, 33.17377], [129.937746, 33.165961], [129.943165, 33.169966], [129.943861, 33.172497], [129.937833, 33.184097], [129.94485, 33.186388], [129.944803, 33.190246], [129.939625, 33.195468], [129.940859, 33.19949], [129.948489, 33.201337], [129.952357, 33.205113], [129.950393, 33.20549], [129.950542, 33.208317], [129.953128, 33.213492], [129.950067, 33.215795], [129.945432, 33.215515], [129.949997, 33.223329], [129.946911, 33.228954], [129.939956, 33.231492], [129.934644, 33.229353], [129.924459, 33.229771], [129.920952, 33.225926], [129.915313, 33.227774], [129.901151, 33.227176], [129.897393, 33.223656], [129.901979, 33.21686], [129.901734, 33.214253], [129.901681, 33.214149]]]}, "properties": {"A27_001": "41206", "A27_002": "武雄市立", "A27_003": "B141220600111", "A27_004": "山内西小学校", "A27_005": "武雄市山内町大字大野6900"}}, {"type": "Feature", "geometry": {"type": "Polygon", "coordinates": [[[129.944803, 33.190246], [129.94485, 33.186388], [129.937833, 33.184097], [129.943861, 33.172497], [129.943165, 33.169966], [129.937746, 33.165961], [129.941175, 33.164117], [129.944878, 33.164562], [129.952273, 33.156266], [129.954882, 33.158251], [129.95592, 33.163825], [129.958832, 33.165178], [129.959157, 33.16842], [129.95647, 33.170837], [129.961353, 33.175256], [129.954455, 33.184453], [129.954734, 33.187308], [129.9488, 33.19254], [129.945364, 33.190464], [129.944803, 33.190246]]]}, "properties": {"A27_001": "41206", "A27_002": "武雄市立", "A27_003": "B141220600102", "A27_004": "山内東小学校舟原分校", "A27_005": "武雄市山内町大字鳥海17522-1"}}, {"type": "Feature", "geometry": {"type": "Polygon", "coordinates": [[[129.983068, 33.182977], [129.986861, 33.183917], [129.989824, 33.194721], [129.993025, 33.196215], [129.992538, 33.199955], [129.980637, 33.202575], [129.978342, 33.201497], [129.966076, 33.203367], [129.972956, 33.21027], [129.972147, 33.211349], [129.966534, 33.210531], [129.958805, 33.206548], [129.953345, 33.206088], [129.948489, 33.201337], [129.940859, 33.19949], [129.939648, 33.195374], [129.943782, 33.192363], [129.94485, 33.186388], [129.937833, 33.184097], [129.943816, 33.170985], [129.937746, 33.165961], [129.941175, 33.164117], [129.944878, 33.164562], [129.952273, 33.156266], [129.956855, 33.154808], [129.96233, 33.155707], [129.967649, 33.164254], [129.970402, 33.163033], [129.975578, 33.163744], [129.977231, 33.166614], [129.975241, 33.168781], [129.97648, 33.175622], [129.979243, 33.177707], [129.979715, 33.180575], [129.982773, 33.180129], [129.983073, 33.182302], [129.983068, 33.182977]]]}, "properties": {"A27_001": "41206", "A27_002": "武雄市立", "A27_003": "B141220600086", "A27_004": "山内東小学校", "A27_005": "武雄市山内町大字鳥海9602-1"}}, {"type": "Feature", "geometry": {"type": "Polygon", "coordinates": [[[130.042155, 33.201376], [130.043219, 33.200356], [130.040523, 33.197465], [130.043254, 33.194308], [130.04114, 33.189267], [130.042486, 33.189446], [130.042968, 33.184721], [130.04047, 33.184411], [130.042711, 33.18329], [130.042166, 33.180284], [130.044287, 33.18062], [130.045558, 33.177904], [130.043019, 33.175851], [130.044862, 33.175011], [130.044605, 33.172336], [130.045979, 33.171638], [130.045094, 33.170585], [130.041432, 33.172132], [130.035351, 33.171618], [130.03638, 33.170715], [130.0345, 33.169538], [130.036113, 33.169112], [130.03259, 33.167549], [130.033588, 33.157806], [130.041883, 33.159487], [130.042965, 33.157687], [130.056024, 33.161491], [130.058014, 33.166421], [130.060303, 33.164636], [130.059999, 33.167452], [130.065725, 33.168202], [130.071971, 33.166762], [130.077347, 33.17351], [130.069174, 33.182184], [130.069305, 33.19707], [130.062003, 33.199944], [130.060248, 33.2013], [130.059438, 33.205738], [130.05393, 33.20605], [130.053409, 33.208153], [130.04891, 33.206891], [130.04564, 33.207898], [130.040474, 33.205843], [130.042792, 33.201891], [130.042155, 33.201376]]]}, "properties": {"A27_001": "41206", "A27_002": "武雄市立", "A27_003": "B141220600077", "A27_004": "橘小学校", "A27_005": "武雄市橘町大字片白8718-1"}}, {"type": "Feature", "geometry": {"type": "Polygon", "coordinates": [[[130.0345, 33.169538], [130.032284, 33.169032], [130.027031, 33.174668], [130.021953, 33.177179], [130.015534, 33.176082], [130.013666, 33.174332], [130.008235, 33.177168], [130.003717, 33.176094], [130.00182, 33.178158], [129.997216, 33.176007], [129.989722, 33.176722], [129.988983, 33.174466], [129.982302, 33.17114], [129.976777, 33.165829], [129.981613, 33.160778], [129.979865, 33.14187], [129.977354, 33.140407], [129.977573, 33.138896], [129.982104, 33.138675], [129.986767, 33.136012], [129.987662, 33.137331], [129.990251, 33.135962], [129.991824, 33.137205], [130.000149, 33.136611], [130.004638, 33.138912], [130.003971, 33.144997], [130.009296, 33.148027], [130.012756, 33.14771], [130.019557, 33.151538], [130.028689, 33.148468], [130.033642, 33.153831], [130.032577, 33.167435], [130.036113, 33.169112], [130.034721, 33.169529], [130.0345, 33.169538]]]}, "properties": {"A27_001": "41206", "A27_002": "武雄市立", "A27_003": "B141220600068", "A27_004": "東川登小学校", "A27_005": "武雄市東川登町大字永野5893"}}, {"type": "Feature", "geometry": {"type": "Polygon", "coordinates": [[[129.992766, 33.136745], [129.990251, 33.135962], [129.987662, 33.137331], [129.986574, 33.136038], [129.982104, 33.138675], [129.977573, 33.138896], [129.977354, 33.140407], [129.979865, 33.14187], [129.97933, 33.144925], [129.981685, 33.153324], [129.980354, 33.155801], [129.981613, 33.160778], [129.977493, 33.165814], [129.972505, 33.163054], [129.967649, 33.164254], [129.96233, 33.155707], [129.959356, 33.154862], [129.952273, 33.156266], [129.946695, 33.162953], [129.943357, 33.164438], [129.941488, 33.157826], [129.944877, 33.146264], [129.947565, 33.14299], [129.948913, 33.133876], [129.951378, 33.131958], [129.95351, 33.132333], [129.95646, 33.127873], [129.956665, 33.118043], [129.952156, 33.112022], [129.951285, 33.109964], [129.952466, 33.109192], [129.958361, 33.108998], [129.959888, 33.112884], [129.964412, 33.11535], [129.969049, 33.115269], [129.976025, 33.110331], [129.981926, 33.112861], [129.986836, 33.117406], [129.992086, 33.115571], [129.993779, 33.117302], [129.995315, 33.125339], [129.988171, 33.133855], [129.989022, 33.13526], [129.991468, 33.134409], [129.992687, 33.136738], [129.992766, 33.136745]]]}, "properties": {"A27_001": "41206", "A27_002": "武雄市立", "A27_003": "B141220600059", "A27_004": "西川登小学校", "A27_005": "武雄市西川登町大字神六20584"}}, {"type": "Feature", "geometry": {"type": "Polygon", "coordinates": [[[129.961216, 33.254857], [129.95065, 33.25702], [129.950996, 33.254391], [129.946637, 33.251542], [129.946719, 33.248914], [129.941753, 33.244601], [129.939925, 33.240761], [129.938042, 33.241235], [129.936581, 33.237156], [129.93119, 33.230859], [129.931442, 33.22961], [129.934644, 33.229353], [129.939956, 33.231492], [129.946911, 33.228954], [129.949997, 33.223329], [129.945432, 33.215515], [129.950067, 33.215795], [129.953128, 33.213492], [129.951026, 33.210433], [129.950457, 33.205405], [129.958683, 33.206514], [129.966534, 33.210531], [129.972147, 33.211349], [129.972956, 33.21027], [129.966076, 33.203367], [129.978342, 33.201497], [129.980637, 33.202575], [129.991064, 33.199567], [129.992491, 33.200211], [129.992341, 33.202271], [130.000828, 33.205065], [130.004679, 33.210065], [130.003674, 33.213916], [130.007736, 33.217272], [130.002013, 33.222375], [130.000269, 33.22787], [130.001972, 33.23089], [129.997579, 33.233095], [129.997571, 33.23708], [129.990969, 33.240539], [129.981245, 33.237553], [129.974637, 33.244391], [129.974714, 33.247791], [129.967293, 33.24666], [129.961292, 33.254389], [129.961216, 33.254857]]]}, "properties": {"A27_001": "41206", "A27_002": "武雄市立", "A27_003": "B141220600040", "A27_004": "武内小学校", "A27_005": "武雄市武内町大字梅野乙15041-2"}}, {"type": "Feature", "geometry": {"type": "Polygon", "coordinates": [[[130.027814, 33.249742], [130.028451, 33.253402], [130.025713, 33.2572], [130.022953, 33.258126], [130.022227, 33.261631], [130.023197, 33.267374], [130.026026, 33.271347], [130.025258, 33.276121], [130.027632, 33.280844], [130.025417, 33.283031], [130.02226, 33.280969], [130.013296, 33.282086], [130.008432, 33.279516], [130.002143, 33.280839], [129.991953, 33.278465], [129.988839, 33.275995], [129.981427, 33.274927], [129.972445, 33.26858], [129.971062, 33.261662], [129.965352, 33.260468], [129.964752, 33.257811], [129.961216, 33.254857], [129.967293, 33.24666], [129.974714, 33.247791], [129.974637, 33.244391], [129.981245, 33.237553], [129.9922, 33.240425], [129.994091, 33.237989], [129.997646, 33.236983], [129.997579, 33.233095], [130.001834, 33.231039], [130.010395, 33.236495], [130.011831, 33.238812], [130.010737, 33.241953], [130.01638, 33.240692], [130.019292, 33.244024], [130.027207, 33.247415], [130.027817, 33.249696], [130.027814, 33.249742]]]}, "properties": {"A27_001": "41206", "A27_002": "武雄市立", "A27_003": "B141220600031", "A27_004": "若木小学校", "A27_005": "武雄市若木町大字川古8038"}}, {"type": "Feature", "geometry": {"type": "Polygon", "coordinates": [[[130.007736, 33.217272], [130.010377, 33.218206], [130.017983, 33.212222], [130.018346, 33.21023], [130.033197, 33.20848], [130.031946, 33.208332], [130.032383, 33.206988], [130.030788, 33.2082], [130.025055, 33.207054], [130.025034, 33.203187], [130.0359, 33.203563], [130.04528, 33.207818], [130.04891, 33.206891], [130.052403, 33.208], [130.047682, 33.211739], [130.051732, 33.217298], [130.042663, 33.220373], [130.039956, 33.223886], [130.03681, 33.22074], [130.031444, 33.22661], [130.03363, 33.228778], [130.031439, 33.229072], [130.030128, 33.227106], [130.031727, 33.232759], [130.034391, 33.234759], [130.031024, 33.23323], [130.029955, 33.236484], [130.031952, 33.241931], [130.030472, 33.24783], [130.024619, 33.246918], [130.016165, 33.240613], [130.010737, 33.241953], [130.011831, 33.238812], [130.010395, 33.236495], [130.001834, 33.231039], [130.000269, 33.22787], [130.002013, 33.222375], [130.007571, 33.217428], [130.007736, 33.217272]]]}, "properties": {"A27_001": "41206", "A27_002": "武雄市立", "A27_003": "B141220600022", "A27_004": "朝日小学校", "A27_005": "武雄市朝日町大字甘久4354-1"}}, {"type": "Feature", "geometry": {"type": "Polygon", "coordinates": [[[130.040474, 33.205843], [130.0359, 33.203563], [130.025034, 33.203187], [130.025055, 33.207054], [130.030788, 33.2082], [130.032383, 33.206988], [130.031946, 33.208332], [130.033197, 33.20848], [130.018346, 33.21023], [130.017983, 33.212222], [130.010119, 33.218284], [130.003674, 33.213916], [130.004679, 33.210065], [130.000828, 33.205065], [130.011421, 33.199846], [130.012097, 33.196051], [130.014139, 33.195248], [130.011599, 33.192041], [130.012465, 33.190944], [130.025567, 33.197498], [130.024669, 33.200049], [130.026379, 33.201368], [130.033146, 33.202643], [130.03726, 33.201756], [130.03946, 33.20353], [130.042155, 33.201376], [130.042091, 33.204334], [130.040474, 33.205843]]]}, "properties": {"A27_001": "41206", "A27_002": "武雄市立", "A27_003": "B141220600013", "A27_004": "武雄小学校", "A27_005": "武雄市武雄町大字富岡9159"}}, {"type": "Feature", "geometry": {"type": "Polygon", "coordinates": [[[129.959935, 33.17741], [129.961359, 33.175116], [129.956379, 33.170617], [129.959157, 33.16842], [129.958832, 33.165178], [129.95592, 33.163825], [129.954882, 33.158251], [129.952273, 33.156266], [129.956741, 33.154816], [129.96233, 33.155707], [129.967649, 33.164254], [129.970402, 33.163033], [129.975578, 33.163744], [129.977231, 33.166614], [129.975241, 33.168781], [129.97648, 33.175622], [129.979243, 33.177707], [129.979715, 33.180575], [129.983314, 33.180696], [129.983068, 33.182977], [129.968752, 33.184772], [129.96949, 33.183946], [129.963724, 33.182102], [129.960341, 33.177903], [129.959935, 33.17741]]]}, "properties": {"A27_001": "41206", "A27_002": "武雄市立", "A27_003": "B141220600095", "A27_004": "山内東小学校犬走分校", "A27_005": "武雄市山内町大字犬走3790-1"}}, {"type": "Feature", "geometry": {"type": "Polygon", "coordinates": [[[130.462373, 33.427924], [130.458067, 33.425169], [130.458081, 33.419781], [130.447159, 33.418767], [130.442214, 33.415634], [130.44156, 33.413171], [130.446445, 33.412349], [130.448768, 33.408829], [130.452356, 33.407035], [130.458216, 33.407453], [130.464285, 33.403268], [130.465913, 33.399141], [130.470714, 33.398721], [130.472555, 33.400042], [130.47942, 33.396251], [130.484479, 33.398911], [130.48344, 33.399605], [130.485034, 33.400874], [130.485989, 33.398736], [130.491829, 33.396476], [130.493846, 33.393689], [130.498384, 33.38556], [130.497714, 33.384504], [130.499861, 33.383016], [130.497913, 33.382731], [130.498513, 33.379471], [130.503258, 33.382627], [130.508819, 33.382029], [130.509409, 33.385387], [130.512466, 33.386262], [130.505955, 33.396527], [130.508144, 33.398828], [130.507456, 33.39972], [130.503837, 33.400896], [130.504454, 33.402247], [130.501286, 33.405696], [130.492724, 33.409595], [130.490189, 33.413409], [130.488279, 33.413432], [130.483908, 33.420166], [130.47866, 33.421693], [130.476634, 33.424448], [130.462502, 33.427782], [130.462373, 33.427924]]]}, "properties": {"A27_001": "41203", "A27_002": "鳥栖市立", "A27_003": "B141220300070", "A27_004": "若葉小学校", "A27_005": "鳥栖市古賀町480-2"}}, {"type": "Feature", "geometry": {"type": "Polygon", "coordinates": [[[130.457418, 33.347423], [130.462397, 33.350656], [130.466197, 33.348927], [130.467051, 33.350069], [130.469389, 33.346754], [130.469142, 33.342826], [130.47198, 33.34117], [130.472672, 33.338176], [130.47952, 33.336437], [130.479946, 33.330873], [130.487051, 33.332709], [130.499456, 33.325576], [130.505497, 33.330687], [130.506744, 33.341159], [130.511235, 33.343983], [130.506946, 33.352999], [130.499685, 33.354218], [130.4965, 33.364064], [130.493073, 33.364113], [130.490229, 33.368407], [130.48261, 33.365008], [130.475413, 33.365696], [130.476897, 33.363612], [130.467259, 33.362039], [130.457896, 33.35249], [130.457418, 33.347433], [130.457418, 33.347423]]]}, "properties": {"A27_001": "41203", "A27_002": "鳥栖市立", "A27_003": "B141220300061", "A27_004": "旭小学校", "A27_005": "鳥栖市村田町109-1"}}, {"type": "Feature", "geometry": {"type": "Polygon", "coordinates": [[[130.438281, 33.400622], [130.441701, 33.397484], [130.439802, 33.392564], [130.44198, 33.385545], [130.446957, 33.381624], [130.447224, 33.377211], [130.453071, 33.372659], [130.456074, 33.366415], [130.455856, 33.356285], [130.457896, 33.35249], [130.467259, 33.362039], [130.47714, 33.363809], [130.475413, 33.365696], [130.48261, 33.365008], [130.490358, 33.368397], [130.493073, 33.364113], [130.497267, 33.36733], [130.496327, 33.370144], [130.498723, 33.370058], [130.498904, 33.377479], [130.496967, 33.378173], [130.50112, 33.379182], [130.501043, 33.380466], [130.498329, 33.379789], [130.497913, 33.382731], [130.499861, 33.383016], [130.497714, 33.384504], [130.498384, 33.38556], [130.492375, 33.395878], [130.48729, 33.397792], [130.485226, 33.40078], [130.48381, 33.400667], [130.484479, 33.398911], [130.47942, 33.396251], [130.472555, 33.400042], [130.470714, 33.398721], [130.465913, 33.399141], [130.464285, 33.403268], [130.458216, 33.407453], [130.452356, 33.407035], [130.448768, 33.408829], [130.446445, 33.412349], [130.44156, 33.413171], [130.439786, 33.411197], [130.441188, 33.409792], [130.437036, 33.404852], [130.438173, 33.401016], [130.438281, 33.400622]]]}, "properties": {"A27_001": "41203", "A27_002": "鳥栖市立", "A27_003": "B141220300052", "A27_004": "麓小学校", "A27_005": "鳥栖市山浦町2253-1"}}, {"type": "Feature", "geometry": {"type": "Polygon", "coordinates": [[[130.541885, 33.387551], [130.540084, 33.387918], [130.539654, 33.39419], [130.537898, 33.394106], [130.536027, 33.398103], [130.534232, 33.398518], [130.533537, 33.397079], [130.528319, 33.396707], [130.52795, 33.391045], [130.525649, 33.386148], [130.52273, 33.38226], [130.520504, 33.381773], [130.521, 33.379236], [130.522821, 33.379218], [130.523316, 33.375549], [130.529102, 33.371015], [130.527864, 33.367429], [130.52948, 33.363604], [130.528267, 33.363617], [130.525886, 33.340112], [130.532803, 33.346131], [130.535979, 33.342962], [130.540258, 33.365217], [130.541959, 33.366341], [130.541888, 33.387217], [130.541885, 33.387551]]]}, "properties": {"A27_001": "41203", "A27_002": "鳥栖市立", "A27_003": "B141220300043", "A27_004": "基里小学校", "A27_005": "鳥栖市曽根崎町1521-1"}}, {"type": "Feature", "geometry": {"type": "Polygon", "coordinates": [[[130.541885, 33.387551], [130.539765, 33.404155], [130.52855, 33.403003], [130.528294, 33.401022], [130.522475, 33.400483], [130.523008, 33.398787], [130.518863, 33.396683], [130.51588, 33.397164], [130.514646, 33.395296], [130.513169, 33.395251], [130.511862, 33.397993], [130.508144, 33.398828], [130.505955, 33.396527], [130.507561, 33.395844], [130.513253, 33.384545], [130.520504, 33.381773], [130.52273, 33.38226], [130.525649, 33.386148], [130.52795, 33.391045], [130.528319, 33.396707], [130.533537, 33.397079], [130.534232, 33.398518], [130.536027, 33.398103], [130.537898, 33.394106], [130.539654, 33.39419], [130.540051, 33.388026], [130.541564, 33.387513], [130.541885, 33.387551]]]}, "properties": {"A27_001": "41203", "A27_002": "鳥栖市立", "A27_003": "B141220300034", "A27_004": "田代小学校", "A27_005": "鳥栖市田代上町301-1"}}, {"type": "Feature", "geometry": {"type": "Polygon", "coordinates": [[[130.500937, 33.380629], [130.50112, 33.379182], [130.496967, 33.378173], [130.498904, 33.377479], [130.498723, 33.370058], [130.505535, 33.369844], [130.505336, 33.37619], [130.507188, 33.377603], [130.509127, 33.373405], [130.514506, 33.373117], [130.514474, 33.37429], [130.518037, 33.374122], [130.518358, 33.375237], [130.521259, 33.37315], [130.525354, 33.373809], [130.523316, 33.375549], [130.522821, 33.379218], [130.521, 33.379236], [130.521018, 33.381429], [130.513376, 33.384462], [130.512466, 33.386262], [130.509409, 33.385387], [130.508819, 33.382029], [130.503258, 33.382627], [130.501098, 33.380689], [130.500937, 33.380629]]]}, "properties": {"A27_001": "41203", "A27_002": "鳥栖市立", "A27_003": "B141220300025", "A27_004": "鳥栖北小学校", "A27_005": "鳥栖市本町3-1468-1"}}, {"type": "Feature", "geometry": {"type": "Polygon", "coordinates": [[[130.511235, 33.343983], [130.518663, 33.340718], [130.525886, 33.340112], [130.528267, 33.363617], [130.52948, 33.363604], [130.527864, 33.367429], [130.529102, 33.371015], [130.525354, 33.373809], [130.520609, 33.373319], [130.519895, 33.375224], [130.514474, 33.37429], [130.514506, 33.373117], [130.509127, 33.373405], [130.507188, 33.377603], [130.505336, 33.37619], [130.505535, 33.369844], [130.496327, 33.370144], [130.497267, 33.36733], [130.494455, 33.365054], [130.497785, 33.361555], [130.49958, 33.354348], [130.506946, 33.352999], [130.51124, 33.344117], [130.511235, 33.343983]]]}, "properties": {"A27_001": "41203", "A27_002": "鳥栖市立", "A27_003": "B141220300016", "A27_004": "鳥栖小学校", "A27_005": "鳥栖市元町1162"}}, {"type": "Feature", "geometry": {"type": "Polygon", "coordinates": [[[130.52855, 33.403003], [130.52683, 33.403346], [130.527131, 33.404939], [130.528801, 33.405039], [130.526719, 33.411283], [130.517692, 33.409715], [130.513347, 33.410923], [130.501286, 33.405696], [130.504454, 33.402247], [130.503837, 33.400896], [130.511862, 33.397993], [130.513169, 33.395251], [130.523008, 33.398787], [130.522475, 33.400483], [130.524118, 33.399907], [130.524883, 33.401474], [130.528294, 33.401022], [130.5285, 33.402644], [130.52855, 33.403003]]]}, "properties": {"A27_001": "41203", "A27_002": "鳥栖市立", "A27_003": "B141220300089", "A27_004": "弥生が丘小学校", "A27_005": "鳥栖市弥生が丘4-329"}}, {"type": "Feature", "geometry": {"type": "Polygon", "coordinates": [[[130.191198, 33.220669], [130.190024, 33.218677], [130.191679, 33.215861], [130.194452, 33.213917], [130.199182, 33.214297], [130.201583, 33.210412], [130.199113, 33.205698], [130.193807, 33.208177], [130.190652, 33.206012], [130.201879, 33.19431], [130.21815, 33.197104], [130.229816, 33.192878], [130.231102, 33.197883], [130.234951, 33.198108], [130.234586, 33.204194], [130.229332, 33.203981], [130.228109, 33.207146], [130.228238, 33.210968], [130.230044, 33.211559], [130.228601, 33.214351], [130.229828, 33.215016], [130.225187, 33.226616], [130.221406, 33.229266], [130.223392, 33.240212], [130.218559, 33.24737], [130.210151, 33.24712], [130.211274, 33.241386], [130.203617, 33.241379], [130.201063, 33.239973], [130.197507, 33.243089], [130.195311, 33.242847], [130.192857, 33.237612], [130.189573, 33.23604], [130.190522, 33.231931], [130.186718, 33.229016], [130.188502, 33.225802], [130.194315, 33.223222], [130.191247, 33.22069], [130.191198, 33.220669]]]}, "properties": {"A27_001": "41208", "A27_002": "小城市立", "A27_003": "B141220800084", "A27_004": "芦刈小学校", "A27_005": "小城市芦刈町三王崎14"}}, {"type": "Feature", "geometry": {"type": "Polygon", "coordinates": [[[130.182786, 33.250473], [130.179041, 33.248304], [130.181562, 33.246356], [130.175852, 33.246623], [130.173274, 33.244325], [130.169885, 33.245614], [130.16881, 33.243909], [130.165706, 33.243716], [130.164469, 33.240262], [130.159811, 33.237439], [130.159243, 33.232719], [130.162905, 33.228491], [130.16738, 33.229654], [130.170951, 33.227738], [130.173469, 33.228917], [130.178957, 33.227778], [130.180273, 33.223716], [130.181476, 33.224297], [130.184573, 33.219889], [130.188467, 33.221706], [130.191198, 33.220669], [130.194315, 33.223222], [130.188502, 33.225802], [130.186718, 33.229016], [130.190583, 33.23205], [130.189632, 33.236152], [130.192556, 33.237279], [130.193127, 33.240372], [130.195794, 33.242136], [130.193781, 33.247446], [130.190478, 33.247185], [130.189212, 33.25004], [130.185993, 33.249717], [130.187001, 33.253152], [130.18286, 33.250518], [130.182786, 33.250473]]]}, "properties": {"A27_001": "41208", "A27_002": "小城市立", "A27_003": "B141220800075", "A27_004": "砥川小学校", "A27_005": "小城市牛津町上砥川1405"}}, {"type": "Feature", "geometry": {"type": "Polygon", "coordinates": [[[130.187488, 33.252484], [130.186144, 33.249562], [130.189212, 33.25004], [130.190478, 33.247185], [130.193781, 33.247446], [130.195311, 33.242847], [130.197507, 33.243089], [130.200519, 33.240087], [130.211274, 33.241386], [130.210151, 33.24712], [130.218559, 33.24737], [130.21335, 33.271658], [130.19258, 33.267931], [130.195201, 33.256291], [130.191379, 33.255672], [130.187534, 33.252468], [130.187488, 33.252484]]]}, "properties": {"A27_001": "41208", "A27_002": "小城市立", "A27_003": "B141220800066", "A27_004": "牛津小学校", "A27_005": "小城市牛津町柿樋瀬922"}}, {"type": "Feature", "geometry": {"type": "Polygon", "coordinates": [[[130.218436, 33.248523], [130.222448, 33.255083], [130.227307, 33.254706], [130.229721, 33.256458], [130.234766, 33.256843], [130.235919, 33.252238], [130.2444567669538, 33.252397996481704], [130.244699, 33.272864], [130.242852, 33.280079], [130.240504, 33.283253], [130.237591, 33.294483], [130.231476, 33.298254], [130.234047, 33.298858], [130.232454, 33.308875], [130.226636, 33.3137], [130.223835, 33.320436], [130.225555, 33.328946], [130.227484, 33.331302], [130.222877, 33.332362], [130.218368, 33.322994], [130.218824, 33.320783], [130.2209, 33.32058], [130.21296, 33.312101], [130.215304, 33.306499], [130.213692, 33.30509], [130.210949, 33.30614], [130.212452, 33.305057], [130.213633, 33.298051], [130.212215, 33.298354], [130.214228, 33.296521], [130.203767, 33.294424], [130.203706, 33.296268], [130.202068, 33.296045], [130.201776, 33.285129], [130.199911, 33.287557], [130.194939, 33.286507], [130.199706, 33.269097], [130.21335, 33.271658], [130.218457, 33.248709], [130.218436, 33.248523]]]}, "properties": {"A27_001": "41208", "A27_002": "小城市立", "A27_003": "B141220800057", "A27_004": "三日月小学校", "A27_005": "小城市三日月町長神田1680"}}, {"type": "Feature", "geometry": {"type": "Polygon", "coordinates": [[[130.222877, 33.332362], [130.218873, 33.336704], [130.20848, 33.34081], [130.190808, 33.342145], [130.182074, 33.340877], [130.178814, 33.338884], [130.171608, 33.339751], [130.17173, 33.338489], [130.168257, 33.337852], [130.164755, 33.340126], [130.153015, 33.339187], [130.161405, 33.33101], [130.165166, 33.322241], [130.171596, 33.320429], [130.176443, 33.313596], [130.186115, 33.308563], [130.18776, 33.305998], [130.187086, 33.303783], [130.195892, 33.298831], [130.195097, 33.297143], [130.196449, 33.294852], [130.200574, 33.295584], [130.199927, 33.299626], [130.202837, 33.299334], [130.204254, 33.301639], [130.211112, 33.299508], [130.208766, 33.295265], [130.214228, 33.296521], [130.212215, 33.298354], [130.213633, 33.298051], [130.212452, 33.305057], [130.210949, 33.30614], [130.213692, 33.30509], [130.215304, 33.306499], [130.21296, 33.312101], [130.2209, 33.32058], [130.218824, 33.320783], [130.218368, 33.322994], [130.222741, 33.33217], [130.222877, 33.332362]]]}, "properties": {"A27_001": "41208", "A27_002": "小城市立", "A27_003": "B141220800048", "A27_004": "岩松小学校", "A27_005": "小城市小城町岩蔵1941"}}, {"type": "Feature", "geometry": {"type": "Polygon", "coordinates": [[[130.153015, 33.339187], [130.142811, 33.338878], [130.138512, 33.334753], [130.139751, 33.323865], [130.136508, 33.320383], [130.138529, 33.318133], [130.137291, 33.311524], [130.141631, 33.311543], [130.143019, 33.30866], [130.147675, 33.310224], [130.150453, 33.307599], [130.152804, 33.307743], [130.158193, 33.302039], [130.155579, 33.299508], [130.157176, 33.293113], [130.161559, 33.291494], [130.163188, 33.288895], [130.168778, 33.287937], [130.170267, 33.285618], [130.17676, 33.287423], [130.180677, 33.283763], [130.187969, 33.285357], [130.189503, 33.279559], [130.19648, 33.280797], [130.195018, 33.286461], [130.192513, 33.287481], [130.192181, 33.29319], [130.195892, 33.298831], [130.187086, 33.303783], [130.18776, 33.305998], [130.186115, 33.308563], [130.176443, 33.313596], [130.173872, 33.318878], [130.165166, 33.322241], [130.161405, 33.33101], [130.153888, 33.336983], [130.153015, 33.339187]]]}, "properties": {"A27_001": "41208", "A27_002": "小城市立", "A27_003": "B141220800039", "A27_004": "晴田小学校", "A27_005": "小城市小城町畑田2099"}}, {"type": "Feature", "geometry": {"type": "Polygon", "coordinates": [[[130.170267, 33.285618], [130.171834, 33.283201], [130.163154, 33.2791], [130.165502, 33.277971], [130.170699, 33.269363], [130.169897, 33.266889], [130.174291, 33.265005], [130.181106, 33.256267], [130.182786, 33.250473], [130.184192, 33.250389], [130.185479, 33.253229], [130.187673, 33.252496], [130.191379, 33.255672], [130.195201, 33.256291], [130.19258, 33.267931], [130.199706, 33.269097], [130.19648, 33.280797], [130.189503, 33.279559], [130.187969, 33.285357], [130.180677, 33.283763], [130.180674, 33.285232], [130.175176, 33.287867], [130.171154, 33.28597], [130.170267, 33.285618]]]}, "properties": {"A27_001": "41208", "A27_002": "小城市立", "A27_003": "B141220800020", "A27_004": "三里小学校", "A27_005": "小城市小城町栗原1256"}}, {"type": "Feature", "geometry": {"type": "Polygon", "coordinates": [[[130.194939, 33.286507], [130.199911, 33.287557], [130.201776, 33.285129], [130.201992, 33.295948], [130.203706, 33.296268], [130.203767, 33.294424], [130.208766, 33.295265], [130.211112, 33.299508], [130.204254, 33.301639], [130.202837, 33.299334], [130.199927, 33.299626], [130.200574, 33.295584], [130.196449, 33.294852], [130.195097, 33.297143], [130.192181, 33.29319], [130.192513, 33.287481], [130.194078, 33.286485], [130.194939, 33.286507]]]}, "properties": {"A27_001": "41208", "A27_002": "小城市立", "A27_003": "B141220800011", "A27_004": "桜岡小学校", "A27_005": "小城市小城町166"}}, {"type": "Feature", "geometry": {"type": "Polygon", "coordinates": [[[130.369149, 33.263735], [130.37009, 33.257197], [130.373693, 33.257252], [130.372816, 33.253851], [130.374282, 33.251663], [130.377152, 33.251109], [130.373713, 33.246754], [130.37394, 33.244361], [130.376995, 33.243921], [130.378686, 33.241466], [130.385205, 33.240461], [130.390308, 33.245303], [130.391036, 33.250167], [130.388857, 33.256236], [130.391069, 33.259761], [130.395006, 33.260667], [130.400018, 33.259099], [130.402096, 33.248651], [130.413388, 33.251331], [130.419509, 33.261603], [130.41716, 33.265869], [130.417462, 33.268344], [130.411151, 33.268243], [130.409681, 33.268937], [130.409919, 33.271064], [130.408116, 33.271048], [130.406387, 33.282026], [130.405396, 33.27878], [130.40304, 33.278398], [130.401885, 33.280054], [130.398885, 33.277794], [130.393527, 33.277525], [130.393393, 33.270542], [130.389908, 33.268121], [130.376435, 33.266806], [130.37649, 33.263998], [130.372382, 33.263719], [130.372383, 33.262656], [130.371056, 33.263748], [130.369149, 33.263735]]]}, "properties": {"A27_001": "41210", "A27_002": "神埼市立", "A27_003": "B141221000044", "A27_004": "千代田東部小学校", "A27_005": "神埼市千代田町渡瀬1964"}}, {"type": "Feature", "geometry": {"type": "Polygon", "coordinates": [[[130.367192, 33.31578], [130.372293, 33.315224], [130.371982, 33.322828], [130.377231, 33.323444], [130.376728, 33.325434], [130.379009, 33.325978], [130.378774, 33.322202], [130.384356, 33.323669], [130.385342, 33.327953], [130.384178, 33.329252], [130.385702, 33.330065], [130.382524, 33.348996], [130.377446, 33.362081], [130.379244, 33.365067], [130.375366, 33.370707], [130.377178, 33.377296], [130.376214, 33.378195], [130.372455, 33.378224], [130.366286, 33.374883], [130.361415, 33.368875], [130.362064, 33.365101], [130.355972, 33.361252], [130.354996, 33.357472], [130.352441, 33.355693], [130.344168, 33.354826], [130.34244, 33.352599], [130.344989, 33.347554], [130.342379, 33.344155], [130.342596, 33.341867], [130.347275, 33.337751], [130.358179, 33.335224], [130.356924, 33.330832], [130.354374, 33.328255], [130.356055, 33.324404], [130.369807, 33.32683], [130.367205, 33.31591], [130.367192, 33.31578]]]}, "properties": {"A27_001": "41210", "A27_002": "神埼市立", "A27_003": "B141221000035", "A27_004": "仁比山小学校", "A27_005": "神埼市神埼町鶴1634"}}, {"type": "Feature", "geometry": {"type": "Polygon", "coordinates": [[[130.159625, 33.188711], [130.154926, 33.185128], [130.136206, 33.187491], [130.136026, 33.183659], [130.126265, 33.186656], [130.124813, 33.182968], [130.134466, 33.180604], [130.133057, 33.175982], [130.137844, 33.17458], [130.162232, 33.174141], [130.161983, 33.171829], [130.164617, 33.171766], [130.16552, 33.168729], [130.170049, 33.172121], [130.171755, 33.18585], [130.179325, 33.185104], [130.179252, 33.187264], [130.177694, 33.187679], [130.179705, 33.199897], [130.173503, 33.202749], [130.168099, 33.202507], [130.166299, 33.200046], [130.16744, 33.192175], [130.15984, 33.188638], [130.159625, 33.188711]]]}, "properties": {"A27_001": "41425", "A27_002": "白石町立", "A27_003": "B141242500036", "A27_004": "白石小学校", "A27_005": "杵島郡白石町大字福田2371"}}, {"type": "Feature", "geometry": {"type": "Polygon", "coordinates": [[[130.368981, 33.290882], [130.368621, 33.292771], [130.373254, 33.293649], [130.372358, 33.296887], [130.367984, 33.296101], [130.36956, 33.304124], [130.366988, 33.314494], [130.369807, 33.32683], [130.356055, 33.324404], [130.354374, 33.328255], [130.356924, 33.330832], [130.358179, 33.335224], [130.34545, 33.339125], [130.342321, 33.342667], [130.344989, 33.347554], [130.342783, 33.350287], [130.342832, 33.353664], [130.337508, 33.353732], [130.336615, 33.329207], [130.343582, 33.299362], [130.335656, 33.297623], [130.33988, 33.281924], [130.352321, 33.281762], [130.352846, 33.286407], [130.358493, 33.286299], [130.357583, 33.290571], [130.368669, 33.290819], [130.368981, 33.290882]]]}, "properties": {"A27_001": "41210", "A27_002": "神埼市立", "A27_003": "B141221000026", "A27_004": "西郷小学校", "A27_005": "神埼市神埼町横武868"}}, {"type": "Feature", "geometry": {"type": "Polygon", "coordinates": [[[130.134945, 33.208653], [130.126039, 33.204122], [130.126218, 33.202105], [130.13062, 33.20096], [130.128685, 33.196598], [130.119216, 33.198779], [130.118091, 33.193704], [130.120723, 33.193053], [130.118831, 33.187708], [130.118744, 33.179563], [130.122234, 33.178742], [130.122825, 33.180621], [130.12397, 33.180209], [130.126265, 33.186656], [130.136026, 33.183659], [130.136206, 33.187491], [130.154926, 33.185128], [130.159616, 33.188688], [130.153706, 33.193011], [130.136895, 33.196234], [130.135817, 33.200207], [130.142113, 33.204273], [130.135119, 33.208556], [130.134945, 33.208653]]]}, "properties": {"A27_001": "41425", "A27_002": "白石町立", "A27_003": "B141242500027", "A27_004": "六角小学校", "A27_005": "杵島郡白石町大字東郷2231"}}, {"type": "Feature", "geometry": {"type": "MultiPolygon", "coordinates": [[[[130.36763393175843, 33.30433969772749], [130.3676227099382, 33.304392066222], [130.36750675112893, 33.30438832561525], [130.36755911962342, 33.304040449187454], [130.3677947778487, 33.30408159586171], [130.3677798154217, 33.304231220131726], [130.3676376723652, 33.30420503588447], [130.36763393175843, 33.30433969772749]]], [[[130.367192, 33.31578], [130.36957, 33.303908], [130.367984, 33.296101], [130.372358, 33.296887], [130.373254, 33.293649], [130.368621, 33.292771], [130.370714, 33.286446], [130.376872, 33.284966], [130.392739, 33.287125], [130.395038, 33.289561], [130.387173, 33.317964], [130.383577, 33.317521], [130.382163, 33.32283], [130.378774, 33.322202], [130.3786, 33.325935], [130.377231, 33.323444], [130.371982, 33.322828], [130.372293, 33.315224], [130.368725, 33.315891], [130.367192, 33.31578]]]]}, "properties": {"A27_001": "41210", "A27_002": "神埼市立", "A27_003": "B141221000017", "A27_004": "神埼小学校", "A27_005": "神埼市神埼町枝ヶ里349"}}, {"type": "Feature", "geometry": {"type": "Polygon", "coordinates": [[[130.098228, 33.204943], [130.096685, 33.205344], [130.092522, 33.200651], [130.090864, 33.201808], [130.08857, 33.199307], [130.085797, 33.188579], [130.083764, 33.187443], [130.08403, 33.18411], [130.073374, 33.184242], [130.070282, 33.181631], [130.074959, 33.177067], [130.079554, 33.168949], [130.085608, 33.166587], [130.090898, 33.167025], [130.095834, 33.163517], [130.104207, 33.166635], [130.106896, 33.16627], [130.10765, 33.170375], [130.111507, 33.169573], [130.111547, 33.172898], [130.10845, 33.172629], [130.109805, 33.176792], [130.117121, 33.175104], [130.119367, 33.181139], [130.118013, 33.181629], [130.120723, 33.193053], [130.118091, 33.193704], [130.119216, 33.198779], [130.109769, 33.203878], [130.111249, 33.206812], [130.11039, 33.210412], [130.106252, 33.208657], [130.105636, 33.202822], [130.099613, 33.202578], [130.098192, 33.204884], [130.098228, 33.204943]]]}, "properties": {"A27_001": "41425", "A27_002": "白石町立", "A27_003": "B141242500018", "A27_004": "須古小学校", "A27_005": "杵島郡白石町大字堤1463"}}, {"type": "Feature", "geometry": {"type": "Polygon", "coordinates": [[[130.537275, 33.427892], [130.533924, 33.427038], [130.531779, 33.424327], [130.52885, 33.424169], [130.524516, 33.426362], [130.527836, 33.427517], [130.528068, 33.429078], [130.523585, 33.430047], [130.518132, 33.428732], [130.510039, 33.439518], [130.509765, 33.443295], [130.503536, 33.446926], [130.49489, 33.444235], [130.491116, 33.439706], [130.487282, 33.440291], [130.485754, 33.438077], [130.48025, 33.436117], [130.476593, 33.438464], [130.474138, 33.435275], [130.462373, 33.427924], [130.477895, 33.423907], [130.47866, 33.421693], [130.483948, 33.420132], [130.487044, 33.414816], [130.490189, 33.413409], [130.492593, 33.409693], [130.500413, 33.405812], [130.513347, 33.410923], [130.517692, 33.409715], [130.526719, 33.411283], [130.528801, 33.405039], [130.527131, 33.404939], [130.526943, 33.403221], [130.540687, 33.403542], [130.540466, 33.394374], [130.541821, 33.394253], [130.541064, 33.421223], [130.537296, 33.427435], [130.537275, 33.427892]]]}, "properties": {"A27_001": "41341", "A27_002": "基山町立", "A27_003": "B141234100019", "A27_004": "基山小学校", "A27_005": "三養基郡基山町大字宮浦41"}}, {"type": "Feature", "geometry": {"type": "Polygon", "coordinates": [[[130.537275, 33.427892], [130.535151, 33.434389], [130.535331, 33.437374], [130.537002, 33.438266], [130.535675, 33.440236], [130.511132, 33.449113], [130.509796, 33.440037], [130.518132, 33.428732], [130.523585, 33.430047], [130.528068, 33.429078], [130.527836, 33.427517], [130.524516, 33.426362], [130.52885, 33.424169], [130.531779, 33.424327], [130.533924, 33.427038], [130.537131, 33.427871], [130.537275, 33.427892]]]}, "properties": {"A27_001": "41341", "A27_002": "基山町立", "A27_003": "B141234100028", "A27_004": "若基小学校", "A27_005": "三養基郡基山町けやき台2-2"}}, {"type": "Feature", "geometry": {"type": "Polygon", "coordinates": [[[130.086531, 33.149166], [130.083839, 33.141598], [130.078025, 33.140579], [130.070408, 33.134673], [130.072432, 33.131096], [130.077876, 33.130927], [130.077855, 33.129156], [130.080793, 33.129307], [130.08075, 33.131301], [130.092081, 33.129113], [130.095603, 33.131228], [130.107646, 33.13075], [130.111113, 33.132128], [130.112964, 33.128983], [130.117424, 33.128427], [130.120967, 33.130016], [130.122819, 33.124846], [130.130258, 33.125735], [130.127445, 33.130463], [130.127555, 33.136776], [130.124394, 33.142405], [130.123506, 33.152365], [130.121535, 33.154276], [130.116623, 33.155001], [130.102039, 33.149826], [130.098794, 33.147189], [130.094028, 33.149034], [130.086537, 33.149168], [130.086531, 33.149166]]]}, "properties": {"A27_001": "41425", "A27_002": "白石町立", "A27_003": "B141242500081", "A27_004": "有明南小学校", "A27_005": "杵島郡白石町大字深浦5581-1"}}, {"type": "Feature", "geometry": {"type": "Polygon", "coordinates": [[[130.086531, 33.149166], [130.094028, 33.149034], [130.098794, 33.147189], [130.102039, 33.149826], [130.116623, 33.155001], [130.121535, 33.154276], [130.123506, 33.152365], [130.124394, 33.142405], [130.128268, 33.134499], [130.127639, 33.1311], [130.132424, 33.129566], [130.131224, 33.148292], [130.132837, 33.158316], [130.126099, 33.160538], [130.127801, 33.165731], [130.118423, 33.168018], [130.122135, 33.178767], [130.118744, 33.179563], [130.117121, 33.175104], [130.109805, 33.176792], [130.10845, 33.172629], [130.111547, 33.172898], [130.111507, 33.169573], [130.10765, 33.170375], [130.106896, 33.16627], [130.104207, 33.166635], [130.097044, 33.163626], [130.092642, 33.164797], [130.090898, 33.167025], [130.085608, 33.166587], [130.079554, 33.168949], [130.079734, 33.162315], [130.083805, 33.158438], [130.084386, 33.154325], [130.088211, 33.15211], [130.086515, 33.149339], [130.086531, 33.149166]]]}, "properties": {"A27_001": "41425", "A27_002": "白石町立", "A27_003": "B141242500072", "A27_004": "有明西小学校", "A27_005": "杵島郡白石町大字戸ヶ里1493-1"}}, {"type": "Feature", "geometry": {"type": "Polygon", "coordinates": [[[130.342832, 33.353664], [130.354996, 33.357472], [130.355972, 33.361252], [130.362064, 33.365101], [130.362509, 33.370818], [130.366286, 33.374883], [130.372489, 33.378154], [130.365094, 33.389289], [130.367261, 33.392029], [130.366461, 33.393441], [130.372343, 33.395392], [130.377362, 33.395044], [130.380764, 33.398327], [130.38375, 33.404979], [130.382374, 33.406957], [130.383303, 33.409872], [130.378002, 33.413526], [130.378561, 33.417216], [130.376616, 33.419123], [130.378219, 33.424959], [130.37639, 33.429225], [130.370646, 33.433124], [130.368811, 33.436281], [130.367055, 33.434005], [130.363384, 33.434943], [130.355267, 33.433466], [130.345428, 33.445021], [130.341254, 33.445432], [130.33975, 33.444613], [130.339135, 33.440515], [130.332987, 33.439861], [130.334417, 33.438654], [130.33381, 33.436671], [130.330298, 33.433879], [130.327333, 33.422368], [130.320197, 33.420581], [130.319226, 33.416482], [130.31569, 33.416154], [130.313122, 33.411865], [130.309268, 33.411547], [130.307278, 33.413031], [130.299257, 33.409953], [130.297567, 33.404767], [130.292911, 33.402495], [130.287823, 33.402194], [130.286595, 33.403702], [130.285683, 33.402346], [130.284356, 33.403431], [130.278658, 33.402741], [130.275492, 33.398045], [130.276517, 33.39216], [130.273692, 33.387242], [130.276507, 33.384646], [130.276776, 33.380509], [130.280043, 33.381991], [130.281978, 33.379638], [130.28745, 33.382506], [130.288683, 33.380946], [130.291821, 33.382065], [130.293612, 33.379091], [130.293131, 33.371912], [130.288716, 33.368453], [130.29546, 33.362495], [130.297905, 33.36351], [130.300826, 33.361929], [130.297703, 33.357285], [130.304501, 33.352173], [130.304633, 33.348329], [130.306545, 33.348734], [130.307457, 33.356632], [130.314881, 33.360819], [130.315799, 33.358833], [130.318696, 33.358484], [130.326785, 33.360667], [130.332181, 33.35488], [130.342644, 33.353702], [130.342832, 33.353664]]]}, "properties": {"A27_001": "41210", "A27_002": "神埼市立", "A27_003": "B141221000071", "A27_004": "脊振小学校", "A27_005": "神埼市脊振町広滝580"}}, {"type": "Feature", "geometry": {"type": "Polygon", "coordinates": [[[130.130258, 33.125735], [130.13004, 33.118503], [130.132177, 33.115671], [130.135378, 33.114618], [130.136427, 33.116031], [130.137352, 33.114565], [130.136292, 33.114449], [130.148733, 33.112168], [130.169418, 33.129843], [130.15791, 33.145811], [130.150646, 33.151781], [130.145484, 33.152114], [130.145735, 33.153948], [130.132837, 33.158316], [130.131224, 33.148292], [130.132424, 33.129566], [130.127445, 33.130463], [130.130238, 33.125839], [130.130258, 33.125735]]]}, "properties": {"A27_001": "41425", "A27_002": "白石町立", "A27_003": "B141242500063", "A27_004": "有明東小学校", "A27_005": "杵島郡白石町大字牛屋6833-2"}}, {"type": "Feature", "geometry": {"type": "Polygon", "coordinates": [[[130.352068, 33.281757], [130.339169, 33.281838], [130.340589, 33.278455], [130.340259, 33.268451], [130.343526, 33.259853], [130.343469, 33.253323], [130.342231, 33.252908], [130.343627, 33.249898], [130.350392, 33.250459], [130.350114, 33.256018], [130.37009, 33.257197], [130.369149, 33.263735], [130.362599, 33.263702], [130.362308, 33.267647], [130.363794, 33.268512], [130.350619, 33.268597], [130.352076, 33.281531], [130.352068, 33.281757]]]}, "properties": {"A27_001": "41210", "A27_002": "神埼市立", "A27_003": "B141221000062", "A27_004": "千代田西部小学校", "A27_005": "神埼市千代田町餘江1496"}}, {"type": "Feature", "geometry": {"type": "Polygon", "coordinates": [[[130.19785, 33.150709], [130.222422, 33.165177], [130.232439, 33.184759], [130.231458, 33.188782], [130.229387, 33.19041], [130.231206, 33.192142], [130.225674, 33.195038], [130.217078, 33.197074], [130.202444, 33.194111], [130.190652, 33.206012], [130.188906, 33.206089], [130.183619, 33.200723], [130.179705, 33.199897], [130.177694, 33.187679], [130.179252, 33.187264], [130.179325, 33.185104], [130.171755, 33.18585], [130.170049, 33.172121], [130.179774, 33.172996], [130.195341, 33.153744], [130.19785, 33.150709]]]}, "properties": {"A27_001": "41425", "A27_002": "白石町立", "A27_003": "B141242500054", "A27_004": "福富小学校", "A27_005": "杵島郡白石町大字福富3410-2"}}, {"type": "Feature", "geometry": {"type": "Polygon", "coordinates": [[[130.395038, 33.289561], [130.391157, 33.286087], [130.388772, 33.285607], [130.388081, 33.288156], [130.376872, 33.284966], [130.370714, 33.286446], [130.368563, 33.291025], [130.357583, 33.290571], [130.358493, 33.286299], [130.352846, 33.286407], [130.350619, 33.268597], [130.36214, 33.269017], [130.362599, 33.263702], [130.371434, 33.262636], [130.37649, 33.263998], [130.376435, 33.266806], [130.389908, 33.268121], [130.393393, 33.270542], [130.393527, 33.277525], [130.405396, 33.27878], [130.406174, 33.285026], [130.400851, 33.285968], [130.400964, 33.283744], [130.396946, 33.282842], [130.395064, 33.289482], [130.395038, 33.289561]]]}, "properties": {"A27_001": "41210", "A27_002": "神埼市立", "A27_003": "B141221000053", "A27_004": "千代田中部小学校", "A27_005": "神埼市千代田町直鳥15-1"}}, {"type": "Feature", "geometry": {"type": "Polygon", "coordinates": [[[130.132837, 33.158316], [130.145735, 33.153948], [130.145484, 33.152114], [130.150646, 33.151781], [130.15791, 33.145811], [130.169418, 33.129843], [130.19232, 33.141727], [130.189996, 33.146066], [130.19785, 33.150709], [130.179743, 33.173014], [130.170358, 33.172229], [130.164545, 33.168882], [130.164617, 33.171766], [130.161983, 33.171829], [130.162232, 33.174141], [130.137844, 33.17458], [130.133057, 33.175982], [130.134466, 33.180604], [130.124813, 33.182968], [130.118423, 33.168018], [130.127801, 33.165731], [130.126099, 33.160538], [130.131137, 33.158882], [130.132837, 33.158316]]]}, "properties": {"A27_001": "41425", "A27_002": "白石町立", "A27_003": "B141242500045", "A27_004": "北明小学校", "A27_005": "杵島郡白石町大字築切205"}}, {"type": "Feature", "geometry": {"type": "Polygon", "coordinates": [[[130.432433, 33.299265], [130.424783, 33.297854], [130.423352, 33.298705], [130.422892, 33.302565], [130.417471, 33.303408], [130.415954, 33.301929], [130.416304, 33.296632], [130.406152, 33.296612], [130.405404, 33.290313], [130.400369, 33.28973], [130.401623, 33.285183], [130.406174, 33.285026], [130.406363, 33.283302], [130.405122, 33.2837], [130.404242, 33.281678], [130.406847, 33.281913], [130.406846, 33.274791], [130.408116, 33.271048], [130.409919, 33.271064], [130.409681, 33.268937], [130.417462, 33.268344], [130.420843, 33.27185], [130.426324, 33.270614], [130.428102, 33.271601], [130.430946, 33.280532], [130.430203, 33.285551], [130.426636, 33.289423], [130.43378, 33.29245], [130.43142, 33.29577], [130.432399, 33.299224], [130.432433, 33.299265]]]}, "properties": {"A27_001": "41346", "A27_002": "みやき町立", "A27_003": "B141234600041", "A27_004": "三根西小学校", "A27_005": "三養基郡みやき町大字寄人1385"}}, {"type": "Feature", "geometry": {"type": "Polygon", "coordinates": [[[130.43378, 33.29245], [130.43846, 33.28923], [130.437765, 33.283108], [130.435094, 33.278765], [130.436086, 33.270172], [130.439083, 33.265837], [130.44313, 33.263849], [130.450418, 33.265709], [130.450864, 33.269078], [130.448035, 33.276467], [130.452955, 33.282948], [130.461231, 33.283793], [130.467977, 33.287283], [130.466227, 33.29033], [130.455367, 33.294697], [130.45607, 33.301479], [130.453984, 33.304952], [130.448225, 33.304386], [130.449398, 33.307223], [130.447181, 33.314288], [130.442099, 33.313213], [130.442583, 33.311384], [130.433626, 33.306993], [130.434264, 33.302243], [130.431397, 33.295917], [130.433558, 33.29285], [130.43378, 33.29245]]]}, "properties": {"A27_001": "41346", "A27_002": "みやき町立", "A27_003": "B141234600032", "A27_004": "三根東小学校", "A27_005": "三養基郡みやき町大字天建寺2400"}}, {"type": "Feature", "geometry": {"type": "Polygon", "coordinates": [[[130.45607, 33.301479], [130.461667, 33.304421], [130.484091, 33.305351], [130.489491, 33.316299], [130.487511, 33.319708], [130.482472, 33.320847], [130.477318, 33.325552], [130.480541, 33.332629], [130.479635, 33.33624], [130.472674, 33.338174], [130.47198, 33.34117], [130.469042, 33.343071], [130.469314, 33.346911], [130.467051, 33.350069], [130.466197, 33.348927], [130.463971, 33.350912], [130.455645, 33.345345], [130.457651, 33.346065], [130.455726, 33.340648], [130.454176, 33.340459], [130.454252, 33.338795], [130.455833, 33.338511], [130.454808, 33.336513], [130.451871, 33.335096], [130.448921, 33.337537], [130.447339, 33.335302], [130.447969, 33.330874], [130.446163, 33.333082], [130.426939, 33.328878], [130.428255, 33.320801], [130.43189, 33.321413], [130.432777, 33.317521], [130.436613, 33.318197], [130.439126, 33.312676], [130.447181, 33.314288], [130.449398, 33.307223], [130.448225, 33.304386], [130.453984, 33.304952], [130.455551, 33.301908], [130.45607, 33.301479]]]}, "properties": {"A27_001": "41346", "A27_002": "みやき町立", "A27_003": "B141234600023", "A27_004": "北茂安小学校", "A27_005": "三養基郡みやき町大字東尾420"}}, {"type": "Feature", "geometry": {"type": "Polygon", "coordinates": [[[130.438281, 33.400622], [130.428472, 33.396879], [130.421876, 33.3985], [130.418698, 33.401075], [130.414277, 33.398873], [130.413357, 33.396012], [130.410554, 33.394427], [130.412417, 33.390852], [130.417446, 33.388784], [130.417735, 33.385423], [130.419682, 33.383606], [130.419643, 33.374769], [130.417347, 33.367244], [130.429542, 33.355132], [130.428379, 33.351202], [130.426909, 33.351115], [130.427157, 33.348419], [130.427693, 33.347295], [130.430693, 33.347876], [130.429585, 33.343834], [130.43351, 33.341184], [130.432719, 33.339069], [130.425561, 33.336917], [130.426939, 33.328878], [130.446163, 33.333082], [130.447969, 33.330874], [130.447339, 33.335302], [130.449185, 33.337692], [130.451871, 33.335096], [130.454825, 33.33653], [130.455833, 33.338511], [130.454252, 33.338795], [130.454176, 33.340459], [130.455726, 33.340648], [130.457651, 33.346043], [130.455645, 33.345345], [130.458276, 33.350649], [130.455856, 33.356285], [130.456074, 33.366415], [130.453071, 33.372659], [130.447224, 33.377211], [130.446957, 33.381624], [130.44198, 33.385545], [130.439802, 33.392564], [130.441701, 33.397484], [130.438441, 33.400584], [130.438281, 33.400622]]]}, "properties": {"A27_001": "41346", "A27_002": "みやき町立", "A27_003": "B141234600014", "A27_004": "中原小学校", "A27_005": "三養基郡みやき町原古賀1364-2"}}, {"type": "Feature", "geometry": {"type": "Polygon", "coordinates": [[[129.973914, 33.420028], [129.967035, 33.419126], [129.958367, 33.42066], [129.948037, 33.426479], [129.941239, 33.421202], [129.935621, 33.420361], [129.933057, 33.4114], [129.934147, 33.404002], [129.938725, 33.403058], [129.938563, 33.399367], [129.941388, 33.396384], [129.944917, 33.39586], [129.944213, 33.39253], [129.942076, 33.391651], [129.942838, 33.38886], [129.94897, 33.3864], [129.95324, 33.391085], [129.96179, 33.386773], [129.96229, 33.383667], [129.968861, 33.37897], [129.984019, 33.384989], [129.985546, 33.391923], [129.983013, 33.39959], [129.976041, 33.404855], [129.976862, 33.407047], [129.986293, 33.411895], [129.989509, 33.422679], [129.9781, 33.419673], [129.97408, 33.420326], [129.973914, 33.420028]]]}, "properties": {"A27_001": "41202", "A27_002": "唐津市立", "A27_003": "B141220200099", "A27_004": "鬼塚小学校", "A27_005": "唐津市養母田28-2"}}, {"type": "Feature", "geometry": {"type": "Polygon", "coordinates": [[[130.004419, 33.39563], [129.994093, 33.409837], [129.999419, 33.414632], [129.991193, 33.416752], [129.988918, 33.421677], [129.986293, 33.411895], [129.976041, 33.404855], [129.983013, 33.39959], [129.984301, 33.385992], [129.988958, 33.382163], [129.992432, 33.383623], [130.004163, 33.3952], [130.004419, 33.39563]]]}, "properties": {"A27_001": "41202", "A27_002": "唐津市立", "A27_003": "B141220200080", "A27_004": "久里小学校", "A27_005": "唐津市久里1820"}}, {"type": "Feature", "geometry": {"type": "Polygon", "coordinates": [[[129.952118, 33.501797], [129.946565, 33.503271], [129.945806, 33.505615], [129.941672, 33.50542], [129.940792, 33.507661], [129.93868, 33.497804], [129.935284, 33.496335], [129.930221, 33.497798], [129.929396, 33.496351], [129.926066, 33.498583], [129.927265, 33.493779], [129.924562, 33.493637], [129.924525, 33.491272], [129.909352, 33.487607], [129.906477, 33.488732], [129.906427, 33.491907], [129.902526, 33.492057], [129.904814, 33.495581], [129.903902, 33.498506], [129.897502, 33.500172], [129.899496, 33.497138], [129.894827, 33.491073], [129.89735, 33.489464], [129.898085, 33.48625], [129.90133, 33.485378], [129.904423, 33.4721], [129.909836, 33.466875], [129.907447, 33.459642], [129.913813, 33.460622], [129.922571, 33.457751], [129.926728, 33.448081], [129.928687, 33.450198], [129.946179, 33.450226], [129.947691, 33.452572], [129.946451, 33.45278], [129.946772, 33.462199], [129.948305, 33.469211], [129.954113, 33.471108], [129.950201, 33.478446], [129.947671, 33.477834], [129.947721, 33.472427], [129.942564, 33.474558], [129.94034, 33.473779], [129.941728, 33.475716], [129.937504, 33.481473], [129.939277, 33.483435], [129.939848, 33.481783], [129.945771, 33.484476], [129.946833, 33.487301], [129.943887, 33.493097], [129.952112, 33.501773], [129.952118, 33.501797]]]}, "properties": {"A27_001": "41202", "A27_002": "唐津市立", "A27_003": "B141220200071", "A27_004": "佐志小学校", "A27_005": "唐津市佐志浜町4411-6"}}, {"type": "Feature", "geometry": {"type": "Polygon", "coordinates": [[[129.989024, 33.480656], [129.985539, 33.47809], [129.985672, 33.472689], [129.993476, 33.472106], [129.994551, 33.476594], [129.992064, 33.479934], [129.989053, 33.480662], [129.989024, 33.480656]]]}, "properties": {"A27_001": "41202", "A27_002": "唐津市立", "A27_003": "B141220200062", "A27_004": "高島小学校", "A27_005": "唐津市高島188"}}, {"type": "Feature", "geometry": {"type": "Polygon", "coordinates": [[[129.944019, 33.424804], [129.926616, 33.429244], [129.925353, 33.433158], [129.921735, 33.432854], [129.919779, 33.435256], [129.917843, 33.428384], [129.915967, 33.428134], [129.910043, 33.428763], [129.905049, 33.433508], [129.900988, 33.433552], [129.898987, 33.431217], [129.903954, 33.428695], [129.899325, 33.430447], [129.8987, 33.427993], [129.901759, 33.427913], [129.899633, 33.427205], [129.902984, 33.425465], [129.902297, 33.422321], [129.893824, 33.418515], [129.900438, 33.41693], [129.905562, 33.406908], [129.913394, 33.402348], [129.918228, 33.406776], [129.923378, 33.402415], [129.931826, 33.402325], [129.934138, 33.403875], [129.933057, 33.4114], [129.934831, 33.419441], [129.944012, 33.424242], [129.944019, 33.424804]]]}, "properties": {"A27_001": "41202", "A27_002": "唐津市立", "A27_003": "B141220200053", "A27_004": "竹木場小学校", "A27_005": "唐津市竹木場5576-17"}}, {"type": "Feature", "geometry": {"type": "Polygon", "coordinates": [[[129.963069, 33.45943], [129.96644, 33.461418], [129.968373, 33.460863], [129.966212, 33.461495], [129.965697, 33.463345], [129.959122, 33.460657], [129.960474, 33.461084], [129.958651, 33.465014], [129.961369, 33.461508], [129.964417, 33.463254], [129.960018, 33.468676], [129.967096, 33.469822], [129.966774, 33.472099], [129.968574, 33.472104], [129.971102, 33.475723], [129.965732, 33.482644], [129.960521, 33.483666], [129.957772, 33.479343], [129.960721, 33.473013], [129.958944, 33.470595], [129.956938, 33.472527], [129.958142, 33.473753], [129.956806, 33.476094], [129.953882, 33.474598], [129.957299, 33.469831], [129.955804, 33.469802], [129.955904, 33.467799], [129.954113, 33.471108], [129.948305, 33.469211], [129.946451, 33.45278], [129.947684, 33.452596], [129.947082, 33.451418], [129.952196, 33.451566], [129.957824, 33.446661], [129.958641, 33.449858], [129.960383, 33.449783], [129.959984, 33.457279], [129.963024, 33.459394], [129.963069, 33.45943]]]}, "properties": {"A27_001": "41202", "A27_002": "唐津市立", "A27_003": "B141220200044", "A27_004": "西唐津小学校", "A27_005": "唐津市二タ子2-6-120"}}, {"type": "Feature", "geometry": {"type": "Polygon", "coordinates": [[[129.973914, 33.420028], [129.973357, 33.424843], [129.97495, 33.424959], [129.971188, 33.429453], [129.976586, 33.431506], [129.973515, 33.435774], [129.975232, 33.438844], [129.970441, 33.438496], [129.972759, 33.441167], [129.970273, 33.442535], [129.970178, 33.444955], [129.963313, 33.444404], [129.965064, 33.447437], [129.960383, 33.449783], [129.958641, 33.449858], [129.957365, 33.446635], [129.952196, 33.451566], [129.944116, 33.449508], [129.928687, 33.450198], [129.921923, 33.442676], [129.919779, 33.435256], [129.921735, 33.432854], [129.925353, 33.433158], [129.926616, 33.429244], [129.933776, 33.428829], [129.942133, 33.424666], [129.94904, 33.426294], [129.958367, 33.42066], [129.973456, 33.419877], [129.973914, 33.420028]]]}, "properties": {"A27_001": "41202", "A27_002": "唐津市立", "A27_003": "B141220200035", "A27_004": "長松小学校", "A27_005": "唐津市神田2148-2"}}, {"type": "Feature", "geometry": {"type": "Polygon", "coordinates": [[[129.990749, 33.441114], [129.976721, 33.450957], [129.972273, 33.448367], [129.975538, 33.439175], [129.981182, 33.436381], [129.983736, 33.432094], [129.993337, 33.436344], [129.990873, 33.440961], [129.990749, 33.441114]]]}, "properties": {"A27_001": "41202", "A27_002": "唐津市立", "A27_003": "B141220200026", "A27_004": "外町小学校", "A27_005": "唐津市東町37"}}, {"type": "Feature", "geometry": {"type": "MultiPolygon", "coordinates": [[[[129.994682, 33.447334], [129.981667, 33.453082], [129.979166, 33.449854], [129.990749, 33.441114], [129.994679, 33.447289], [129.994682, 33.447334]]], [[[129.993064, 33.43696], [130.002762, 33.438214], [129.992734, 33.437753], [129.993064, 33.43696]]]]}, "properties": {"A27_001": "41202", "A27_002": "唐津市立", "A27_003": "B141220200017", "A27_004": "東唐津小学校", "A27_005": "唐津市東唐津4-4-29"}}, {"type": "Feature", "geometry": {"type": "Polygon", "coordinates": [[[129.894916, 33.490745], [129.899496, 33.497138], [129.897681, 33.497877], [129.897502, 33.500172], [129.903902, 33.498506], [129.904814, 33.495581], [129.902526, 33.492057], [129.906427, 33.491907], [129.906477, 33.488732], [129.909352, 33.487607], [129.924525, 33.491272], [129.924562, 33.493637], [129.927265, 33.493779], [129.925738, 33.495715], [129.926066, 33.498583], [129.929396, 33.496351], [129.930221, 33.497798], [129.935284, 33.496335], [129.939721, 33.498589], [129.939524, 33.508417], [129.938343, 33.509157], [129.932249, 33.506256], [129.928367, 33.514937], [129.923761, 33.515959], [129.924037, 33.517552], [129.917737, 33.520754], [129.919514, 33.528036], [129.922285, 33.531467], [129.915317, 33.537314], [129.910623, 33.537182], [129.912083, 33.543051], [129.911018, 33.54384], [129.90745, 33.542105], [129.902355, 33.5443], [129.901803, 33.536278], [129.898419, 33.534839], [129.899048, 33.530499], [129.894749, 33.531592], [129.895477, 33.529372], [129.893694, 33.527246], [129.887157, 33.525619], [129.885508, 33.52703], [129.881972, 33.525078], [129.88227, 33.523185], [129.886923, 33.522177], [129.882351, 33.5211], [129.88176, 33.51583], [129.879221, 33.513664], [129.881302, 33.51053], [129.88079, 33.501456], [129.883313, 33.500448], [129.884452, 33.496861], [129.888868, 33.492173], [129.894796, 33.490723], [129.894916, 33.490745]]]}, "properties": {"A27_001": "41202", "A27_002": "唐津市立", "A27_003": "B141220200295", "A27_004": "打上小学校", "A27_005": "唐津市鎮西町打上2112-2"}}, {"type": "Feature", "geometry": {"type": "Polygon", "coordinates": [[[129.857867, 33.587729], [129.858692, 33.588715], [129.864303, 33.587531], [129.865953, 33.590519], [129.864789, 33.591709], [129.868377, 33.596274], [129.862329, 33.596776], [129.859534, 33.603089], [129.863285, 33.608636], [129.85886, 33.609284], [129.863272, 33.610868], [129.862652, 33.613286], [129.864895, 33.614639], [129.864686, 33.617396], [129.862531, 33.619008], [129.862356, 33.617514], [129.855951, 33.616731], [129.859716, 33.612818], [129.854671, 33.610113], [129.852422, 33.607012], [129.853344, 33.604121], [129.851014, 33.603619], [129.850805, 33.601471], [129.851953, 33.59939], [129.848879, 33.600575], [129.848199, 33.599442], [129.851802, 33.594977], [129.858596, 33.592178], [129.857823, 33.587678], [129.857867, 33.587729]]]}, "properties": {"A27_001": "41202", "A27_002": "唐津市立", "A27_003": "B141220200286", "A27_004": "加唐小学校", "A27_005": "唐津市鎮西町加唐島25"}}, {"type": "Feature", "geometry": {"type": "Polygon", "coordinates": [[[129.760504, 33.56297], [129.762946, 33.563747], [129.765927, 33.568928], [129.773328, 33.572575], [129.773072, 33.576752], [129.768921, 33.582045], [129.760375, 33.582744], [129.755907, 33.581075], [129.753936, 33.5778], [129.748903, 33.578871], [129.749906, 33.581718], [129.747228, 33.582541], [129.741886, 33.579266], [129.744664, 33.575985], [129.739382, 33.573065], [129.745936, 33.569412], [129.750451, 33.568877], [129.755659, 33.563702], [129.760429, 33.56293], [129.760504, 33.56297]]]}, "properties": {"A27_001": "41202", "A27_002": "唐津市立", "A27_003": "B141220200277", "A27_004": "馬渡小学校", "A27_005": "唐津市鎮西町馬渡島41"}}, {"type": "Feature", "geometry": {"type": "Polygon", "coordinates": [[[129.856855, 33.511409], [129.861355, 33.508644], [129.863915, 33.510139], [129.868534, 33.509066], [129.873712, 33.503288], [129.87727, 33.501202], [129.88079, 33.501456], [129.881302, 33.51053], [129.879221, 33.513664], [129.88176, 33.51583], [129.882385, 33.521336], [129.878892, 33.52274], [129.876006, 33.516331], [129.873934, 33.516884], [129.875394, 33.522988], [129.878167, 33.523584], [129.878152, 33.526522], [129.880521, 33.529115], [129.877607, 33.53669], [129.869136, 33.537216], [129.865738, 33.539296], [129.864284, 33.542335], [129.858853, 33.543399], [129.856439, 33.545982], [129.85942, 33.547137], [129.858047, 33.551354], [129.852226, 33.553648], [129.850894, 33.556416], [129.845902, 33.5561], [129.846204, 33.554572], [129.848189, 33.555401], [129.85137, 33.553778], [129.850114, 33.549454], [129.847698, 33.548541], [129.849004, 33.547515], [129.847207, 33.547357], [129.848398, 33.544037], [129.846568, 33.542402], [129.848593, 33.543253], [129.85144, 33.541557], [129.851924, 33.539725], [129.848156, 33.53756], [129.856426, 33.533299], [129.852389, 33.525988], [129.854369, 33.524572], [129.853593, 33.521918], [129.856971, 33.519337], [129.852994, 33.520345], [129.851454, 33.523214], [129.847019, 33.52517], [129.843931, 33.523975], [129.840176, 33.524775], [129.839874, 33.522368], [129.848571, 33.522145], [129.847329, 33.517718], [129.848627, 33.515813], [129.852409, 33.513412], [129.857065, 33.513474], [129.858054, 33.511929], [129.856884, 33.511433], [129.856855, 33.511409]]]}, "properties": {"A27_001": "41202", "A27_002": "唐津市立", "A27_003": "B141220200268", "A27_004": "名護屋小学校", "A27_005": "唐津市鎮西町名護屋444"}}, {"type": "Feature", "geometry": {"type": "Polygon", "coordinates": [[[129.858727, 33.433354], [129.859951, 33.442664], [129.863367, 33.445449], [129.858096, 33.448816], [129.855606, 33.44701], [129.851513, 33.447248], [129.8495, 33.44463], [129.847739, 33.446242], [129.84466, 33.444151], [129.843275, 33.444901], [129.841467, 33.441091], [129.842641, 33.438517], [129.839328, 33.435018], [129.835229, 33.434424], [129.831273, 33.43873], [129.813521, 33.431862], [129.814942, 33.431344], [129.813806, 33.428705], [129.815346, 33.427054], [129.820294, 33.426857], [129.818996, 33.424297], [129.821497, 33.424512], [129.822701, 33.422917], [129.824992, 33.42401], [129.826902, 33.4214], [129.831609, 33.422031], [129.829021, 33.419664], [129.823333, 33.419247], [129.822098, 33.414585], [129.823502, 33.412026], [129.828216, 33.411897], [129.830526, 33.41423], [129.833152, 33.413977], [129.838303, 33.41117], [129.837826, 33.407759], [129.842607, 33.408289], [129.84479, 33.406525], [129.850289, 33.416251], [129.852861, 33.415649], [129.854688, 33.418367], [129.852947, 33.421208], [129.856203, 33.422337], [129.855304, 33.427438], [129.85856, 33.433358], [129.858727, 33.433354]]]}, "properties": {"A27_001": "41202", "A27_002": "唐津市立", "A27_003": "B141220200259", "A27_004": "田野小学校", "A27_005": "唐津市肥前町田野甲2930-1"}}, {"type": "Feature", "geometry": {"type": "Polygon", "coordinates": [[[129.835625, 33.454026], [129.838972, 33.458485], [129.839275, 33.462217], [129.837332, 33.46428], [129.834542, 33.463947], [129.833339, 33.465711], [129.826032, 33.468417], [129.823551, 33.474313], [129.826711, 33.479121], [129.820963, 33.481212], [129.820251, 33.483811], [129.819162, 33.48265], [129.815142, 33.483422], [129.815404, 33.479617], [129.813992, 33.480908], [129.813025, 33.479403], [129.806464, 33.485727], [129.804118, 33.477593], [129.801429, 33.477604], [129.800717, 33.474555], [129.796045, 33.475485], [129.793773, 33.472283], [129.795796, 33.471229], [129.794714, 33.468247], [129.798331, 33.463766], [129.806431, 33.461985], [129.807873, 33.45802], [129.824677, 33.456168], [129.826396, 33.463882], [129.834742, 33.458677], [129.835427, 33.454301], [129.835625, 33.454026]]]}, "properties": {"A27_001": "41202", "A27_002": "唐津市立", "A27_003": "B141220200240", "A27_004": "納所小学校", "A27_005": "唐津市肥前町納所丁682"}}, {"type": "Feature", "geometry": {"type": "Polygon", "coordinates": [[[129.807873, 33.45802], [129.803655, 33.455153], [129.803446, 33.453248], [129.800408, 33.454849], [129.798849, 33.452898], [129.798747, 33.457239], [129.794338, 33.457216], [129.795212, 33.458755], [129.793867, 33.460023], [129.792922, 33.458516], [129.789996, 33.45898], [129.78449, 33.456026], [129.783401, 33.450846], [129.786171, 33.448174], [129.788981, 33.448992], [129.789851, 33.451289], [129.791174, 33.448377], [129.789055, 33.446641], [129.791266, 33.444849], [129.789546, 33.442064], [129.797397, 33.44353], [129.796355, 33.440745], [129.799541, 33.441923], [129.801767, 33.440418], [129.800879, 33.437724], [129.802755, 33.436117], [129.811164, 33.435396], [129.811232, 33.432989], [129.814597, 33.433062], [129.813521, 33.431862], [129.831273, 33.43873], [129.835229, 33.434424], [129.839328, 33.435018], [129.842287, 33.43765], [129.842844, 33.440282], [129.841501, 33.441389], [129.843457, 33.446873], [129.841534, 33.449427], [129.839101, 33.450706], [129.8366, 33.449201], [129.837918, 33.445261], [129.835, 33.442302], [129.836714, 33.445312], [129.836439, 33.449991], [129.834939, 33.450842], [129.834742, 33.458677], [129.832273, 33.460904], [129.826396, 33.463882], [129.824677, 33.456168], [129.807913, 33.45802], [129.807873, 33.45802]]]}, "properties": {"A27_001": "41202", "A27_002": "唐津市立", "A27_003": "B141220200231", "A27_004": "入野小学校", "A27_005": "唐津市肥前町入野丙619-1"}}, {"type": "Feature", "geometry": {"type": "Polygon", "coordinates": [[[129.858727, 33.433354], [129.855304, 33.427438], [129.856203, 33.422337], [129.852947, 33.421208], [129.854688, 33.418367], [129.852861, 33.415649], [129.850289, 33.416251], [129.845741, 33.407032], [129.852492, 33.405336], [129.853755, 33.403515], [129.855467, 33.40599], [129.860672, 33.405274], [129.861511, 33.4071], [129.858852, 33.407427], [129.860826, 33.410167], [129.858986, 33.411457], [129.862807, 33.412354], [129.864654, 33.410635], [129.863929, 33.408188], [129.866695, 33.40949], [129.863895, 33.406108], [129.867877, 33.408239], [129.868556, 33.405889], [129.866655, 33.405088], [129.870678, 33.404879], [129.866568, 33.404141], [129.867965, 33.402495], [129.866615, 33.401261], [129.86869, 33.399913], [129.865749, 33.398656], [129.866401, 33.396035], [129.870712, 33.396684], [129.869611, 33.395607], [129.871766, 33.393583], [129.870705, 33.391469], [129.870013, 33.393736], [129.864876, 33.393189], [129.868992, 33.392746], [129.874811, 33.387314], [129.877967, 33.388942], [129.88203, 33.388674], [129.883687, 33.390633], [129.879622, 33.400227], [129.881887, 33.40198], [129.881868, 33.407381], [129.891062, 33.40629], [129.902969, 33.412563], [129.900438, 33.41693], [129.893824, 33.418515], [129.900395, 33.419917], [129.902297, 33.422321], [129.902984, 33.425465], [129.89985, 33.426658], [129.901759, 33.427913], [129.8987, 33.427993], [129.898769, 33.430119], [129.90395, 33.42897], [129.898987, 33.431217], [129.900988, 33.433552], [129.898783, 33.43439], [129.896769, 33.438925], [129.89715, 33.440416], [129.90016, 33.43961], [129.901733, 33.441912], [129.891921, 33.443661], [129.887942, 33.441303], [129.880707, 33.441059], [129.879138, 33.432738], [129.874898, 33.430538], [129.872072, 33.430805], [129.871188, 33.434656], [129.866394, 33.43651], [129.865026, 33.433875], [129.861119, 33.434802], [129.858941, 33.433291], [129.858727, 33.433354]]]}, "properties": {"A27_001": "41202", "A27_002": "唐津市立", "A27_003": "B141220200222", "A27_004": "切木小学校", "A27_005": "唐津市肥前町大字万賀里川233-2"}}, {"type": "Feature", "geometry": {"type": "Polygon", "coordinates": [[[129.913394, 33.402348], [129.916253, 33.398074], [129.919555, 33.39636], [129.920585, 33.393223], [129.917078, 33.388446], [129.917583, 33.382566], [129.914737, 33.377261], [129.917604, 33.374596], [129.92019, 33.367066], [129.9193, 33.364408], [129.923118, 33.365597], [129.922981, 33.361862], [129.925896, 33.357547], [129.930062, 33.357319], [129.932208, 33.351028], [129.935877, 33.347458], [129.938509, 33.347155], [129.937962, 33.345875], [129.945122, 33.34529], [129.945947, 33.339697], [129.950214, 33.335244], [129.95327, 33.324834], [129.955375, 33.32293], [129.959797, 33.327787], [129.958577, 33.333586], [129.95672, 33.335472], [129.958122, 33.337363], [129.955252, 33.341504], [129.955537, 33.345581], [129.959209, 33.347813], [129.962756, 33.346278], [129.962475, 33.348848], [129.965584, 33.35363], [129.974524, 33.357181], [129.972299, 33.361414], [129.978483, 33.364029], [129.978021, 33.371381], [129.976649, 33.371883], [129.975065, 33.380464], [129.966574, 33.379353], [129.961569, 33.384477], [129.961796, 33.386768], [129.95324, 33.391085], [129.94897, 33.3864], [129.946163, 33.386577], [129.942838, 33.38886], [129.942013, 33.39136], [129.944213, 33.39253], [129.944917, 33.39586], [129.941388, 33.396384], [129.93845, 33.399612], [129.938725, 33.403058], [129.936429, 33.404076], [129.932839, 33.402458], [129.923862, 33.402285], [129.922242, 33.405111], [129.918228, 33.406776], [129.915667, 33.402906], [129.913515, 33.402363], [129.913394, 33.402348]]]}, "properties": {"A27_001": "41202", "A27_002": "唐津市立", "A27_003": "B141220200213", "A27_004": "北波多小学校", "A27_005": "唐津市北波多徳須恵416"}}, {"type": "Feature", "geometry": {"type": "Polygon", "coordinates": [[[129.986602, 33.383714], [129.98829, 33.380557], [129.998309, 33.375564], [130.002027, 33.367561], [130.008838, 33.362756], [130.008198, 33.358535], [130.023784, 33.356462], [130.028863, 33.357582], [130.035938, 33.354915], [130.047336, 33.355067], [130.049505, 33.350368], [130.059003, 33.345573], [130.062037, 33.34563], [130.065743, 33.352033], [130.065506, 33.356366], [130.069149, 33.36373], [130.068231, 33.366668], [130.060861, 33.36488], [130.053396, 33.369444], [130.054572, 33.373013], [130.051534, 33.375939], [130.052362, 33.378079], [130.050678, 33.379897], [130.037613, 33.380375], [130.035779, 33.378157], [130.028128, 33.375469], [130.02062, 33.375689], [130.017683, 33.379572], [130.017726, 33.382705], [130.011621, 33.386837], [130.010696, 33.390703], [130.004419, 33.39563], [130.003741, 33.39266], [130.000193, 33.389366], [129.995302, 33.38834], [129.99272, 33.383776], [129.988958, 33.382163], [129.986785, 33.383612], [129.986602, 33.383714]]]}, "properties": {"A27_001": "41202", "A27_002": "唐津市立", "A27_003": "B141220200204", "A27_004": "伊岐佐小学校", "A27_005": "唐津市相知町伊岐佐甲60"}}, {"type": "Feature", "geometry": {"type": "Polygon", "coordinates": [[[129.962756, 33.346278], [129.963835, 33.342974], [129.965375, 33.342789], [129.964737, 33.33987], [129.967802, 33.336165], [129.971823, 33.33493], [129.975286, 33.33139], [129.978902, 33.330867], [129.982086, 33.326414], [129.989032, 33.325486], [129.99096, 33.328264], [130.00022, 33.320352], [130.007844, 33.316827], [130.009058, 33.315307], [130.007741, 33.308806], [130.011919, 33.297977], [130.014547, 33.294282], [130.019492, 33.29296], [130.021856, 33.28647], [130.027507, 33.280864], [130.036504, 33.277958], [130.04496, 33.286115], [130.050995, 33.286555], [130.051882, 33.288761], [130.042574, 33.297622], [130.042445, 33.301555], [130.038182, 33.3025], [130.038294, 33.311755], [130.030237, 33.312983], [130.02696, 33.322649], [130.023994, 33.324039], [130.02756, 33.330159], [130.027832, 33.334011], [130.030793, 33.332817], [130.035803, 33.33487], [130.03913, 33.33438], [130.039453, 33.331572], [130.036183, 33.325782], [130.041396, 33.321164], [130.046295, 33.324937], [130.056641, 33.324302], [130.059006, 33.328553], [130.061857, 33.329217], [130.065218, 33.326489], [130.067505, 33.33147], [130.067605, 33.336277], [130.065143, 33.338435], [130.064313, 33.34296], [130.062037, 33.34563], [130.058129, 33.345739], [130.051635, 33.348807], [130.047336, 33.355067], [130.035938, 33.354915], [130.028863, 33.357582], [130.023784, 33.356462], [130.008198, 33.358535], [130.008838, 33.362756], [130.002027, 33.367561], [129.998309, 33.375564], [129.98829, 33.380557], [129.983934, 33.386117], [129.983831, 33.38483], [129.978711, 33.383445], [129.974307, 33.37962], [129.976649, 33.371883], [129.978021, 33.371381], [129.978483, 33.364029], [129.972299, 33.361414], [129.974524, 33.357181], [129.965584, 33.35363], [129.962475, 33.348848], [129.962712, 33.346332], [129.962756, 33.346278]]]}, "properties": {"A27_001": "41202", "A27_002": "唐津市立", "A27_003": "B141220200197", "A27_004": "相知小学校", "A27_005": "唐津市相知町相知1810-1"}}, {"type": "Feature", "geometry": {"type": "Polygon", "coordinates": [[[130.067724, 33.334619], [130.065218, 33.326489], [130.061857, 33.329217], [130.059006, 33.328553], [130.056641, 33.324302], [130.046295, 33.324937], [130.041521, 33.321145], [130.036163, 33.325866], [130.039196, 33.329263], [130.03913, 33.33438], [130.035404, 33.334826], [130.030793, 33.332817], [130.027944, 33.33408], [130.02756, 33.330159], [130.023994, 33.324039], [130.02696, 33.322649], [130.030237, 33.312983], [130.038294, 33.311755], [130.038231, 33.302457], [130.042445, 33.301555], [130.042733, 33.29942], [130.048538, 33.302136], [130.055493, 33.30096], [130.060828, 33.305664], [130.060927, 33.309404], [130.064806, 33.31273], [130.064534, 33.315633], [130.066907, 33.320354], [130.070624, 33.321255], [130.071803, 33.325956], [130.068256, 33.334423], [130.067724, 33.334619]]]}, "properties": {"A27_001": "41202", "A27_002": "唐津市立", "A27_003": "B141220200188", "A27_004": "箞木小学校", "A27_005": "唐津市厳木町箞木306"}}, {"type": "Feature", "geometry": {"type": "Polygon", "coordinates": [[[130.059826, 33.293273], [130.063318, 33.297215], [130.073834, 33.299702], [130.077718, 33.302191], [130.078165, 33.30606], [130.08235, 33.306669], [130.086114, 33.312228], [130.09778, 33.31444], [130.11194, 33.325064], [130.116773, 33.326901], [130.119795, 33.333248], [130.127467, 33.339758], [130.142964, 33.339009], [130.140919, 33.346683], [130.142325, 33.349929], [130.145741, 33.352034], [130.14619, 33.355432], [130.14476, 33.357293], [130.144581, 33.364582], [130.139432, 33.372197], [130.141277, 33.380941], [130.137772, 33.384206], [130.135447, 33.385623], [130.13331, 33.384681], [130.128261, 33.37669], [130.121374, 33.378315], [130.11565, 33.382581], [130.115924, 33.386822], [130.110357, 33.388048], [130.106056, 33.395166], [130.10222, 33.396281], [130.101301, 33.398704], [130.103558, 33.400633], [130.100924, 33.401273], [130.101369, 33.405403], [130.095251, 33.405944], [130.094695, 33.403712], [130.097088, 33.401361], [130.094736, 33.393872], [130.091401, 33.393764], [130.083988, 33.387017], [130.07943, 33.386509], [130.077348, 33.38339], [130.082189, 33.377098], [130.080558, 33.374886], [130.084488, 33.370526], [130.084753, 33.365222], [130.081829, 33.363375], [130.079947, 33.366697], [130.07611, 33.368208], [130.071701, 33.36875], [130.06879, 33.36717], [130.068255, 33.36016], [130.065506, 33.356366], [130.065743, 33.352033], [130.062002, 33.345553], [130.07037, 33.331558], [130.071803, 33.325956], [130.070624, 33.321255], [130.066907, 33.320354], [130.064534, 33.315633], [130.064806, 33.31273], [130.060927, 33.309404], [130.061144, 33.306299], [130.057192, 33.301856], [130.053148, 33.300905], [130.048538, 33.302136], [130.042733, 33.29942], [130.04266, 33.297508], [130.051882, 33.288761], [130.055377, 33.288965], [130.059813, 33.293212], [130.059826, 33.293273]]]}, "properties": {"A27_001": "41202", "A27_002": "唐津市立", "A27_003": "B141220200179", "A27_004": "厳木小学校", "A27_005": "唐津市厳木町牧瀬44-1"}}, {"type": "Feature", "geometry": {"type": "Polygon", "coordinates": [[[130.168786, 33.467646], [130.164617, 33.469333], [130.163929, 33.472346], [130.159126, 33.475739], [130.150742, 33.47762], [130.145953, 33.474483], [130.142771, 33.474454], [130.138966, 33.470398], [130.129559, 33.475626], [130.113576, 33.475192], [130.107346, 33.477829], [130.10313, 33.475887], [130.101429, 33.471191], [130.093658, 33.468943], [130.073555, 33.469154], [130.068069, 33.472504], [130.063661, 33.471014], [130.064423, 33.465243], [130.067347, 33.462319], [130.068527, 33.462777], [130.073525, 33.448816], [130.079835, 33.441127], [130.087929, 33.440119], [130.087708, 33.436696], [130.090202, 33.432783], [130.093548, 33.433726], [130.097302, 33.432594], [130.103177, 33.427796], [130.102823, 33.423504], [130.107644, 33.420981], [130.106614, 33.408546], [130.100588, 33.408636], [130.097514, 33.40627], [130.101742, 33.405398], [130.113628, 33.40801], [130.116938, 33.410738], [130.124325, 33.407865], [130.124778, 33.403864], [130.121015, 33.398685], [130.122019, 33.395815], [130.11472, 33.387508], [130.116324, 33.385964], [130.11565, 33.382581], [130.126511, 33.376374], [130.128536, 33.376807], [130.13331, 33.384681], [130.135747, 33.385506], [130.141277, 33.380941], [130.147974, 33.388451], [130.151317, 33.389215], [130.15393, 33.391692], [130.153566, 33.394995], [130.15777, 33.400796], [130.155889, 33.402769], [130.156247, 33.409149], [130.164512, 33.409416], [130.170347, 33.415281], [130.170491, 33.416835], [130.166652, 33.417408], [130.166546, 33.415558], [130.15953, 33.415851], [130.158317, 33.419073], [130.156432, 33.419778], [130.157861, 33.422132], [130.163744, 33.423465], [130.167943, 33.431594], [130.166573, 33.4373], [130.168791, 33.43818], [130.167947, 33.44448], [130.17006, 33.449058], [130.169237, 33.451627], [130.165118, 33.453356], [130.164492, 33.455265], [130.170001, 33.463372], [130.168778, 33.467616], [130.168786, 33.467646]]]}, "properties": {"A27_001": "41202", "A27_002": "唐津市立", "A27_003": "B141220200160", "A27_004": "七山小学校", "A27_005": "唐津市七山藤川2263-1"}}, {"type": "Feature", "geometry": {"type": "MultiPolygon", "coordinates": [[[[130.11472, 33.387508], [130.120605, 33.392949], [130.122019, 33.395815], [130.121015, 33.398685], [130.124821, 33.403997], [130.123115, 33.409149], [130.116938, 33.410738], [130.113707, 33.408033], [130.103648, 33.406586], [130.10115, 33.404594], [130.100973, 33.401185], [130.103558, 33.400633], [130.101301, 33.398704], [130.10222, 33.396281], [130.106056, 33.395166], [130.110357, 33.388048], [130.114696, 33.387474], [130.11472, 33.387508]]], [[[130.055216, 33.432624], [130.054015, 33.432544], [130.054401, 33.430275], [130.06146, 33.426025], [130.061667, 33.421086], [130.067192, 33.4203], [130.065928, 33.418046], [130.067372, 33.417944], [130.068985, 33.414506], [130.066779, 33.410021], [130.069752, 33.40642], [130.067732, 33.403904], [130.070029, 33.397966], [130.069253, 33.394474], [130.073828, 33.393593], [130.077787, 33.387933], [130.083741, 33.386895], [130.091401, 33.393764], [130.094736, 33.393872], [130.097088, 33.401361], [130.094695, 33.403712], [130.095251, 33.405944], [130.100588, 33.408636], [130.106614, 33.408546], [130.107644, 33.420981], [130.102823, 33.423504], [130.103177, 33.427796], [130.097302, 33.432594], [130.0924, 33.433512], [130.090064, 33.430204], [130.089045, 33.431724], [130.08606, 33.430762], [130.083557, 33.434184], [130.081019, 33.43116], [130.081721, 33.435088], [130.07972, 33.438396], [130.075959, 33.435123], [130.077957, 33.430894], [130.058338, 33.430683], [130.058213, 33.433114], [130.055484, 33.432561], [130.055216, 33.432624]]]]}, "properties": {"A27_001": "41202", "A27_002": "唐津市立", "A27_003": "B141220200151", "A27_004": "平原小学校", "A27_005": "唐津市浜玉町平原乙97-1"}}, {"type": "Feature", "geometry": {"type": "Polygon", "coordinates": [[[130.063661, 33.471014], [130.058725, 33.471031], [130.058648, 33.467127], [130.057221, 33.466473], [130.057412, 33.463763], [130.055575, 33.462647], [130.056163, 33.460984], [130.053952, 33.457098], [130.050756, 33.452763], [130.047791, 33.453408], [130.050085, 33.449709], [130.055145, 33.446322], [130.052852, 33.441486], [130.055031, 33.439004], [130.0529, 33.437906], [130.055369, 33.434972], [130.055216, 33.432624], [130.058213, 33.433114], [130.058338, 33.430683], [130.077957, 33.430894], [130.075959, 33.435123], [130.07972, 33.438396], [130.081721, 33.435088], [130.081019, 33.43116], [130.083557, 33.434184], [130.086135, 33.430724], [130.089045, 33.431724], [130.091209, 33.43043], [130.091534, 33.432311], [130.087708, 33.436696], [130.087929, 33.440119], [130.079835, 33.441127], [130.073525, 33.448816], [130.069198, 33.461623], [130.064423, 33.465243], [130.063672, 33.47101], [130.063661, 33.471014]]]}, "properties": {"A27_001": "41202", "A27_002": "唐津市立", "A27_003": "B141220200142", "A27_004": "玉島小学校", "A27_005": "唐津市浜玉町五反田823"}}, {"type": "Feature", "geometry": {"type": "Polygon", "coordinates": [[[130.058725, 33.471031], [130.044925, 33.467437], [130.039571, 33.469765], [130.035696, 33.465698], [130.036184, 33.460218], [130.036948, 33.461137], [130.041507, 33.457051], [130.040151, 33.454222], [130.028899, 33.447936], [130.020363, 33.446306], [130.018158, 33.436153], [130.021872, 33.42972], [130.024999, 33.430559], [130.031699, 33.424109], [130.034603, 33.423892], [130.033187, 33.42059], [130.034173, 33.417898], [130.037106, 33.414902], [130.042092, 33.41353], [130.041449, 33.410448], [130.044099, 33.407244], [130.048669, 33.405887], [130.049381, 33.402995], [130.052431, 33.401095], [130.060255, 33.401578], [130.061394, 33.399084], [130.066586, 33.396382], [130.066647, 33.393527], [130.062636, 33.393917], [130.057379, 33.386295], [130.054216, 33.386645], [130.053731, 33.38083], [130.050994, 33.380564], [130.052362, 33.378079], [130.051534, 33.375939], [130.054572, 33.373013], [130.053396, 33.369444], [130.061048, 33.364858], [130.073525, 33.368762], [130.079947, 33.366697], [130.081829, 33.363375], [130.084753, 33.365222], [130.084488, 33.370526], [130.081411, 33.372918], [130.080558, 33.374886], [130.082189, 33.377098], [130.077348, 33.38339], [130.07943, 33.386509], [130.081564, 33.385765], [130.082689, 33.386982], [130.077787, 33.387933], [130.073828, 33.393593], [130.069253, 33.394474], [130.070029, 33.397966], [130.067732, 33.403904], [130.069752, 33.40642], [130.066779, 33.410021], [130.068985, 33.414506], [130.067372, 33.417944], [130.065928, 33.418046], [130.067192, 33.4203], [130.061667, 33.421086], [130.06146, 33.426025], [130.054401, 33.430275], [130.05544, 33.434709], [130.0529, 33.437906], [130.055031, 33.439004], [130.052852, 33.441486], [130.055145, 33.446322], [130.050085, 33.449709], [130.047791, 33.453408], [130.050756, 33.452763], [130.053952, 33.457098], [130.056163, 33.460984], [130.055575, 33.462647], [130.057412, 33.463763], [130.057221, 33.466473], [130.058648, 33.467127], [130.058715, 33.471002], [130.058725, 33.471031]], [[130.026825, 33.442275], [130.027892, 33.441281], [130.02684, 33.441903], [130.026825, 33.442275]]]}, "properties": {"A27_001": "41202", "A27_002": "唐津市立", "A27_003": "B141220200133", "A27_004": "浜崎小学校", "A27_005": "唐津市浜玉町浜崎451"}}, {"type": "Feature", "geometry": {"type": "Polygon", "coordinates": [[[129.993337, 33.436344], [129.99336, 33.429293], [129.988918, 33.421677], [129.991954, 33.420425], [129.991193, 33.416752], [129.999419, 33.414632], [129.995109, 33.4133], [129.994093, 33.409837], [129.997625, 33.40872], [130.000207, 33.400943], [130.003919, 33.400057], [130.004419, 33.39563], [130.017726, 33.382705], [130.02062, 33.375689], [130.028128, 33.375469], [130.037613, 33.380375], [130.053731, 33.38083], [130.054216, 33.386645], [130.057379, 33.386295], [130.062974, 33.394121], [130.066647, 33.393527], [130.065843, 33.397543], [130.061394, 33.399084], [130.060507, 33.401445], [130.055081, 33.400579], [130.049994, 33.402445], [130.048669, 33.405887], [130.042911, 33.408272], [130.042092, 33.41353], [130.034173, 33.417898], [130.034603, 33.423892], [130.031699, 33.424109], [130.024999, 33.430559], [130.021872, 33.42972], [130.018136, 33.436385], [130.020363, 33.446306], [129.994682, 33.447334], [129.990873, 33.440961], [129.995245, 33.442687], [130.002762, 33.438214], [129.993064, 33.43696], [129.993337, 33.436344]]]}, "properties": {"A27_001": "41202", "A27_002": "唐津市立", "A27_003": "B141220200124", "A27_004": "鏡山小学校", "A27_005": "唐津市鏡1231"}}, {"type": "Feature", "geometry": {"type": "MultiPolygon", "coordinates": [[[[129.952118, 33.501797], [129.953244, 33.504428], [129.964736, 33.505646], [129.969144, 33.511062], [129.968706, 33.513052], [129.961601, 33.513965], [129.956521, 33.517866], [129.956143, 33.519787], [129.9579, 33.521033], [129.955908, 33.524917], [129.957832, 33.52609], [129.957697, 33.529494], [129.951399, 33.530706], [129.950541, 33.528219], [129.946925, 33.528017], [129.929975, 33.536443], [129.92893, 33.538485], [129.933272, 33.549159], [129.928286, 33.550506], [129.928427, 33.545907], [129.917062, 33.541424], [129.918437, 33.535327], [129.92231, 33.531264], [129.919514, 33.528036], [129.917737, 33.520754], [129.924037, 33.517552], [129.923761, 33.515959], [129.928367, 33.514937], [129.932249, 33.506256], [129.938343, 33.509157], [129.941672, 33.50542], [129.945806, 33.505615], [129.946565, 33.503271], [129.951293, 33.502312], [129.952118, 33.501797]]], [[[129.97381, 33.543569], [129.968267, 33.541686], [129.964419, 33.537932], [129.965408, 33.537194], [129.969573, 33.540773], [129.971719, 33.539229], [129.969809, 33.538456], [129.970142, 33.535734], [129.964379, 33.529691], [129.967346, 33.527003], [129.973853, 33.528469], [129.977392, 33.532239], [129.978159, 33.53884], [129.973846, 33.543597], [129.97381, 33.543569]]]]}, "properties": {"A27_001": "41202", "A27_002": "唐津市立", "A27_003": "B141220200115", "A27_004": "湊小学校", "A27_005": "唐津市湊町1291-2"}}, {"type": "Feature", "geometry": {"type": "Polygon", "coordinates": [[[129.905049, 33.471032], [129.894722, 33.465477], [129.894487, 33.463829], [129.897917, 33.46438], [129.898869, 33.46319], [129.898217, 33.460171], [129.894303, 33.458263], [129.896617, 33.454641], [129.894468, 33.455357], [129.892286, 33.452229], [129.890702, 33.454743], [129.889006, 33.454536], [129.888035, 33.451503], [129.889307, 33.449713], [129.886983, 33.443196], [129.901697, 33.441939], [129.899332, 33.439177], [129.897129, 33.440407], [129.898861, 33.434312], [129.905049, 33.433508], [129.910043, 33.428763], [129.917843, 33.428384], [129.91812, 33.433585], [129.921923, 33.442676], [129.923778, 33.442925], [129.926728, 33.448081], [129.922571, 33.457751], [129.913813, 33.460622], [129.907447, 33.459642], [129.909836, 33.466875], [129.906946, 33.468851], [129.905049, 33.471032]]]}, "properties": {"A27_001": "41202", "A27_002": "唐津市立", "A27_003": "B141220200106", "A27_004": "大良小学校", "A27_005": "唐津市大良526-1"}}, {"type": "Feature", "geometry": {"type": "Polygon", "coordinates": [[[130.059826, 33.293273], [130.055377, 33.288965], [130.051862, 33.288752], [130.050737, 33.28618], [130.04496, 33.286115], [130.036813, 33.278045], [130.034508, 33.277587], [130.027632, 33.280844], [130.025258, 33.276121], [130.026026, 33.271347], [130.023197, 33.267374], [130.02221, 33.261905], [130.022953, 33.258126], [130.025713, 33.2572], [130.028451, 33.253402], [130.027452, 33.249833], [130.043908, 33.250694], [130.052245, 33.240286], [130.055493, 33.238669], [130.064137, 33.243946], [130.069498, 33.239507], [130.074534, 33.240218], [130.079229, 33.237077], [130.095726, 33.238757], [130.104005, 33.235068], [130.11168, 33.239277], [130.104824, 33.249232], [130.104059, 33.255113], [130.105306, 33.257504], [130.108965, 33.258332], [130.111057, 33.262535], [130.110727, 33.270223], [130.10551, 33.272521], [130.106083, 33.275859], [130.103498, 33.27951], [130.094376, 33.28258], [130.087188, 33.287077], [130.079516, 33.287494], [130.079312, 33.288959], [130.077041, 33.284161], [130.073689, 33.282317], [130.067185, 33.289211], [130.059968, 33.293206], [130.059826, 33.293273]]]}, "properties": {"A27_001": "41204", "A27_002": "多久市立", "A27_003": "C241220400030", "A27_004": "義務教育学校東原庠舎西渓校", "A27_005": "多久市多久町1784-1"}}, {"type": "Feature", "geometry": {"type": "Polygon", "coordinates": [[[130.143068, 33.308675], [130.138443, 33.300235], [130.135746, 33.298787], [130.137949, 33.299089], [130.137648, 33.294811], [130.132873, 33.290331], [130.134815, 33.28948], [130.13312, 33.286432], [130.141442, 33.271581], [130.140806, 33.266145], [130.153775, 33.260985], [130.156179, 33.258347], [130.154397, 33.257378], [130.154088, 33.2546], [130.158882, 33.254089], [130.165706, 33.243716], [130.16881, 33.243909], [130.169885, 33.245614], [130.173274, 33.244325], [130.175852, 33.246623], [130.181562, 33.246356], [130.179041, 33.248304], [130.182798, 33.250452], [130.181106, 33.256267], [130.174291, 33.265005], [130.169897, 33.266889], [130.170699, 33.269363], [130.165502, 33.277971], [130.163154, 33.2791], [130.171834, 33.283201], [130.168778, 33.287937], [130.163188, 33.288895], [130.161559, 33.291494], [130.157251, 33.292979], [130.155579, 33.299508], [130.158193, 33.302039], [130.152804, 33.307743], [130.150453, 33.307599], [130.147675, 33.310224], [130.143802, 33.308902], [130.143068, 33.308675]]]}, "properties": {"A27_001": "41204", "A27_002": "多久市立", "A27_003": "C241220400021", "A27_004": "義務教育学校東原庠舎東部校", "A27_005": "多久市東多久町大字別府3182"}}, {"type": "Feature", "geometry": {"type": "Polygon", "coordinates": [[[130.059826, 33.293273], [130.067185, 33.289211], [130.073689, 33.282317], [130.077041, 33.284161], [130.079312, 33.288959], [130.079516, 33.287494], [130.087188, 33.287077], [130.094376, 33.28258], [130.103498, 33.27951], [130.106083, 33.275859], [130.10551, 33.272521], [130.110593, 33.270536], [130.111518, 33.265298], [130.108965, 33.258332], [130.104415, 33.256726], [130.104436, 33.250336], [130.111627, 33.239331], [130.115394, 33.236641], [130.125558, 33.234257], [130.128172, 33.23579], [130.126299, 33.237599], [130.127025, 33.238907], [130.132602, 33.240494], [130.135037, 33.247074], [130.150144, 33.244609], [130.149112, 33.246387], [130.150132, 33.248891], [130.154276, 33.249084], [130.154782, 33.251254], [130.158514, 33.253958], [130.154088, 33.2546], [130.154397, 33.257378], [130.156179, 33.258347], [130.153152, 33.261475], [130.140806, 33.266145], [130.141442, 33.271581], [130.13312, 33.286432], [130.135002, 33.288711], [130.132873, 33.290331], [130.137807, 33.295426], [130.137949, 33.299089], [130.135746, 33.298787], [130.138443, 33.300235], [130.143068, 33.308675], [130.141631, 33.311543], [130.137291, 33.311524], [130.138529, 33.318133], [130.136508, 33.320383], [130.139751, 33.323865], [130.138512, 33.334753], [130.142811, 33.338878], [130.127467, 33.339758], [130.119795, 33.333248], [130.116773, 33.326901], [130.11194, 33.325064], [130.09778, 33.31444], [130.086114, 33.312228], [130.08235, 33.306669], [130.078165, 33.30606], [130.077718, 33.302191], [130.073834, 33.299702], [130.063318, 33.297215], [130.059831, 33.293294], [130.059826, 33.293273]]]}, "properties": {"A27_001": "41204", "A27_002": "多久市立", "A27_003": "C241220400012", "A27_004": "義務教育学校東原庠舎中央校", "A27_005": "南多久町大字下多久2286-13"}}, {"type": "Feature", "geometry": {"type": "Polygon", "coordinates": [[[130.159625, 33.188711], [130.16744, 33.192175], [130.166299, 33.200046], [130.168099, 33.202507], [130.173503, 33.202749], [130.178051, 33.200153], [130.181735, 33.199973], [130.187722, 33.205755], [130.193297, 33.208092], [130.199404, 33.205826], [130.201583, 33.210412], [130.199182, 33.214297], [130.194452, 33.213917], [130.191679, 33.215861], [130.190149, 33.221653], [130.184573, 33.219889], [130.181476, 33.224297], [130.180273, 33.223716], [130.178957, 33.227778], [130.173469, 33.228917], [130.170951, 33.227738], [130.16738, 33.229654], [130.161863, 33.229042], [130.159243, 33.232719], [130.159811, 33.237439], [130.164469, 33.240262], [130.165706, 33.243716], [130.158808, 33.254112], [130.154782, 33.251254], [130.154276, 33.249084], [130.14939905312394, 33.24836519819553], [130.14967520164942, 33.24401178431657], [130.1444798964302, 33.24651915263695], [130.1407669005722, 33.244184766214175], [130.14111509738404, 33.247315729837226], [130.1390670038394, 33.24693189199337], [130.13759749722692, 33.244076801703216], [130.13487749679916, 33.247506810591005], [130.132602, 33.240494], [130.126299, 33.237673], [130.128201, 33.235943], [130.125558, 33.234257], [130.126469, 33.229647], [130.124888, 33.226586], [130.127632, 33.226307], [130.130102, 33.221777], [130.136279, 33.218529], [130.135671, 33.217111], [130.137751, 33.215823], [130.134138, 33.213735], [130.134945, 33.208653], [130.142029, 33.204815], [130.141228, 33.202721], [130.135817, 33.200207], [130.13633, 33.196726], [130.153706, 33.193011], [130.159456, 33.188768], [130.159625, 33.188711]]]}, "properties": {"A27_001": "41424", "A27_002": "江北町立", "A27_003": "B141242400019", "A27_004": "江北小学校", "A27_005": "杵島郡江北町大字山口1128"}}, {"type": "Feature", "geometry": {"type": "Polygon", "coordinates": [[[129.8414, 33.585344], [129.845221, 33.585529], [129.847801, 33.590316], [129.846939, 33.591448], [129.843296, 33.591584], [129.839969, 33.588061], [129.837315, 33.589577], [129.835597, 33.588545], [129.835156, 33.585732], [129.836757, 33.583878], [129.841386, 33.585344], [129.8414, 33.585344]]]}, "properties": {"A27_001": "41202", "A27_002": "唐津市立", "A27_003": "B141220200320", "A27_004": "加唐小学校松島分校", "A27_005": "唐津市鎮西町松島3531-6"}}, {"type": "Feature", "geometry": {"type": "Polygon", "coordinates": [[[129.89865, 33.595632], [129.901311, 33.593614], [129.903014, 33.595327], [129.901115, 33.598139], [129.903277, 33.599639], [129.903647, 33.602159], [129.898273, 33.604272], [129.893417, 33.599481], [129.893269, 33.596973], [129.895141, 33.596099], [129.893377, 33.593027], [129.898852, 33.594521], [129.898637, 33.595642], [129.89865, 33.595632]]]}, "properties": {"A27_001": "41202", "A27_002": "唐津市立", "A27_003": "B141220200311", "A27_004": "小川小学校", "A27_005": "唐津市呼子町小川島841"}}, {"type": "Feature", "geometry": {"type": "MultiPolygon", "coordinates": [[[[129.911018, 33.54384], [129.909009, 33.549435], [129.904757, 33.548099], [129.90623, 33.544959], [129.902294, 33.546244], [129.901265, 33.545213], [129.897248, 33.549389], [129.890822, 33.547141], [129.890317, 33.544435], [129.891131, 33.5459], [129.894697, 33.539937], [129.894624, 33.537181], [129.89207, 33.53616], [129.891226, 33.53731], [129.893177, 33.53939], [129.891199, 33.541532], [129.882781, 33.540529], [129.884732, 33.537801], [129.881974, 33.534216], [129.883762, 33.530403], [129.882203, 33.527469], [129.887157, 33.525619], [129.893694, 33.527246], [129.895477, 33.529372], [129.894749, 33.531592], [129.899048, 33.530499], [129.898419, 33.534839], [129.901803, 33.536278], [129.902355, 33.5443], [129.905209, 33.544101], [129.906802, 33.542171], [129.909999, 33.542892], [129.911018, 33.54384]]], [[[129.917308, 33.541777], [129.912083, 33.543051], [129.910623, 33.537182], [129.915095, 33.537374], [129.916166, 33.53555], [129.918417, 33.535521], [129.917062, 33.541424], [129.917308, 33.541777]]], [[[129.890371, 33.553298], [129.893022, 33.556102], [129.8884, 33.555928], [129.889658, 33.55971], [129.882889, 33.567223], [129.881086, 33.567466], [129.878697, 33.56644], [129.879001, 33.563194], [129.873879, 33.559512], [129.875714, 33.554561], [129.874202, 33.551745], [129.876582, 33.5498], [129.873745, 33.546779], [129.871646, 33.547098], [129.87532, 33.543764], [129.881066, 33.544547], [129.880743, 33.546971], [129.885318, 33.548138], [129.890377, 33.553132], [129.890371, 33.553298]]]]}, "properties": {"A27_001": "41202", "A27_002": "唐津市立", "A27_003": "B141220200302", "A27_004": "呼子小学校", "A27_005": "唐津市呼子町呼子3000-1"}}, {"type": "Feature", "geometry": {"type": "Polygon", "coordinates": [[[129.776788, 33.488641], [129.779462, 33.491989], [129.774212, 33.495162], [129.772612, 33.492507], [129.774581, 33.49173], [129.773929, 33.488229], [129.7768, 33.488629], [129.776788, 33.488641]]]}, "properties": {"A27_001": "41202", "A27_002": "唐津市立", "A27_003": "B141220200366", "A27_004": "入野小学校向島分校", "A27_005": "唐津市肥前町向島194"}}, {"type": "Feature", "geometry": {"type": "Polygon", "coordinates": [[[130.026825, 33.442275], [130.027598, 33.441173], [130.027409, 33.442361], [130.026825, 33.442275]]]}, "properties": {"A27_001": "41202", "A27_002": "唐津市立", "A27_003": "B141220200357", "A27_004": "浜崎小学校虹の松原分校", "A27_005": "唐津市浜玉町浜崎1901-456"}}, {"type": "Feature", "geometry": {"type": "Polygon", "coordinates": [[[129.963069, 33.45943], [129.959984, 33.457279], [129.95972, 33.453129], [129.961118, 33.448614], [129.965064, 33.447437], [129.963313, 33.444404], [129.97245, 33.445054], [129.972008, 33.44758], [129.973866, 33.450787], [129.979166, 33.449854], [129.980178, 33.451449], [129.978535, 33.455316], [129.969691, 33.455206], [129.963456, 33.45927], [129.963069, 33.45943]]]}, "properties": {"A27_001": "41202", "A27_002": "唐津市立", "A27_003": "B141220200348", "A27_004": "大志小学校", "A27_005": "唐津市西城内4-43"}}, {"type": "Feature", "geometry": {"type": "Polygon", "coordinates": [[[129.993337, 33.436344], [129.983736, 33.432094], [129.975538, 33.439175], [129.972725, 33.444909], [129.970178, 33.444955], [129.972759, 33.441167], [129.970441, 33.438496], [129.975232, 33.438844], [129.973515, 33.435774], [129.976586, 33.431506], [129.971199, 33.429573], [129.975038, 33.42463], [129.973357, 33.424843], [129.973614, 33.420279], [129.989509, 33.422679], [129.993192, 33.42874], [129.993529, 33.435782], [129.993337, 33.436344]]]}, "properties": {"A27_001": "41202", "A27_002": "唐津市立", "A27_003": "B141220200339", "A27_004": "成和小学校", "A27_005": "唐津市和多田本村8-80"}}, {"type": "Feature", "geometry": {"type": "Polygon", "coordinates": [[[130.101704, 33.090711], [130.099806, 33.087853], [130.099785, 33.075132], [130.10197, 33.067911], [130.100428, 33.057373], [130.096463, 33.043168], [130.091174, 33.033582], [130.094841, 33.030286], [130.090762, 33.024932], [130.091466, 33.020646], [130.08491, 33.015198], [130.084129, 33.012261], [130.079229, 33.007601], [130.078757, 33.002895], [130.081633, 32.998178], [130.08006, 32.992885], [130.088113, 32.993878], [130.09534, 33.001131], [130.097184, 33.008176], [130.096159, 33.012139], [130.099897, 33.01671], [130.10811, 33.020639], [130.110397, 33.023561], [130.113296, 33.023411], [130.114273, 33.026881], [130.115283, 33.022693], [130.119877, 33.023923], [130.117358, 33.029767], [130.121901, 33.033822], [130.119753, 33.035845], [130.121146, 33.040658], [130.12821, 33.050246], [130.125843, 33.048778], [130.126972, 33.05238], [130.126069, 33.056441], [130.12533, 33.054642], [130.123929, 33.056402], [130.128497, 33.066492], [130.125319, 33.067692], [130.127811, 33.07364], [130.125788, 33.072563], [130.126246, 33.075966], [130.124416, 33.076363], [130.122484, 33.07555], [130.121586, 33.072374], [130.118942, 33.072343], [130.119222, 33.075441], [130.114629, 33.08351], [130.11295, 33.074802], [130.112736, 33.082262], [130.110084, 33.087804], [130.114501, 33.092406], [130.107509, 33.095602], [130.101746, 33.090744], [130.101704, 33.090711]]]}, "properties": {"A27_001": "41207", "A27_002": "鹿島市立", "A27_003": "B141220700030", "A27_004": "古枝小学校", "A27_005": "鹿島市古枝甲1248-2"}}, {"type": "Feature", "geometry": {"type": "Polygon", "coordinates": [[[130.101704, 33.090711], [130.09991, 33.090898], [130.098626, 33.095086], [130.093869, 33.092982], [130.092702, 33.094076], [130.085838, 33.089459], [130.08022, 33.087744], [130.082357, 33.095598], [130.08006, 33.100175], [130.083543, 33.104114], [130.08228, 33.104432], [130.082311, 33.110666], [130.079746, 33.109168], [130.078808, 33.107451], [130.080594, 33.106462], [130.077732, 33.104373], [130.075174, 33.103124], [130.070855, 33.104036], [130.072457, 33.10102], [130.074865, 33.10104], [130.075377, 33.098044], [130.070976, 33.099425], [130.0674, 33.097295], [130.065904, 33.09945], [130.061571, 33.099109], [130.062897, 33.093901], [130.054415, 33.087297], [130.050175, 33.086813], [130.042218, 33.079982], [130.039397, 33.079226], [130.042465, 33.073036], [130.041507, 33.069409], [130.045659, 33.066967], [130.048038, 33.06249], [130.045548, 33.054018], [130.044979, 33.043225], [130.042479, 33.037749], [130.039141, 33.035155], [130.03782, 33.029701], [130.039937, 33.025548], [130.043411, 33.025851], [130.044708, 33.024416], [130.042293, 33.017714], [130.042715, 33.014424], [130.047404, 33.007716], [130.043997, 33.005622], [130.047072, 33.001544], [130.046805, 32.998444], [130.049324, 32.997907], [130.051767, 32.994369], [130.051283, 32.992607], [130.061227, 32.985851], [130.077623, 32.988478], [130.081623, 32.997772], [130.078465, 33.00407], [130.079229, 33.007601], [130.084129, 33.012261], [130.08491, 33.015198], [130.091466, 33.020646], [130.090762, 33.024932], [130.094865, 33.030449], [130.091265, 33.034328], [130.096463, 33.043168], [130.100914, 33.06025], [130.10197, 33.067911], [130.099785, 33.075132], [130.099806, 33.087853], [130.101702, 33.090669], [130.101704, 33.090711]]]}, "properties": {"A27_001": "41207", "A27_002": "鹿島市立", "A27_003": "B141220700021", "A27_004": "能古見小学校", "A27_005": "鹿島市大字山浦甲2246"}}, {"type": "Feature", "geometry": {"type": "Polygon", "coordinates": [[[130.104057, 33.115951], [130.093142, 33.115045], [130.086431, 33.112963], [130.081446, 33.1092], [130.08228, 33.104432], [130.083543, 33.104114], [130.08006, 33.100175], [130.082357, 33.095598], [130.080603, 33.090453], [130.09726, 33.1018], [130.099818, 33.107957], [130.100292, 33.114394], [130.102732, 33.115772], [130.104057, 33.115951]]]}, "properties": {"A27_001": "41207", "A27_002": "鹿島市立", "A27_003": "B141220700012", "A27_004": "鹿島小学校", "A27_005": "鹿島市大字高津原231-イ"}}, {"type": "Feature", "geometry": {"type": "Polygon", "coordinates": [[[130.101704, 33.090711], [130.111726, 33.099192], [130.113842, 33.098124], [130.116122, 33.100815], [130.11382, 33.101851], [130.111245, 33.100425], [130.11314, 33.10181], [130.111527, 33.102017], [130.120219, 33.10368], [130.111256, 33.11385], [130.104057, 33.115951], [130.100292, 33.114394], [130.099818, 33.107957], [130.09726, 33.1018], [130.085064, 33.094272], [130.080603, 33.090453], [130.08022, 33.087744], [130.085838, 33.089459], [130.092702, 33.094076], [130.093869, 33.092982], [130.098626, 33.095086], [130.09991, 33.090898], [130.101592, 33.090622], [130.101704, 33.090711]]]}, "properties": {"A27_001": "41207", "A27_002": "鹿島市立", "A27_003": "B141220700085", "A27_004": "明倫小学校", "A27_005": "鹿島市大字納富分甲59"}}, {"type": "Feature", "geometry": {"type": "Polygon", "coordinates": [[[130.122484, 33.07555], [130.125779, 33.076501], [130.125788, 33.072563], [130.127847, 33.073507], [130.125319, 33.067692], [130.128497, 33.066492], [130.123929, 33.056402], [130.125381, 33.054646], [130.126023, 33.056573], [130.126972, 33.05238], [130.128381, 33.056805], [130.133069, 33.061532], [130.138713, 33.075634], [130.142688, 33.08067], [130.14308, 33.08235], [130.140345, 33.083175], [130.142908, 33.083021], [130.146012, 33.086477], [130.140691, 33.094358], [130.135874, 33.095459], [130.130423, 33.092678], [130.127405, 33.084817], [130.126064, 33.084537], [130.126186, 33.079644], [130.122383, 33.075678], [130.122484, 33.07555]]]}, "properties": {"A27_001": "41207", "A27_002": "鹿島市立", "A27_003": "B141220700076", "A27_004": "七浦小学校音成分校", "A27_005": "鹿島市大字音成乙4352"}}, {"type": "Feature", "geometry": {"type": "Polygon", "coordinates": [[[130.126972, 33.05238], [130.125843, 33.048778], [130.12821, 33.050246], [130.121239, 33.040896], [130.119753, 33.035845], [130.121901, 33.033822], [130.117358, 33.029767], [130.119877, 33.023923], [130.142939, 33.037109], [130.153591, 33.040131], [130.164397, 33.046388], [130.169784, 33.051595], [130.16669, 33.051828], [130.165052, 33.054804], [130.161533, 33.054912], [130.158084, 33.057194], [130.158942, 33.060863], [130.149448, 33.067658], [130.149177, 33.071652], [130.144718, 33.072992], [130.146258, 33.074092], [130.146179, 33.076868], [130.142326, 33.080878], [130.133069, 33.061532], [130.128381, 33.056805], [130.127018, 33.05245], [130.126972, 33.05238]]]}, "properties": {"A27_001": "41207", "A27_002": "鹿島市立", "A27_003": "B141220700067", "A27_004": "七浦小学校", "A27_005": "鹿島市大字音成戊1563"}}, {"type": "Feature", "geometry": {"type": "Polygon", "coordinates": [[[130.104057, 33.115951], [130.112601, 33.113658], [130.119805, 33.106545], [130.126431, 33.106973], [130.128691, 33.109705], [130.128299, 33.113101], [130.123706, 33.121903], [130.119604, 33.125882], [130.119929, 33.127696], [130.112046, 33.12846], [130.110231, 33.131099], [130.096018, 33.131274], [130.092081, 33.129113], [130.081808, 33.130086], [130.080806, 33.12765], [130.083998, 33.122901], [130.081397, 33.12287], [130.078501, 33.117275], [130.080791, 33.116526], [130.082121, 33.112903], [130.084671, 33.111892], [130.093851, 33.115214], [130.103842, 33.116033], [130.104057, 33.115951]]]}, "properties": {"A27_001": "41207", "A27_002": "鹿島市立", "A27_003": "B141220700058", "A27_004": "北鹿島小学校", "A27_005": "鹿島市大字常広420"}}, {"type": "Feature", "geometry": {"type": "Polygon", "coordinates": [[[130.107509, 33.095602], [130.114501, 33.092406], [130.110084, 33.087804], [130.112736, 33.082262], [130.11295, 33.074802], [130.114821, 33.083473], [130.119222, 33.075441], [130.118942, 33.072343], [130.121586, 33.072374], [130.122397, 33.075796], [130.126263, 33.079814], [130.126064, 33.084537], [130.127405, 33.084817], [130.129879, 33.091816], [130.125465, 33.094049], [130.120485, 33.092264], [130.126799, 33.095301], [130.12955, 33.093858], [130.134984, 33.097036], [130.132155, 33.104021], [130.117701, 33.101395], [130.113842, 33.098124], [130.111726, 33.099192], [130.108974, 33.096959], [130.107509, 33.095602]]]}, "properties": {"A27_001": "41207", "A27_002": "鹿島市立", "A27_003": "B141220700049", "A27_004": "浜小学校", "A27_005": "鹿島市浜町1239"}}, {"type": "Feature", "geometry": {"type": "Polygon", "coordinates": [[[129.856855, 33.511409], [129.855774, 33.508863], [129.857375, 33.505407], [129.855693, 33.505289], [129.853849, 33.507138], [129.850155, 33.506997], [129.850889, 33.511551], [129.847881, 33.512414], [129.847982, 33.514353], [129.844934, 33.516766], [129.842599, 33.517842], [129.8398, 33.516608], [129.837936, 33.518558], [129.830757, 33.519776], [129.828079, 33.518225], [129.830622, 33.516703], [129.830514, 33.514899], [129.836039, 33.512814], [129.835535, 33.51107], [129.832836, 33.511839], [129.832923, 33.507955], [129.83403, 33.50804], [129.829613, 33.505266], [129.833432, 33.502498], [129.838541, 33.494764], [129.84041, 33.494663], [129.841623, 33.491252], [129.838077, 33.490841], [129.836511, 33.492143], [129.834643, 33.489432], [129.836646, 33.489657], [129.838111, 33.485559], [129.840948, 33.48468], [129.840948, 33.48251], [129.845499, 33.479619], [129.84039, 33.479319], [129.831719, 33.475029], [129.83467, 33.474601], [129.835154, 33.472053], [129.837103, 33.472831], [129.840646, 33.469821], [129.84037, 33.471337], [129.843799, 33.471394], [129.843194, 33.472482], [129.848961, 33.475819], [129.850507, 33.472155], [129.84884, 33.472414], [129.850178, 33.470509], [129.848719, 33.468384], [129.850494, 33.469291], [129.850635, 33.472087], [129.852927, 33.469849], [129.857304, 33.469099], [129.858626, 33.466301], [129.856591, 33.468948], [129.852497, 33.468609], [129.857142, 33.464782], [129.857485, 33.462121], [129.856403, 33.462127], [129.857922, 33.460041], [129.856652, 33.458384], [129.858971, 33.454111], [129.854729, 33.457302], [129.850622, 33.452758], [129.851648, 33.451355], [129.848747, 33.449607], [129.851422, 33.450211], [129.852578, 33.448519], [129.851513, 33.447248], [129.853048, 33.446667], [129.858329, 33.448761], [129.863367, 33.445449], [129.859951, 33.442664], [129.858727, 33.433354], [129.861119, 33.434802], [129.865026, 33.433875], [129.866394, 33.43651], [129.871188, 33.434656], [129.872072, 33.430805], [129.874898, 33.430538], [129.879138, 33.432738], [129.880707, 33.441059], [129.886392, 33.441006], [129.891572, 33.443065], [129.886983, 33.443196], [129.889307, 33.449713], [129.888035, 33.451503], [129.889006, 33.454536], [129.890702, 33.454743], [129.892286, 33.452229], [129.894468, 33.455357], [129.896617, 33.454641], [129.894303, 33.458263], [129.898217, 33.460171], [129.898869, 33.46319], [129.897772, 33.464395], [129.895739, 33.463166], [129.894534, 33.464928], [129.896329, 33.467413], [129.898772, 33.468355], [129.89992, 33.467279], [129.905047, 33.471027], [129.902926, 33.478747], [129.903769, 33.480041], [129.901685, 33.48132], [129.90133, 33.485378], [129.898085, 33.48625], [129.897306, 33.489529], [129.888868, 33.492173], [129.882946, 33.500779], [129.87691, 33.501324], [129.868534, 33.509066], [129.863915, 33.510139], [129.861355, 33.508644], [129.857147, 33.511174], [129.856855, 33.511409]]]}, "properties": {"A27_001": "41387", "A27_002": "玄海町立", "A27_003": "C241238700011", "A27_004": "玄海みらい学園", "A27_005": "東松浦郡玄海町大字新田1809-6"}}, {"type": "Feature", "geometry": {"type": "Polygon", "coordinates": [[[129.809011, 33.209049], [129.808092, 33.206959], [129.810896, 33.203162], [129.810058, 33.201796], [129.816741, 33.197736], [129.815631, 33.188397], [129.817526, 33.186817], [129.81726, 33.184446], [129.837801, 33.173255], [129.842868, 33.176847], [129.848817, 33.177607], [129.853219, 33.176584], [129.858022, 33.170791], [129.863321, 33.171006], [129.862529, 33.177684], [129.856496, 33.188279], [129.858001, 33.193457], [129.860278, 33.193849], [129.859239, 33.195008], [129.862535, 33.196086], [129.864718, 33.199734], [129.864015, 33.205562], [129.856103, 33.204683], [129.852309, 33.205849], [129.851454, 33.208658], [129.843809, 33.209796], [129.841727, 33.208303], [129.839105, 33.210247], [129.823559, 33.207792], [129.819499, 33.208989], [129.815764, 33.207121], [129.814976, 33.210491], [129.809039, 33.209057], [129.809011, 33.209049]]]}, "properties": {"A27_001": "41401", "A27_002": "有田町立", "A27_003": "B141240100034", "A27_004": "曲川小学校", "A27_005": "西松浦郡有田町黒川甲1761"}}, {"type": "Feature", "geometry": {"type": "Polygon", "coordinates": [[[129.937746, 33.165961], [129.928534, 33.17377], [129.921941, 33.173547], [129.917251, 33.171239], [129.917539, 33.175244], [129.915475, 33.174285], [129.914293, 33.175526], [129.911591, 33.172563], [129.905728, 33.170292], [129.903173, 33.170989], [129.900566, 33.169499], [129.89994, 33.171834], [129.898963, 33.169771], [129.899142, 33.171608], [129.897865, 33.170893], [129.898527, 33.171934], [129.896612, 33.173575], [129.897648, 33.174169], [129.895481, 33.175379], [129.898234, 33.175025], [129.897622, 33.17617], [129.891489, 33.176916], [129.889309, 33.182078], [129.88527, 33.181602], [129.882777, 33.185633], [129.884068, 33.186551], [129.883321, 33.187765], [129.882171, 33.186404], [129.876801, 33.188413], [129.878334, 33.190846], [129.882536, 33.191828], [129.884066, 33.194754], [129.882528, 33.194703], [129.886954, 33.196417], [129.87921, 33.198942], [129.875123, 33.198658], [129.878189, 33.199843], [129.876667, 33.200745], [129.879017, 33.201444], [129.879649, 33.204109], [129.883708, 33.205861], [129.878964, 33.205105], [129.878172, 33.206218], [129.876158, 33.202502], [129.874788, 33.20569], [129.871165, 33.204986], [129.86857, 33.207301], [129.86716, 33.207107], [129.867498, 33.204979], [129.864015, 33.205562], [129.864718, 33.199734], [129.857265, 33.191276], [129.856518, 33.188155], [129.862529, 33.177684], [129.863321, 33.171006], [129.869366, 33.169079], [129.872873, 33.16506], [129.877076, 33.164773], [129.878982, 33.162038], [129.885393, 33.161935], [129.887914, 33.156175], [129.895387, 33.159825], [129.898498, 33.157894], [129.905277, 33.15794], [129.91209, 33.162336], [129.914159, 33.162582], [129.917746, 33.160037], [129.927648, 33.163986], [129.934594, 33.163276], [129.937958, 33.165813], [129.937746, 33.165961]]]}, "properties": {"A27_001": "41401", "A27_002": "有田町立", "A27_003": "B141240100025", "A27_004": "有田中部小学校", "A27_005": "西松浦郡有田町本町丙888"}}, {"type": "Feature", "geometry": {"type": "Polygon", "coordinates": [[[129.874788, 33.20569], [129.876158, 33.202502], [129.878172, 33.206218], [129.878964, 33.205105], [129.883708, 33.205861], [129.879649, 33.204109], [129.879017, 33.201444], [129.876667, 33.200745], [129.878189, 33.199843], [129.875123, 33.198658], [129.87921, 33.198942], [129.886954, 33.196417], [129.882528, 33.194703], [129.884066, 33.194754], [129.882536, 33.191828], [129.878334, 33.190846], [129.876801, 33.188413], [129.882171, 33.186404], [129.883321, 33.187765], [129.884068, 33.186551], [129.882777, 33.185633], [129.88527, 33.181602], [129.889309, 33.182078], [129.891489, 33.176916], [129.897622, 33.17617], [129.898234, 33.175025], [129.895481, 33.175379], [129.897648, 33.174169], [129.896612, 33.173575], [129.898527, 33.171934], [129.897865, 33.170893], [129.899142, 33.171608], [129.898963, 33.169771], [129.89994, 33.171834], [129.900566, 33.169499], [129.903173, 33.170989], [129.905728, 33.170292], [129.911591, 33.172563], [129.914293, 33.175526], [129.915475, 33.174285], [129.917539, 33.175244], [129.918222, 33.182559], [129.91472, 33.183935], [129.914631, 33.186552], [129.911839, 33.186704], [129.912637, 33.197076], [129.905814, 33.199766], [129.904836, 33.202609], [129.906498, 33.206524], [129.902307, 33.213785], [129.89514, 33.212926], [129.892796, 33.211174], [129.889705, 33.212302], [129.882915, 33.210023], [129.882087, 33.207933], [129.879038, 33.209098], [129.874837, 33.205705], [129.874788, 33.20569]]]}, "properties": {"A27_001": "41401", "A27_002": "有田町立", "A27_003": "B141240100016", "A27_004": "有田小学校", "A27_005": "西松浦郡有田町白川2-7-1"}}, {"type": "Feature", "geometry": {"type": "Polygon", "coordinates": [[[129.951285, 33.109964], [129.938732, 33.112721], [129.933034, 33.111181], [129.929643, 33.107575], [129.926677, 33.107686], [129.925272, 33.1059], [129.92633, 33.098107], [129.922357, 33.090493], [129.933335, 33.088105], [129.935143, 33.081143], [129.93967, 33.077764], [129.939506, 33.072941], [129.94598, 33.071769], [129.94732, 33.069626], [129.954747, 33.06597], [129.964254, 33.06429], [129.971858, 33.06016], [129.973478, 33.060896], [129.978037, 33.057417], [129.980609, 33.058091], [129.98339441425594, 33.05664789175659], [130.004384, 33.066055], [130.004824, 33.068711], [130.001683, 33.072961], [130.003486, 33.074369], [130.00312, 33.077993], [129.996499, 33.089048], [129.990549, 33.084197], [129.987256, 33.090075], [129.987368, 33.095732], [129.982593, 33.094403], [129.980299, 33.098101], [129.980963, 33.099461], [129.978757, 33.101129], [129.976295, 33.098211], [129.97142, 33.099226], [129.962295, 33.102606], [129.951528, 33.109892], [129.951285, 33.109964]]]}, "properties": {"A27_001": "41209", "A27_002": "嬉野市立", "A27_003": "B141220900092", "A27_004": "轟小学校", "A27_005": "嬉野市嬉野町大字岩屋川内乙2597"}}, {"type": "Feature", "geometry": {"type": "Polygon", "coordinates": [[[130.012664, 33.147693], [130.009296, 33.148027], [130.003971, 33.144997], [130.004147, 33.138571], [130.000149, 33.136611], [129.992687, 33.136738], [129.991342, 33.134369], [129.988582, 33.134903], [129.995315, 33.125339], [129.992621, 33.115212], [129.997314, 33.114588], [129.996687, 33.118698], [130.000279, 33.121661], [130.002393, 33.120652], [130.006837, 33.111033], [130.009894, 33.112261], [130.01082, 33.117799], [130.009166, 33.12016], [130.017886, 33.116427], [130.021367, 33.125748], [130.019829, 33.128429], [130.019996, 33.13412], [130.023847, 33.137161], [130.01379, 33.143065], [130.012674, 33.147661], [130.012664, 33.147693]]]}, "properties": {"A27_001": "41209", "A27_002": "嬉野市立", "A27_003": "B141220900083", "A27_004": "大草野小学校", "A27_005": "嬉野市嬉野町大字下野丙80"}}, {"type": "Feature", "geometry": {"type": "Polygon", "coordinates": [[[130.012664, 33.147693], [130.01379, 33.143065], [130.023847, 33.137161], [130.019996, 33.13412], [130.021367, 33.125748], [130.017886, 33.116427], [130.031733, 33.107572], [130.046028, 33.105928], [130.050657, 33.123893], [130.058635, 33.124482], [130.068279, 33.131904], [130.058516, 33.135992], [130.0558, 33.14017], [130.052359, 33.139638], [130.05419, 33.134927], [130.040132, 33.132384], [130.031231, 33.140234], [130.027944, 33.148448], [130.019557, 33.151538], [130.012756, 33.14771], [130.012664, 33.147693]]]}, "properties": {"A27_001": "41209", "A27_002": "嬉野市立", "A27_003": "B141220900074", "A27_004": "塩田小学校", "A27_005": "嬉野市塩田町大字馬場下甲3817"}}, {"type": "Feature", "geometry": {"type": "Polygon", "coordinates": [[[130.027944, 33.148448], [130.031231, 33.140234], [130.040132, 33.132384], [130.048969, 33.132757], [130.05419, 33.134927], [130.052359, 33.139638], [130.0558, 33.14017], [130.059621, 33.135304], [130.063061, 33.135694], [130.06819, 33.131764], [130.072357, 33.131158], [130.070408, 33.134673], [130.078025, 33.140579], [130.083839, 33.141598], [130.088211, 33.15211], [130.084386, 33.154325], [130.083805, 33.158438], [130.079982, 33.161841], [130.079517, 33.169993], [130.076709, 33.172044], [130.071106, 33.166421], [130.065725, 33.168202], [130.059645, 33.167353], [130.060303, 33.164636], [130.058014, 33.166421], [130.05651, 33.161761], [130.048514, 33.158777], [130.042706, 33.157699], [130.042001, 33.159452], [130.039702, 33.159384], [130.033397, 33.157774], [130.033581, 33.153708], [130.028105, 33.148404], [130.027944, 33.148448]]]}, "properties": {"A27_001": "41209", "A27_002": "嬉野市立", "A27_003": "B141220900065", "A27_004": "久間小学校", "A27_005": "嬉野市塩田町大字久間乙1885"}}, {"type": "Feature", "geometry": {"type": "Polygon", "coordinates": [[[130.071903, 33.101453], [130.067904, 33.101785], [130.065885, 33.104451], [130.059637, 33.104505], [130.047874, 33.108253], [130.046028, 33.105928], [130.037305, 33.107313], [130.035773, 33.100735], [130.038461, 33.092015], [130.037785, 33.081471], [130.039397, 33.079226], [130.041949, 33.079829], [130.050175, 33.086813], [130.054415, 33.087297], [130.062946, 33.093963], [130.061571, 33.099109], [130.065904, 33.09945], [130.0674, 33.097295], [130.070976, 33.099425], [130.075377, 33.098044], [130.074865, 33.10104], [130.072276, 33.101219], [130.071903, 33.101453]]]}, "properties": {"A27_001": "41209", "A27_002": "嬉野市立", "A27_003": "B141220900056", "A27_004": "五町田小学校谷所分校", "A27_005": "嬉野市塩田町大字谷所乙684-1"}}, {"type": "Feature", "geometry": {"type": "Polygon", "coordinates": [[[130.039397, 33.079226], [130.042218, 33.079982], [130.050175, 33.086813], [130.054415, 33.087297], [130.062897, 33.093901], [130.061571, 33.099109], [130.065904, 33.09945], [130.0674, 33.097295], [130.070976, 33.099425], [130.075377, 33.098044], [130.074865, 33.10104], [130.072457, 33.10102], [130.070855, 33.104036], [130.075919, 33.103328], [130.080325, 33.105998], [130.080612, 33.107206], [130.078808, 33.107451], [130.079746, 33.109168], [130.084797, 33.111746], [130.078501, 33.117275], [130.081397, 33.12287], [130.083998, 33.122901], [130.080806, 33.12765], [130.082369, 33.130768], [130.08075, 33.131301], [130.080793, 33.129307], [130.077855, 33.129156], [130.077236, 33.131084], [130.065943, 33.131671], [130.058635, 33.124482], [130.050657, 33.123893], [130.048729, 33.117571], [130.048939, 33.110893], [130.046028, 33.105928], [130.037305, 33.107313], [130.035738, 33.102707], [130.03601, 33.09741], [130.038461, 33.092015], [130.037607, 33.081815], [130.03937, 33.079253], [130.039397, 33.079226]]]}, "properties": {"A27_001": "41209", "A27_002": "嬉野市立", "A27_003": "B141220900047", "A27_004": "五町田小学校", "A27_005": "嬉野市塩田町大字五町田甲3717"}}, {"type": "Feature", "geometry": {"type": "Polygon", "coordinates": [[[130.044489, 33.004108], [130.045011, 33.006919], [130.047414, 33.007634], [130.042715, 33.014424], [130.042301, 33.018068], [130.044708, 33.024416], [130.043411, 33.025851], [130.039937, 33.025548], [130.037787, 33.030495], [130.039141, 33.035155], [130.042479, 33.037749], [130.044979, 33.043225], [130.045548, 33.054018], [130.048053, 33.063052], [130.045659, 33.066967], [130.041507, 33.069409], [130.042403, 33.073237], [130.037607, 33.081815], [130.038461, 33.092015], [130.03601, 33.09741], [130.03659, 33.100178], [130.027831, 33.095736], [130.02515, 33.09582], [130.025949, 33.093637], [130.02238, 33.095425], [130.021698, 33.092338], [130.01344, 33.094108], [130.008686, 33.091081], [130.001345, 33.080961], [130.003552, 33.075897], [130.001683, 33.072961], [130.004871, 33.068496], [130.002971, 33.060577], [130.010063, 33.055144], [130.011468, 33.051506], [130.02139, 33.040236], [130.022031, 33.035655], [130.020082, 33.034254], [130.019655, 33.030932], [130.020988, 33.030163], [130.0228, 33.031239], [130.022595, 33.033392], [130.02531, 33.033339], [130.024451, 33.021165], [130.029016, 33.019015], [130.028014, 33.012446], [130.03817, 33.008568], [130.042115, 33.004135], [130.044444, 33.004142], [130.044489, 33.004108]]]}, "properties": {"A27_001": "41209", "A27_002": "嬉野市立", "A27_003": "B141220900038", "A27_004": "吉田小学校", "A27_005": "嬉野市嬉野町大字吉田丙2997"}}, {"type": "Feature", "geometry": {"type": "Polygon", "coordinates": [[[129.98339441425594, 33.05664789175659], [129.996386, 33.044847], [129.993474, 33.039062], [129.999549, 33.032059], [130.000834, 33.025872], [130.005602, 33.025139], [130.008348, 33.019679], [130.014952, 33.017479], [130.023237, 33.020162], [130.025707, 33.027362], [130.02531, 33.033339], [130.019655, 33.030932], [130.022031, 33.035655], [130.02139, 33.040236], [130.010063, 33.055144], [130.002971, 33.060577], [130.004384, 33.066055], [129.999417, 33.063829], [129.98339441425594, 33.05664789175659]]]}, "properties": {"A27_001": "41209", "A27_002": "嬉野市立", "A27_003": "B141220900029", "A27_004": "大野原小学校", "A27_005": "嬉野市嬉野町大字岩屋川内丙720"}}, {"type": "Feature", "geometry": {"type": "Polygon", "coordinates": [[[129.901681, 33.214149], [129.901979, 33.21686], [129.897393, 33.223656], [129.879257, 33.225556], [129.877075, 33.229855], [129.872726, 33.23105], [129.869465, 33.241084], [129.866148, 33.239249], [129.860481, 33.241326], [129.854454, 33.238693], [129.851227, 33.241801], [129.849014, 33.238125], [129.843605, 33.236046], [129.832049, 33.234958], [129.825343, 33.236837], [129.814086, 33.236373], [129.813537, 33.232982], [129.809893, 33.230196], [129.81308, 33.220943], [129.809714, 33.218811], [129.809424, 33.214739], [129.808117, 33.214631], [129.806897, 33.211169], [129.809011, 33.209049], [129.814976, 33.210491], [129.815764, 33.207121], [129.819499, 33.208989], [129.823559, 33.207792], [129.837944, 33.2103], [129.841727, 33.208303], [129.843809, 33.209796], [129.851454, 33.208658], [129.852309, 33.205849], [129.856103, 33.204683], [129.860709, 33.205978], [129.867498, 33.204979], [129.86716, 33.207107], [129.868491, 33.207313], [129.872084, 33.204854], [129.876381, 33.206197], [129.879038, 33.209098], [129.882087, 33.207933], [129.882915, 33.210023], [129.889705, 33.212302], [129.892796, 33.211174], [129.90161, 33.214159], [129.901681, 33.214149]]]}, "properties": {"A27_001": "41401", "A27_002": "有田町立", "A27_003": "B141240100043", "A27_004": "大山小学校", "A27_005": "西松浦郡有田町大木宿乙830"}}, {"type": "Feature", "geometry": {"type": "Polygon", "coordinates": [[[129.954415, 33.108207], [129.962295, 33.102606], [129.97142, 33.099226], [129.976295, 33.098211], [129.978757, 33.101129], [129.980963, 33.099461], [129.980299, 33.098101], [129.982593, 33.094403], [129.985488, 33.095773], [129.988192, 33.094745], [129.987256, 33.090075], [129.989501, 33.087881], [129.989665, 33.084828], [129.996499, 33.089048], [130.001345, 33.080961], [130.011831, 33.093468], [130.021698, 33.092338], [130.02238, 33.095425], [130.025949, 33.093637], [130.02515, 33.09582], [130.027831, 33.095736], [130.03659, 33.100178], [130.035738, 33.102707], [130.037305, 33.107313], [130.031733, 33.107572], [130.010752, 33.120312], [130.009166, 33.12016], [130.01082, 33.117799], [130.009894, 33.112261], [130.006837, 33.111033], [130.002393, 33.120652], [130.000279, 33.121661], [129.996687, 33.118698], [129.997314, 33.114588], [129.986836, 33.117406], [129.981926, 33.112861], [129.976025, 33.110331], [129.969049, 33.115269], [129.964412, 33.11535], [129.959888, 33.112884], [129.958559, 33.109134], [129.954721, 33.108192], [129.954415, 33.108207]]]}, "properties": {"A27_001": "41209", "A27_002": "嬉野市立", "A27_003": "B141220900010", "A27_004": "嬉野小学校", "A27_005": "嬉野市嬉野町大字下宿乙1647"}}, {"type": "Feature", "geometry": {"type": "Polygon", "coordinates": [[[130.417347, 33.367244], [130.415381, 33.367159], [130.410895, 33.359495], [130.413201, 33.355215], [130.412407, 33.351682], [130.414841, 33.349509], [130.418816, 33.335874], [130.416395, 33.334228], [130.415484, 33.335572], [130.413356, 33.314883], [130.409875, 33.307103], [130.405794, 33.302905], [130.406152, 33.296612], [130.416304, 33.296632], [130.415954, 33.301929], [130.418564, 33.303561], [130.422892, 33.302565], [130.423352, 33.298705], [130.424783, 33.297854], [130.431688, 33.298905], [130.434264, 33.302243], [130.433746, 33.30717], [130.442583, 33.311384], [130.442083, 33.31333], [130.439126, 33.312676], [130.436613, 33.318197], [130.432777, 33.317521], [130.43189, 33.321413], [130.428255, 33.320801], [130.425334, 33.336398], [130.433683, 33.340019], [130.431713, 33.343245], [130.429585, 33.343834], [130.430693, 33.347876], [130.427693, 33.347295], [130.427157, 33.348419], [130.426909, 33.351115], [130.428379, 33.351202], [130.429676, 33.354844], [130.426089, 33.358771], [130.417347, 33.367244]]]}, "properties": {"A27_001": "41345", "A27_002": "上峰町立", "A27_003": "B141234500015", "A27_004": "上峰小学校", "A27_005": "三養基郡上峰町大字坊所651"}}, {"type": "Feature", "geometry": {"type": "Polygon", "coordinates": [[[130.147466, 32.968414], [130.150092, 32.962591], [130.1549, 32.963389], [130.165391, 32.960878], [130.173061, 32.962148], [130.187648, 32.958852], [130.198546, 32.959621], [130.207366, 32.956578], [130.212306, 32.95779], [130.209298, 32.963748], [130.213762, 32.959346], [130.216949, 32.95936], [130.215995, 32.956246], [130.213047, 32.95429], [130.217833, 32.950491], [130.219869, 32.952229], [130.218425, 32.953985], [130.219345, 32.955022], [130.222765, 32.954262], [130.225164, 32.956579], [130.223168, 32.959132], [130.221696, 32.95821], [130.217017, 32.959632], [130.220811, 32.959662], [130.219168, 32.961835], [130.221353, 32.961262], [130.221931, 32.963264], [130.224376, 32.962136], [130.225048, 32.966428], [130.223304, 32.973642], [130.215239, 32.979922], [130.209283, 32.97905], [130.207326, 32.981794], [130.210773, 32.983702], [130.210946, 32.985455], [130.205368, 32.988506], [130.205092, 32.990914], [130.204647, 32.989863], [130.200429, 32.991601], [130.195368, 32.988501], [130.191458, 32.989868], [130.193719, 32.995477], [130.182784, 32.99015], [130.17834, 32.991598], [130.174642, 32.988201], [130.178474, 32.983656], [130.175216, 32.981012], [130.14763, 32.968481], [130.147466, 32.968414]]]}, "properties": {"A27_001": "41441", "A27_002": "太良町立", "A27_003": "B141244100027", "A27_004": "大浦小学校", "A27_005": "藤津郡太良町大字大浦丁348"}}, {"type": "Feature", "geometry": {"type": "Polygon", "coordinates": [[[130.076061, 32.987561], [130.077568, 32.984476], [130.085805, 32.979217], [130.086152, 32.975383], [130.088682, 32.974032], [130.095046, 32.975379], [130.103026, 32.97474], [130.109191, 32.971759], [130.114511, 32.972406], [130.131341, 32.968295], [130.138481, 32.96834], [130.143911, 32.97171], [130.147466, 32.968414], [130.175216, 32.981012], [130.178474, 32.983656], [130.174642, 32.988201], [130.17834, 32.991598], [130.182784, 32.99015], [130.193719, 32.995477], [130.192469, 32.99951], [130.186837, 32.999874], [130.18902, 33.000939], [130.187413, 33.005062], [130.187844, 33.011767], [130.183632, 33.012339], [130.180621, 33.01595], [130.181677, 33.016791], [130.179186, 33.017897], [130.18229, 33.017821], [130.1794, 33.021116], [130.180816, 33.023741], [130.178945, 33.02339], [130.182716, 33.024855], [130.180111, 33.025078], [130.178964, 33.029644], [130.177002, 33.029353], [130.178136, 33.030818], [130.176107, 33.031683], [130.17642, 33.030232], [130.171173, 33.035869], [130.171697, 33.042002], [130.1689, 33.044605], [130.169726, 33.051031], [130.153591, 33.040131], [130.142939, 33.037109], [130.121403, 33.024294], [130.115283, 33.022693], [130.114099, 33.026799], [130.113296, 33.023411], [130.110397, 33.023561], [130.10811, 33.020639], [130.096893, 33.014241], [130.095514, 33.001404], [130.091227, 32.996803], [130.088113, 32.993878], [130.080136, 32.992948], [130.076435, 32.987687], [130.076061, 32.987561]]]}, "properties": {"A27_001": "41441", "A27_002": "太良町立", "A27_003": "B141244100018", "A27_004": "多良小学校", "A27_005": "藤津郡太良町大字多良1264"}}, {"type": "Feature", "geometry": {"type": "Polygon", "coordinates": [[[130.314509, 33.258505], [130.321891, 33.259296], [130.32356, 33.264973], [130.329809, 33.265608], [130.331377, 33.258585], [130.342413, 33.262715], [130.340259, 33.268451], [130.340589, 33.278455], [130.338667, 33.289536], [130.335771, 33.295858], [130.331352, 33.29506], [130.331924, 33.29226], [130.328523, 33.291853], [130.320301, 33.291086], [130.309691, 33.292997], [130.31142, 33.286926], [130.309143, 33.286527], [130.3109, 33.28376], [130.30844, 33.283321], [130.308465, 33.280188], [130.301998, 33.281215], [130.301838, 33.279397], [130.299443, 33.279536], [130.302542, 33.271326], [130.300676, 33.270958], [130.301675, 33.26732], [130.306341, 33.26786], [130.307248, 33.264743], [130.311153, 33.26413], [130.31335, 33.258456], [130.314501, 33.258537], [130.314509, 33.258505]]]}, "properties": {"A27_001": "41201", "A27_002": "佐賀市立", "A27_003": "B141220100090", "A27_004": "兵庫小学校", "A27_005": "佐賀市兵庫町大字渕1295"}}, {"type": "Feature", "geometry": {"type": "Polygon", "coordinates": [[[130.349376, 33.250086], [130.343627, 33.249898], [130.342231, 33.252908], [130.343469, 33.253323], [130.342413, 33.262715], [130.331377, 33.258585], [130.329809, 33.265608], [130.32356, 33.264973], [130.321891, 33.259296], [130.314509, 33.258505], [130.314621, 33.256409], [130.31324, 33.257658], [130.317561, 33.248179], [130.34098, 33.247218], [130.349803, 33.244109], [130.34939, 33.250044], [130.349376, 33.250086]]]}, "properties": {"A27_001": "41201", "A27_002": "佐賀市立", "A27_003": "B141220100081", "A27_004": "巨勢小学校", "A27_005": "佐賀市巨勢町大字高尾108"}}, {"type": "Feature", "geometry": {"type": "Polygon", "coordinates": [[[130.2444567669538, 33.252397996481704], [130.243469, 33.242878], [130.252271, 33.240864], [130.248444, 33.234257], [130.250788, 33.228443], [130.255015, 33.226747], [130.251849, 33.220977], [130.252053, 33.216428], [130.248384, 33.21009], [130.24851, 33.203091], [130.25146, 33.202784], [130.254903, 33.210171], [130.258093, 33.211398], [130.258729, 33.217465], [130.261301, 33.220527], [130.260018, 33.222185], [130.261748, 33.220871], [130.264292, 33.221572], [130.265513, 33.227712], [130.273569, 33.236415], [130.274349, 33.241154], [130.271818, 33.24379], [130.269977, 33.24949], [130.263988, 33.250002], [130.262828, 33.258926], [130.255487, 33.258386], [130.253927, 33.264821], [130.253051, 33.263497], [130.249543, 33.264], [130.249189, 33.259804], [130.246585, 33.259886], [130.246286, 33.264525], [130.243866, 33.264363], [130.244454, 33.252459], [130.2444567669538, 33.252397996481704]]]}, "properties": {"A27_001": "41201", "A27_002": "佐賀市立", "A27_003": "B141220100072", "A27_004": "嘉瀬小学校", "A27_005": "佐賀市嘉瀬町大字十五12-1"}}, {"type": "Feature", "geometry": {"type": "Polygon", "coordinates": [[[130.281311, 33.242609], [130.278298030594, 33.24128067752697], [130.27780717578165, 33.242912902390955], [130.275539, 33.241581], [130.275058, 33.24279], [130.273569, 33.236415], [130.265346, 33.227383], [130.264292, 33.221572], [130.261748, 33.220871], [130.260018, 33.222185], [130.261301, 33.220527], [130.257904, 33.214322], [130.258769, 33.210721], [130.255442, 33.209862], [130.253794, 33.205683], [130.254065, 33.202335], [130.258314, 33.198038], [130.263012, 33.205809], [130.267948, 33.206339], [130.269112, 33.209484], [130.274729, 33.210724], [130.275428, 33.213323], [130.279124, 33.214548], [130.279406, 33.216108], [130.277032, 33.216401], [130.277991, 33.218227], [130.273535, 33.21883], [130.274918, 33.221213], [130.277281, 33.221431], [130.278173, 33.22856], [130.282794, 33.227679], [130.281314, 33.242577], [130.281311, 33.242609]]]}, "properties": {"A27_001": "41201", "A27_002": "佐賀市立", "A27_003": "B141220100063", "A27_004": "西与賀小学校", "A27_005": "佐賀市西与賀町大字厘外1437"}}, {"type": "Feature", "geometry": {"type": "Polygon", "coordinates": [[[130.281009, 33.260964], [130.283568, 33.261543], [130.285695, 33.258372], [130.293132, 33.259229], [130.305977, 33.265226], [130.303864, 33.267747], [130.301675, 33.26732], [130.300676, 33.270958], [130.297969, 33.270964], [130.296941, 33.268869], [130.295878, 33.270507], [130.282736, 33.269145], [130.282361, 33.270728], [130.278263, 33.263476], [130.280868, 33.261846], [130.281009, 33.260964]]]}, "properties": {"A27_001": "41201", "A27_002": "佐賀市立", "A27_003": "B141220100054", "A27_004": "神野小学校", "A27_005": "佐賀市神野西2-4-8"}}, {"type": "Feature", "geometry": {"type": "Polygon", "coordinates": [[[130.293926, 33.251073], [130.291378, 33.248611], [130.294328, 33.240676], [130.296458, 33.240025], [130.298809, 33.241285], [130.308288, 33.24052], [130.309757, 33.243851], [130.311746, 33.244044], [130.311283, 33.245377], [130.314823, 33.246591], [130.310953, 33.246768], [130.309446, 33.252424], [130.294705, 33.251202], [130.293926, 33.251073]]]}, "properties": {"A27_001": "41201", "A27_002": "佐賀市立", "A27_003": "B141220100045", "A27_004": "赤松小学校", "A27_005": "佐賀市中の館町1-39"}}, {"type": "Feature", "geometry": {"type": "Polygon", "coordinates": [[[130.270458, 33.248518], [130.271818, 33.24379], [130.274349, 33.241154], [130.275058, 33.24279], [130.275539, 33.241581], [130.27780717578165, 33.242912902390955], [130.278298030594, 33.24128067752697], [130.281311, 33.242609], [130.282566, 33.246981], [130.288807, 33.248252], [130.289762, 33.245095], [130.292416, 33.245309], [130.291306, 33.249008], [130.293926, 33.251073], [130.293445, 33.253333], [130.285135, 33.256643], [130.278243, 33.253724], [130.276589, 33.251725], [130.277029, 33.248957], [130.2707, 33.248555], [130.270458, 33.248518]]]}, "properties": {"A27_001": "41201", "A27_002": "佐賀市立", "A27_003": "B141220100036", "A27_004": "日新小学校", "A27_005": "佐賀市長瀬町9-15"}}, {"type": "Feature", "geometry": {"type": "Polygon", "coordinates": [[[130.302725, 33.262921], [130.303075, 33.25824], [130.301583, 33.257997], [130.304395, 33.256604], [130.304191, 33.251487], [130.309446, 33.252424], [130.310953, 33.246768], [130.317926, 33.247495], [130.311153, 33.26413], [130.30797, 33.26398], [130.306341, 33.26786], [130.303968, 33.267464], [130.305977, 33.265226], [130.30318, 33.263047], [130.302725, 33.262921]]]}, "properties": {"A27_001": "41201", "A27_002": "佐賀市立", "A27_003": "B141220100027", "A27_004": "循誘小学校", "A27_005": "佐賀市高木町15-30"}}, {"type": "Feature", "geometry": {"type": "Polygon", "coordinates": [[[130.293926, 33.251073], [130.304219, 33.251231], [130.304395, 33.256604], [130.301583, 33.257997], [130.303075, 33.25824], [130.302725, 33.262921], [130.285695, 33.258372], [130.293687, 33.252197], [130.293926, 33.251073]]]}, "properties": {"A27_001": "41201", "A27_002": "佐賀市立", "A27_003": "B141220100018", "A27_004": "勧興小学校", "A27_005": "佐賀市成章町3-16"}}, {"type": "Feature", "geometry": {"type": "Polygon", "coordinates": [[[130.11168, 33.239277], [130.103493, 33.23508], [130.100097, 33.228244], [130.099928, 33.223592], [130.096901, 33.22051], [130.096205, 33.221426], [130.093338, 33.214652], [130.090231, 33.2154], [130.088727, 33.213954], [130.099281, 33.208036], [130.098106, 33.204109], [130.099304, 33.20267], [130.105837, 33.202927], [130.106054, 33.20828], [130.109795, 33.210614], [130.111161, 33.209221], [130.10964, 33.20453], [130.110929, 33.202822], [130.128131, 33.196292], [130.13062, 33.20096], [130.126218, 33.202105], [130.126039, 33.204122], [130.134945, 33.208653], [130.134138, 33.213735], [130.137751, 33.215823], [130.135671, 33.217111], [130.136279, 33.218529], [130.130102, 33.221777], [130.127632, 33.226307], [130.124888, 33.226586], [130.126469, 33.229647], [130.125558, 33.234257], [130.115394, 33.236641], [130.111718, 33.239284], [130.11168, 33.239277]]]}, "properties": {"A27_001": "41423", "A27_002": "大町町立", "A27_003": "C241242300017", "A27_004": "大町ひじり学園", "A27_005": "杵島郡大町町大字大町5645"}}, {"type": "Feature", "geometry": {"type": "Polygon", "coordinates": [[[130.309889, 33.224369], [130.29634, 33.205268], [130.29389, 33.191061], [130.278074, 33.169326], [130.278749, 33.164056], [130.286246, 33.162309], [130.295648, 33.176189], [130.295743, 33.185033], [130.304056, 33.183343], [130.309053, 33.197607], [130.301063, 33.196964], [130.300894, 33.200168], [130.309142, 33.201042], [130.30912, 33.204512], [130.328704, 33.203045], [130.328326, 33.211411], [130.320619, 33.210969], [130.324031, 33.227747], [130.311189, 33.228032], [130.30993, 33.224503], [130.309889, 33.224369]]]}, "properties": {"A27_001": "41201", "A27_002": "佐賀市立", "A27_003": "B141220100250", "A27_004": "西川副小学校", "A27_005": "佐賀市川副町大字西古賀979"}}, {"type": "Feature", "geometry": {"type": "Polygon", "coordinates": [[[130.326003, 33.202951], [130.300894, 33.200168], [130.309112, 33.196867], [130.304056, 33.183343], [130.293717, 33.180733], [130.284284, 33.156335], [130.287753, 33.147254], [130.326147, 33.143609], [130.329451, 33.151917], [130.319094, 33.166499], [130.320776, 33.176263], [130.327068, 33.178915], [130.326778, 33.191723], [130.326003, 33.202951]]]}, "properties": {"A27_001": "41201", "A27_002": "佐賀市立", "A27_003": "B141220100241", "A27_004": "南川副小学校", "A27_005": "佐賀市川副町大字鹿江674"}}, {"type": "Feature", "geometry": {"type": "Polygon", "coordinates": [[[130.338778, 33.183391], [130.32238, 33.167898], [130.33616, 33.15768], [130.340432, 33.141731], [130.3448, 33.141837], [130.351298, 33.149407], [130.349833, 33.18034], [130.342579, 33.188357], [130.338886, 33.183545], [130.338778, 33.183391]]]}, "properties": {"A27_001": "41201", "A27_002": "佐賀市立", "A27_003": "B141220100232", "A27_004": "大詫間小学校", "A27_005": "佐賀市川副町大字大詫間496"}}, {"type": "Feature", "geometry": {"type": "Polygon", "coordinates": [[[130.332034, 33.231019], [130.324494, 33.230347], [130.323971, 33.222724], [130.322436, 33.222642], [130.321185, 33.2182], [130.320619, 33.210969], [130.328326, 33.211411], [130.328704, 33.203045], [130.326003, 33.202951], [130.327068, 33.178915], [130.339282, 33.184198], [130.339467, 33.203732], [130.34259, 33.208224], [130.340316, 33.209165], [130.339606, 33.212805], [130.334127, 33.212177], [130.33206, 33.230742], [130.332034, 33.231019]]]}, "properties": {"A27_001": "41201", "A27_002": "佐賀市立", "A27_003": "B141220100223", "A27_004": "中川副小学校", "A27_005": "佐賀市川副町大字福富1316"}}, {"type": "Feature", "geometry": {"type": "Polygon", "coordinates": [[[130.332034, 33.231019], [130.334127, 33.212177], [130.339606, 33.212805], [130.34259, 33.208224], [130.352831, 33.208904], [130.362329, 33.215349], [130.362835, 33.21864], [130.360131, 33.221143], [130.355884, 33.220773], [130.351716, 33.223647], [130.354594, 33.226672], [130.349848, 33.226533], [130.350001, 33.229435], [130.34711, 33.229186], [130.347207, 33.233886], [130.346348, 33.232105], [130.332303, 33.231053], [130.332034, 33.231019]]]}, "properties": {"A27_001": "41201", "A27_002": "佐賀市立", "A27_003": "B141220100214", "A27_004": "諸富南小学校", "A27_005": "佐賀市諸富町大字為重920-1"}}, {"type": "Feature", "geometry": {"type": "Polygon", "coordinates": [[[130.349803, 33.244109], [130.345176, 33.245708], [130.34711, 33.229186], [130.350001, 33.229435], [130.349848, 33.226533], [130.354594, 33.226672], [130.351716, 33.223647], [130.355884, 33.220773], [130.357552, 33.222473], [130.357661, 33.221013], [130.360131, 33.221143], [130.362835, 33.21864], [130.362329, 33.215349], [130.378386, 33.221306], [130.379048, 33.229179], [130.373126, 33.233039], [130.369836, 33.23808], [130.373156, 33.243671], [130.365891, 33.245294], [130.364991, 33.241738], [130.36148, 33.241639], [130.357272, 33.243133], [130.357909, 33.245219], [130.350195, 33.244124], [130.349803, 33.244109]]]}, "properties": {"A27_001": "41201", "A27_002": "佐賀市立", "A27_003": "B141220100205", "A27_004": "諸富北小学校", "A27_005": "佐賀市諸富町大字大堂990"}}, {"type": "Feature", "geometry": {"type": "Polygon", "coordinates": [[[130.26168, 33.334699], [130.258098, 33.332527], [130.249929, 33.331371], [130.240644, 33.332794], [130.23864, 33.331122], [130.234378, 33.333106], [130.227251, 33.331389], [130.225555, 33.328946], [130.223824, 33.320609], [130.224841, 33.316973], [130.232454, 33.308875], [130.234047, 33.298858], [130.231476, 33.298254], [130.237591, 33.294483], [130.240504, 33.283253], [130.242852, 33.280079], [130.244422, 33.270295], [130.25881, 33.282797], [130.260516, 33.291528], [130.266808, 33.293758], [130.270504, 33.298182], [130.273331, 33.305907], [130.267929, 33.329277], [130.261731, 33.334629], [130.26168, 33.334699]]]}, "properties": {"A27_001": "41201", "A27_002": "佐賀市立", "A27_003": "B141220100296", "A27_004": "川上小学校", "A27_005": "佐賀市大和町大字東山田1807-1"}}, {"type": "Feature", "geometry": {"type": "MultiPolygon", "coordinates": [[[[130.26168, 33.334699], [130.251856, 33.343215], [130.24684, 33.341471], [130.240644, 33.332794], [130.249929, 33.331371], [130.261125, 33.334472], [130.26168, 33.334699]]], [[[130.271485, 33.301803], [130.273619, 33.303255], [130.276854, 33.300774], [130.275685, 33.299896], [130.277491, 33.297984], [130.295614, 33.301391], [130.292778, 33.306199], [130.294012, 33.313939], [130.293295, 33.31507], [130.289842, 33.314226], [130.289786, 33.316332], [130.285469, 33.316987], [130.283164, 33.317059], [130.283048, 33.315204], [130.271458, 33.315424], [130.27342, 33.306387], [130.271589, 33.302048], [130.271485, 33.301803]]]]}, "properties": {"A27_001": "41201", "A27_002": "佐賀市立", "A27_003": "B141220100287", "A27_004": "春日小学校", "A27_005": "佐賀市大和町大字尼寺1439"}}, {"type": "Feature", "geometry": {"type": "Polygon", "coordinates": [[[130.2444567669538, 33.252397996481704], [130.235919, 33.252238], [130.234766, 33.256843], [130.229721, 33.256458], [130.227307, 33.254706], [130.222448, 33.255083], [130.218436, 33.248523], [130.220087, 33.243713], [130.223392, 33.240212], [130.221406, 33.229266], [130.225187, 33.226616], [130.229828, 33.215016], [130.228601, 33.214351], [130.230044, 33.211559], [130.228238, 33.210968], [130.228109, 33.207146], [130.229332, 33.203981], [130.234586, 33.204194], [130.234951, 33.198108], [130.231102, 33.197883], [130.229816, 33.192878], [130.231206, 33.192142], [130.233437, 33.194202], [130.247418, 33.192011], [130.246856, 33.21085], [130.251111, 33.215912], [130.251254, 33.219609], [130.254967, 33.225697], [130.25454, 33.227196], [130.250788, 33.228443], [130.248444, 33.234257], [130.252271, 33.240864], [130.243469, 33.242878], [130.24447, 33.252031], [130.2444567669538, 33.252397996481704]]]}, "properties": {"A27_001": "41201", "A27_002": "佐賀市立", "A27_003": "B141220100278", "A27_004": "思斉小学校", "A27_005": "佐賀市久保田町大字新田1207"}}, {"type": "Feature", "geometry": {"type": "Polygon", "coordinates": [[[130.309889, 33.224369], [130.304095, 33.221842], [130.297998, 33.224033], [130.297729, 33.221088], [130.290756, 33.217793], [130.286703, 33.218111], [130.287501, 33.220649], [130.285196, 33.220542], [130.282742, 33.223131], [130.28109, 33.219746], [130.277151, 33.21716], [130.279406, 33.216108], [130.278237, 33.213506], [130.275428, 33.213323], [130.274729, 33.210724], [130.269112, 33.209484], [130.267948, 33.206339], [130.263012, 33.205809], [130.258314, 33.198038], [130.259172, 33.19719], [130.25558, 33.197021], [130.251583, 33.190231], [130.260501, 33.180251], [130.27806, 33.169294], [130.28433, 33.179269], [130.289871, 33.183404], [130.29389, 33.191061], [130.29379, 33.199085], [130.29634, 33.205268], [130.308522, 33.220664], [130.309889, 33.224369]]]}, "properties": {"A27_001": "41201", "A27_002": "佐賀市立", "A27_003": "B141220100269", "A27_004": "東与賀小学校", "A27_005": "佐賀市東与賀町大字田中453"}}, {"type": "Feature", "geometry": {"type": "Polygon", "coordinates": [[[130.271485, 33.301803], [130.266808, 33.293758], [130.260516, 33.291528], [130.25881, 33.282797], [130.24556, 33.272193], [130.243802, 33.264673], [130.25795, 33.267181], [130.26711, 33.271395], [130.28206, 33.272992], [130.280651, 33.278819], [130.281752, 33.287798], [130.277257, 33.29515], [130.277545, 33.298399], [130.275685, 33.299896], [130.276854, 33.300774], [130.273619, 33.303255], [130.271592, 33.301881], [130.271485, 33.301803]]]}, "properties": {"A27_001": "41201", "A27_002": "佐賀市立", "A27_003": "B141220100134", "A27_004": "鍋島小学校", "A27_005": "佐賀市鍋島1-1-2"}}, {"type": "Feature", "geometry": {"type": "Polygon", "coordinates": [[[130.309889, 33.224369], [130.312008, 33.230555], [130.309935, 33.240855], [130.294328, 33.240676], [130.293475, 33.24507], [130.289762, 33.245095], [130.288476, 33.248219], [130.282321, 33.24656], [130.281053, 33.243266], [130.282956, 33.235425], [130.282794, 33.227679], [130.278173, 33.22856], [130.277281, 33.221431], [130.274918, 33.221213], [130.273535, 33.21883], [130.278658, 33.217956], [130.283189, 33.223163], [130.285196, 33.220542], [130.287501, 33.220649], [130.286703, 33.218111], [130.292349, 33.217932], [130.297729, 33.221088], [130.297998, 33.224033], [130.304095, 33.221842], [130.309653, 33.224418], [130.309889, 33.224369]]]}, "properties": {"A27_001": "41201", "A27_002": "佐賀市立", "A27_003": "B141220100125", "A27_004": "本庄小学校", "A27_005": "佐賀市本庄町大字本庄131-1"}}, {"type": "Feature", "geometry": {"type": "Polygon", "coordinates": [[[130.345579, 33.24628], [130.322388, 33.248495], [130.312241, 33.246255], [130.308288, 33.24052], [130.309935, 33.240855], [130.311966, 33.231367], [130.311189, 33.228032], [130.324031, 33.227747], [130.324494, 33.230347], [130.330556, 33.23064], [130.33119, 33.231864], [130.346348, 33.232105], [130.345343, 33.246022], [130.345579, 33.24628]]]}, "properties": {"A27_001": "41201", "A27_002": "佐賀市立", "A27_003": "B141220100116", "A27_004": "北川副小学校", "A27_005": "佐賀市木原3-12-1"}}, {"type": "Feature", "geometry": {"type": "Polygon", "coordinates": [[[130.295714, 33.301507], [130.276833, 33.297309], [130.281795, 33.287611], [130.280849, 33.279699], [130.285953, 33.280469], [130.284373, 33.282977], [130.286778, 33.283241], [130.288172, 33.279893], [130.292163, 33.280625], [130.293762, 33.274582], [130.299219, 33.276563], [130.300676, 33.270958], [130.302542, 33.271326], [130.299443, 33.279536], [130.301838, 33.279397], [130.301998, 33.281215], [130.308465, 33.280188], [130.30844, 33.283321], [130.3109, 33.28376], [130.309143, 33.286527], [130.31142, 33.286926], [130.309691, 33.292997], [130.298161, 33.291744], [130.295743, 33.301436], [130.295714, 33.301507]]]}, "properties": {"A27_001": "41201", "A27_002": "佐賀市立", "A27_003": "B141220100107", "A27_004": "高木瀬小学校", "A27_005": "佐賀市高木瀬東5-6-12"}}, {"type": "Feature", "geometry": {"type": "Polygon", "coordinates": [[[130.243866, 33.264363], [130.246286, 33.264525], [130.246585, 33.259886], [130.249189, 33.259804], [130.249543, 33.264], [130.253051, 33.263497], [130.253927, 33.264821], [130.255487, 33.258386], [130.276551, 33.25992], [130.281009, 33.260964], [130.278263, 33.263476], [130.279583, 33.267103], [130.281548, 33.267527], [130.282313, 33.271809], [130.28206, 33.272992], [130.26711, 33.271395], [130.25795, 33.267181], [130.243809, 33.264638], [130.243866, 33.264363]]]}, "properties": {"A27_001": "41201", "A27_002": "佐賀市立", "A27_003": "B141220100198", "A27_004": "開成小学校", "A27_005": "佐賀市鍋島町大字森田35-1"}}, {"type": "Feature", "geometry": {"type": "Polygon", "coordinates": [[[130.28206, 33.272992], [130.282736, 33.269145], [130.300676, 33.270958], [130.299219, 33.276563], [130.293762, 33.274582], [130.292163, 33.280625], [130.286778, 33.283241], [130.280849, 33.279699], [130.281928, 33.273667], [130.28206, 33.272992]]]}, "properties": {"A27_001": "41201", "A27_002": "佐賀市立", "A27_003": "B141220100189", "A27_004": "若楠小学校", "A27_005": "佐賀市若宮3-2-1"}}, {"type": "Feature", "geometry": {"type": "Polygon", "coordinates": [[[130.26279, 33.258668], [130.263988, 33.250002], [130.268737, 33.250058], [130.270458, 33.248518], [130.277029, 33.248957], [130.276589, 33.251725], [130.278243, 33.253724], [130.283918, 33.256479], [130.287715, 33.256454], [130.283568, 33.261543], [130.262835, 33.258672], [130.26279, 33.258668]]]}, "properties": {"A27_001": "41201", "A27_002": "佐賀市立", "A27_003": "B141220100170", "A27_004": "新栄小学校", "A27_005": "佐賀市新栄東2-6-34"}}, {"type": "Feature", "geometry": {"type": "Polygon", "coordinates": [[[130.349376, 33.250086], [130.349803, 33.244109], [130.351982, 33.245516], [130.357909, 33.245219], [130.358086, 33.242347], [130.364991, 33.241738], [130.365643, 33.245236], [130.373156, 33.243671], [130.377152, 33.251109], [130.374282, 33.251663], [130.372816, 33.253851], [130.373693, 33.257252], [130.363553, 33.256124], [130.358875, 33.257145], [130.359127, 33.25598], [130.350114, 33.256018], [130.349928, 33.250086], [130.349376, 33.250086]]]}, "properties": {"A27_001": "41201", "A27_002": "佐賀市立", "A27_003": "B141220100161", "A27_004": "芙蓉小学校", "A27_005": "佐賀市蓮池町大字小松1000"}}, {"type": "Feature", "geometry": {"type": "Polygon", "coordinates": [[[130.335656, 33.297623], [130.343582, 33.299362], [130.336615, 33.329207], [130.337519, 33.353888], [130.332094, 33.354922], [130.326814, 33.360659], [130.318696, 33.358484], [130.313974, 33.360527], [130.307457, 33.356632], [130.306434, 33.353203], [130.312245, 33.352423], [130.313938, 33.351173], [130.312607, 33.349621], [130.314468, 33.349166], [130.311534, 33.338332], [130.311585, 33.331079], [130.313739, 33.329098], [130.312838, 33.32726], [130.314966, 33.325418], [130.315575, 33.321151], [130.313133, 33.315641], [130.310157, 33.314556], [130.309817, 33.310968], [130.311341, 33.310357], [130.310901, 33.308221], [130.31397, 33.302811], [130.324259, 33.303546], [130.326974, 33.296797], [130.335544, 33.297583], [130.335656, 33.297623]]]}, "properties": {"A27_001": "41201", "A27_002": "佐賀市立", "A27_003": "B141220100152", "A27_004": "久保泉小学校", "A27_005": "佐賀市久保泉町大字川久保1357-1"}}, {"type": "Feature", "geometry": {"type": "Polygon", "coordinates": [[[130.293905, 33.312925], [130.292778, 33.306199], [130.295151, 33.303998], [130.298161, 33.291744], [130.307941, 33.293089], [130.320301, 33.291086], [130.328523, 33.291853], [130.331924, 33.29226], [130.331352, 33.29506], [130.335771, 33.295858], [130.335319, 33.298315], [130.326974, 33.296797], [130.324259, 33.303546], [130.31397, 33.302811], [130.310901, 33.308221], [130.310157, 33.314556], [130.313133, 33.315641], [130.315583, 33.321225], [130.314966, 33.325418], [130.312838, 33.32726], [130.313739, 33.329098], [130.311585, 33.331079], [130.311534, 33.338332], [130.314468, 33.349166], [130.312607, 33.349621], [130.313938, 33.351173], [130.312245, 33.352423], [130.306408, 33.352288], [130.306512, 33.348652], [130.303352, 33.348389], [130.303161, 33.346512], [130.292147, 33.346086], [130.284708, 33.34279], [130.287736, 33.338651], [130.290858, 33.339164], [130.297244, 33.333752], [130.295124, 33.33124], [130.295356, 33.328205], [130.292063, 33.328975], [130.292982, 33.320877], [130.29669, 33.318576], [130.296216, 33.315641], [130.298166, 33.315099], [130.298065, 33.313443], [130.294045, 33.313098], [130.293905, 33.312925]]]}, "properties": {"A27_001": "41201", "A27_002": "佐賀市立", "A27_003": "B141220100143", "A27_004": "金立小学校", "A27_005": "佐賀市金立町大字千布2144-1"}}]}