{"type": "FeatureCollection", "features": [{"type": "Feature", "geometry": {"type": "Polygon", "coordinates": [[[136.9738606470056, 36.66488922250481], [136.9663257018098, 36.66501992343932], [136.9654196290725, 36.65945175182568], [136.9562066779629, 36.66066816037982], [136.95652464527217, 36.6569211900038], [136.95923063115956, 36.65626420916494], [136.95813554361098, 36.64566928361194], [136.95983651458994, 36.64271031365576], [136.96203050686947, 36.64238732590597], [136.9650964181352, 36.63270240818476], [136.97165838854116, 36.631784689012875], [136.97283707780556, 36.62942242623073], [136.97967137440995, 36.63065146786664], [136.9829563479048, 36.62805449079831], [136.98212621278873, 36.64075974249607], [136.99437739834138, 36.638218458701076], [136.99461236209865, 36.63334748477515], [137.00306434214602, 36.63296050149444], [137.00870049579538, 36.65780939626059], [137.00772550996635, 36.659581384018985], [136.9979925386835, 36.659969350598374], [136.99115608676854, 36.65668860998465], [136.98647811099784, 36.65676592582235], [136.9878546678304, 36.66163266228864], [136.9867762811911, 36.66322805967245], [136.98938133472822, 36.66377580899926], [136.9883826504009, 36.664826259775765], [136.98994960632797, 36.66628528422589], [136.98982462520965, 36.66907326734516], [136.98740607703226, 36.670722019214395], [136.98369108312946, 36.66949097883219], [136.978209615902, 36.67054321255606], [136.97445725694763, 36.66796187279428], [136.97389864714552, 36.664928222441574], [136.9738606470056, 36.66488922250481]]]}, "properties": {"A27_001": "16208", "A27_002": "砺波市立", "A27_003": "B116220800030", "A27_004": "砺波東部小学校", "A27_005": "砺波市千保250"}}, {"type": "Feature", "geometry": {"type": "Polygon", "coordinates": [[[137.00306434214602, 36.63296050149444], [136.99461236209865, 36.63334748477515], [136.99437739834138, 36.638218458701076], [136.98212621278873, 36.64075974249607], [136.9829563479048, 36.62805449079831], [136.97967137440995, 36.63065146786664], [136.97283707780556, 36.62942242623073], [136.97028940484734, 36.63219542998184], [136.96414441266765, 36.631807411316984], [136.966623944194, 36.62688373032343], [136.96556731759622, 36.62052149943599], [136.9704133056696, 36.619979516076874], [136.97368620003067, 36.60735760919429], [136.97773917734818, 36.604885626947905], [136.98075809618305, 36.59472268587515], [136.98542104307464, 36.58824771393522], [136.98404333798894, 36.58741958235989], [136.9859770377361, 36.587580716212614], [136.98553101519875, 36.58451073197503], [136.98905599268465, 36.58189573222344], [136.99209504042622, 36.588643698169975], [136.98829205862734, 36.5906646975925], [136.99112315410986, 36.60378363361576], [136.99010820204342, 36.60984160327088], [136.99751817245934, 36.607175616044806], [137.00212831757747, 36.62896051762876], [137.00306434214602, 36.63296050149444]]]}, "properties": {"A27_001": "16208", "A27_002": "砺波市立", "A27_003": "B116220800021", "A27_004": "庄南小学校", "A27_005": "砺波市中野1216"}}, {"type": "Feature", "geometry": {"type": "Polygon", "coordinates": [[[136.95832153852342, 36.645125288589064], [136.94311450092232, 36.63731828352183], [136.94013512544734, 36.640196070043835], [136.93776652503803, 36.63866724932034], [136.94326244807203, 36.631849330319376], [136.9489274241173, 36.630166367565266], [136.95015338877408, 36.62629140594202], [136.9600463225626, 36.620244485937505], [136.96536932763237, 36.62166449011964], [136.96476328236417, 36.62467689604671], [136.966623944194, 36.62688373032343], [136.9646203842535, 36.62836143785276], [136.96455615616836, 36.636998460865414], [136.9619565080067, 36.64250732469072], [136.95838253853415, 36.64514528872036], [136.95832153852342, 36.645125288589064]]]}, "properties": {"A27_001": "16208", "A27_002": "砺波市立", "A27_003": "B116220800012", "A27_004": "出町小学校", "A27_005": "砺波市深江1-238"}}, {"type": "Feature", "geometry": {"type": "Polygon", "coordinates": [[[137.03730284582434, 36.56534059419279], [137.03018286826315, 36.568335617688284], [137.03069888714185, 36.570801616877645], [137.02849388906918, 36.571122623310956], [137.02745386965466, 36.56855462596404], [137.02450187787161, 36.56969763504391], [137.02191692150006, 36.57544064257639], [137.01645994143522, 36.57777865680088], [137.01765497848194, 36.58269464805558], [137.01427198840312, 36.584032655133065], [137.01191201786114, 36.587968653275574], [137.00603603827153, 36.590039662635284], [137.00816909297413, 36.59775763907998], [137.01241507819262, 36.5962566354201], [137.01276002636882, 36.58921164883441], [137.01568803853866, 36.591038639828746], [137.01356605611, 36.59332063925], [137.01540107879038, 36.59652462957977], [137.01485010885065, 36.60060062175554], [137.01347511166853, 36.60089762315243], [137.01345513845698, 36.60457461130161], [137.011969138099, 36.60437161379299], [137.01112915441433, 36.606494607484514], [137.01490213981694, 36.60490160842898], [137.01939214327908, 36.60585360032073], [137.02229815971805, 36.6085955907313], [137.02193913124984, 36.60437460082518], [137.02780511940034, 36.60309559484847], [137.02923813109012, 36.60494458925691], [137.03197812729232, 36.604557585738625], [137.03157913856302, 36.60622158360628], [137.02185217796782, 36.61127358531501], [137.01442119241983, 36.612450587736184], [137.0072462375086, 36.617906570128], [137.0070042266904, 36.616253576793916], [136.99996924750045, 36.61794956620886], [136.99751817245934, 36.607175616044806], [136.99010820204342, 36.60984160327088], [136.98988615690772, 36.603967633281314], [136.99112315410986, 36.60378363361576], [136.98961714400815, 36.60229464195249], [136.98829205862734, 36.5906646975925], [136.99209504042622, 36.588643698169975], [136.99059599247576, 36.58204072695156], [136.98553101519875, 36.58451073197503], [136.9859770377361, 36.587580716212614], [136.9844057825405, 36.58688206115244], [136.98542104307464, 36.58824771393522], [136.98223609471967, 36.59473468456128], [136.98075809618305, 36.59472268587515], [136.98202209897136, 36.595262681814255], [136.97937213008436, 36.59889966211649], [136.98024114030892, 36.6003726534179], [136.97773917734818, 36.604885626947905], [136.97330620718583, 36.608247603056874], [136.96518918704479, 36.604561614675696], [136.96721014432265, 36.59955065180114], [136.96845414649778, 36.59989165048468], [136.97007711447247, 36.5959786790333], [136.97167011269246, 36.59584468102491], [136.96673809926855, 36.59389269160772], [136.9646821192223, 36.59627267327267], [136.96426609780727, 36.59357269253208], [136.9626261139121, 36.59549467755406], [136.95982509981485, 36.59368968446573], [136.97036902722286, 36.58508875176516], [136.96937901615087, 36.58364976151739], [136.971679995696, 36.58102877610132], [136.97067098067853, 36.578919789632444], [136.96901298125408, 36.578897791678344], [136.97353096521744, 36.576984797118754], [136.9719909492026, 36.57474781186854], [136.97881688817012, 36.56809380732227], [136.97859686730249, 36.565581812025506], [136.98401682283875, 36.56065979061545], [136.9883288248245, 36.56125377230085], [136.98809479730107, 36.55802777475404], [136.99009176834952, 36.5545197612012], [136.99275776575664, 36.55434374911762], [136.9949677449904, 36.5518707359981], [137.00066974348016, 36.551998711121605], [137.00468972678942, 36.550135692557625], [137.00252170511226, 36.54747369734147], [137.00431469771456, 36.54666268866027], [137.00290767550746, 36.54400969059073], [137.0193656625314, 36.5425376217976], [137.0217466511787, 36.54116061032893], [137.03649265069063, 36.54106156265222], [137.03826377902385, 36.55636258416184], [137.03729384562538, 36.56531359420279], [137.03730284582434, 36.56534059419279]]]}, "properties": {"A27_001": "16208", "A27_002": "砺波市立", "A27_003": "B116220800085", "A27_004": "庄川小学校", "A27_005": "砺波市庄川町金屋1748"}}, {"type": "Feature", "geometry": {"type": "Polygon", "coordinates": [[[136.91970955209854, 36.63875016130328], [136.91426473447305, 36.63374371960151], [136.91063291330573, 36.63422985551381], [136.90627852148367, 36.62263724035173], [136.91685362149607, 36.62106660533645], [136.91611143071918, 36.61962443851954], [136.92770828676646, 36.61419541390211], [136.92934133825378, 36.619325378235935], [136.93466932612336, 36.61822340928644], [136.9329373560401, 36.62124037734346], [136.9353213664712, 36.62245237762392], [136.9343673918579, 36.6250163525606], [136.9434804183762, 36.62871535835262], [136.94184521875388, 36.63078295408141], [136.9433684468598, 36.63173833170537], [136.93886950879565, 36.637260266137844], [136.9281765057226, 36.63533823144444], [136.92011555217576, 36.63879416283223], [136.91970955209854, 36.63875016130328]]]}, "properties": {"A27_001": "16208", "A27_002": "砺波市立", "A27_003": "B116220800076", "A27_004": "鷹栖小学校", "A27_005": "砺波市鷹栖490"}}, {"type": "Feature", "geometry": {"type": "Polygon", "coordinates": [[[137.0175755611752, 36.67133135285452], [137.01131878124096, 36.67291774010022], [137.00860056859358, 36.66895433780112], [137.007568510465, 36.65959338346656], [137.00870049579538, 36.65780939626059], [136.99996924750045, 36.61794956620886], [137.0070042266904, 36.616253576793916], [137.0072462375086, 36.617906570128], [137.01442119241983, 36.612450587736184], [137.02185217796782, 36.61127358531501], [137.03157913856302, 36.60622158360628], [137.03197812729232, 36.604557585738625], [137.02923813109012, 36.60494458925691], [137.02780511940034, 36.60309559484847], [137.02193913124984, 36.60437460082518], [137.02229815971805, 36.6085955907313], [137.01939214327908, 36.60585360032073], [137.01490213981694, 36.60490160842898], [137.01112915441433, 36.606494607484514], [137.011969138099, 36.60437161379299], [137.01345513845698, 36.60457461130161], [137.01347511166853, 36.60089762315243], [137.01485010885065, 36.60060062175554], [137.01540107879038, 36.59652462957977], [137.01356605611, 36.59332063925], [137.01568803853866, 36.591038639828746], [137.01276002636882, 36.58921164883441], [137.01241507819262, 36.5962566354201], [137.00816909297413, 36.59775763907998], [137.00603603827153, 36.590039662635284], [137.01191201786114, 36.587968653275574], [137.01427198840312, 36.584032655133065], [137.01765497848194, 36.58269464805558], [137.01645994143522, 36.57777865680088], [137.02191692150006, 36.57544064257639], [137.02450187787161, 36.56969763504391], [137.02745386965466, 36.56855462596404], [137.02849388906918, 36.571122623310956], [137.03069888714185, 36.570801616877645], [137.03018286826315, 36.568335617688284], [137.036677844585, 36.56517859602923], [137.0407838870282, 36.570417588204506], [137.03940791013665, 36.573382593850475], [137.04066592227178, 36.57482959146046], [137.0396649608798, 36.58022159136229], [137.04562699145768, 36.58447657639777], [137.0444340276915, 36.58963657904887], [137.04935906226348, 36.594381566200035], [137.04897409575236, 36.59943056335594], [137.0498401051239, 36.60077856036667], [137.05400010652954, 36.600460551718314], [137.05336118741187, 36.613246539879924], [137.05612822279926, 36.61863252885949], [137.05374523899903, 36.6216855304432], [137.05539724727743, 36.62282052602738], [137.05648929185602, 36.63008851162862], [137.06531734964292, 36.63881247848641], [137.058600376514, 36.644924477524825], [137.05169637507794, 36.64601248579534], [137.05183139817427, 36.650218474612274], [137.05428141246557, 36.65213346496227], [137.05118642825985, 36.65542945810225], [137.0486564250644, 36.65514046192836], [137.04711445321598, 36.659757445364335], [137.04342544928573, 36.65909444960817], [137.0427534356261, 36.65695145942817], [137.03264046393417, 36.6602824394603], [137.03373648471947, 36.66361942479205], [137.02244979532406, 36.66629453451535], [137.02308320423464, 36.67199622349015], [137.0184725023777, 36.67203447746646], [137.0175755611752, 36.67133135285452]]]}, "properties": {"A27_001": "16208", "A27_002": "砺波市立", "A27_003": "B116220800067", "A27_004": "庄東小学校", "A27_005": "砺波市頼成566"}}, {"type": "Feature", "geometry": {"type": "Polygon", "coordinates": [[[136.9444247510679, 36.6845444411205], [136.94119073609835, 36.681341966994054], [136.94058667749414, 36.685166553947084], [136.93672194679016, 36.68241106117429], [136.93204508881865, 36.686552278529554], [136.92398303551246, 36.68539775895671], [136.92804041110747, 36.67868972824917], [136.93474790614755, 36.67693290473661], [136.93434687518175, 36.67347493026855], [136.9376669154529, 36.67158695660561], [136.92456752259596, 36.6731700109968], [136.92183566050193, 36.676806678070584], [136.91957438881371, 36.671450404224686], [136.91595462130732, 36.670245966166895], [136.91828543854038, 36.66764230446958], [136.91385435393474, 36.66500351402198], [136.91694982326, 36.662816745687536], [136.91504550076644, 36.66082990153925], [136.91842595171437, 36.66035482429789], [136.91534125999846, 36.65893227617079], [136.91771934067745, 36.65574304668386], [136.91178815452315, 36.65117665978733], [136.9172603237714, 36.641353824436194], [136.9224621626422, 36.64160342069179], [136.91869656224, 36.63955314927881], [136.92118454172004, 36.637949175390304], [136.9281765057226, 36.63533823144444], [136.9376654999479, 36.63613527081002], [136.93791331328572, 36.63954107308155], [136.94311450092232, 36.63731828352183], [136.95832153852342, 36.645125288589064], [136.95980958530575, 36.65118125019541], [136.95795959191065, 36.651279240291856], [136.95923063115956, 36.65626420916494], [136.95603265997443, 36.65844517575377], [136.95615471080237, 36.6645861313706], [136.9583700030966, 36.66496267480257], [136.95689418226013, 36.66994135677431], [136.9522787777905, 36.67092306242088], [136.9503758740766, 36.68008142261922], [136.94490488144692, 36.67941695131776], [136.9445028006143, 36.6843081394348], [136.9444247510679, 36.6845444411205]]]}, "properties": {"A27_001": "16208", "A27_002": "砺波市立", "A27_003": "B116220800058", "A27_004": "砺波北部小学校", "A27_005": "砺波市林1104"}}, {"type": "Feature", "geometry": {"type": "Polygon", "coordinates": [[[136.92545929713435, 36.61526439635416], [136.92371983082654, 36.61210169103235], [136.93107300034603, 36.61044874213033], [136.934566264561, 36.60665316458413], [136.94473142112457, 36.60553125594217], [136.95267413809387, 36.59808963322892], [136.95839813934649, 36.598480644957014], [136.96426609780727, 36.59357269253208], [136.9646821192223, 36.59627267327267], [136.96673809926855, 36.59389269160772], [136.97167011269246, 36.59584468102491], [136.96518918704479, 36.604561614675696], [136.97330620718583, 36.608247603056874], [136.9704133056696, 36.619979516076874], [136.95852632441694, 36.620268481016616], [136.94727143652648, 36.631285351243314], [136.94326244807203, 36.631849330319376], [136.9434804183762, 36.62871535835262], [136.93481639656054, 36.625519350125096], [136.93519136352407, 36.62213637963081], [136.9329373560401, 36.62124037734346], [136.93466932612336, 36.61822340928644], [136.92934133825378, 36.619325378235935], [136.9282932934752, 36.61487041084212], [136.92597929477571, 36.61502340036215], [136.92545929713435, 36.61526439635416]]]}, "properties": {"A27_001": "16208", "A27_002": "砺波市立", "A27_003": "B116220800049", "A27_004": "砺波南部小学校", "A27_005": "砺波市鹿島161"}}, {"type": "Feature", "geometry": {"type": "Polygon", "coordinates": [[[136.88848644464238, 36.5256606624432], [136.8844244008862, 36.520355653657745], [136.88253340689667, 36.52159564875457], [136.88279537688342, 36.51714765052302], [136.8784083716512, 36.51697364074576], [136.8772353399887, 36.5123666382885], [136.86624628117016, 36.504758613868475], [136.86235321296954, 36.49443760148725], [136.8648391727415, 36.48795260576127], [136.85952314085995, 36.48279459168895], [136.86044512034658, 36.47971759209628], [136.85858311389993, 36.47875058648629], [136.85795509403326, 36.47577058282495], [136.86003308509126, 36.47447158750029], [136.86121305533203, 36.47037958791892], [136.86667403109232, 36.46711760030689], [136.8665458749283, 36.445581586560095], [136.87122982474696, 36.43897959757507], [136.86684977515188, 36.43230957950168], [136.87279873879993, 36.42776559498033], [136.87864675113707, 36.42920761251692], [136.88347179544144, 36.434887628467976], [136.8904227864526, 36.43356464537265], [136.89505886430737, 36.44361665618958], [136.89353188205396, 36.446036653790635], [136.9016109029636, 36.44879066880761], [136.903575895587, 36.447665671427615], [136.90485192747474, 36.45193667312897], [136.9104899408999, 36.45342568064633], [136.91147291943216, 36.450438681956996], [136.91455790481365, 36.448382685158], [136.91784091843166, 36.45023968807622], [136.91865494018228, 36.45320568879979], [136.92389697518422, 36.45797869345934], [136.92325899333318, 36.460299693075456], [136.9274570263609, 36.46436769444445], [136.9277300457644, 36.46684569456446], [136.93221504558844, 36.46682169454846], [136.93962911723077, 36.47635970071623], [136.9429721217577, 36.476785699431645], [136.94357815499197, 36.48108770344722], [136.95168919651732, 36.48627570167941], [136.9542472267502, 36.489912703118065], [136.95439227333466, 36.4957277116284], [136.95829830274263, 36.49918671340845], [136.95243634557735, 36.50486672979684], [136.95130240765585, 36.51238674584482], [136.94701942737018, 36.51497075110836], [136.94663443852855, 36.51632175343114], [136.94823144386754, 36.51679075500525], [136.94156948336988, 36.52246876080128], [136.9396004859637, 36.52301176010145], [136.940353464097, 36.5201947565071], [136.93895746785614, 36.52081975650564], [136.9270875610905, 36.53365074914156], [136.91936059964743, 36.539502730042074], [136.90722159126574, 36.541053695252145], [136.90224454824167, 36.53678168511647], [136.89623055974462, 36.53971666603935], [136.89352250971325, 36.5339296654551], [136.89397148361, 36.53014767039033], [136.88952945771544, 36.52737966269134], [136.88934444133824, 36.52499866519747], [136.88848644464238, 36.5256606624432]]]}, "properties": {"A27_001": "16210", "A27_002": "南砺市立", "A27_003": "B116221000018", "A27_004": "城端小学校", "A27_005": "南砺市城端1610"}}, {"type": "Feature", "geometry": {"type": "Polygon", "coordinates": [[[136.88240381843502, 36.57594152252366], [136.88203678509697, 36.57222453887325], [136.87341161234568, 36.55382158141678], [136.8633434919091, 36.53916158853396], [136.8672024911099, 36.53801859863352], [136.86945951501917, 36.54121059939309], [136.87296952515422, 36.541805606321645], [136.8723045085282, 36.53945060806198], [136.87099551540248, 36.54085260328377], [136.8692355007194, 36.5390236018113], [136.87193847556136, 36.534474613883276], [136.87405650939817, 36.53914261236598], [136.8765255219244, 36.540297616877254], [136.87888046420642, 36.53109663278551], [136.8778474506166, 36.52933363180932], [136.88434441970816, 36.523060653008194], [136.8841574337877, 36.52512665203533], [136.88934444133824, 36.52499866519747], [136.88952945771544, 36.52737966269134], [136.89397148361, 36.53014767039033], [136.89352250971325, 36.5339296654551], [136.89623055974462, 36.53971666603935], [136.90224454824167, 36.53678168511647], [136.90722159126574, 36.541053695252145], [136.91731759149528, 36.53892672506593], [136.91977269632713, 36.55128972052708], [136.91572483524897, 36.568120662611385], [136.91345986256047, 36.571735639091436], [136.90322382894706, 36.57046260736481], [136.901136845924, 36.5729565899684], [136.89605879902456, 36.56904959054789], [136.89631577761853, 36.56650060182103], [136.8946107737652, 36.5665805970077], [136.89458878973986, 36.56843058909581], [136.89246478657188, 36.56871858196405], [136.8937948677663, 36.57748654518718], [136.8923568661996, 36.577729539417405], [136.89071883055317, 36.574330551889254], [136.88269681943947, 36.575937523196096], [136.88240381843502, 36.57594152252366]]]}, "properties": {"A27_001": "16210", "A27_002": "南砺市立", "A27_003": "B116221000081", "A27_004": "福光東部小学校", "A27_005": "南砺市荒木456"}}, {"type": "Feature", "geometry": {"type": "Polygon", "coordinates": [[[136.8477457534696, 36.58556743130226], [136.84430373393812, 36.58564643126262], [136.83926273277285, 36.58867841543004], [136.83881975036067, 36.59083440390662], [136.83087377931963, 36.5978563653801], [136.82576574536446, 36.597910370110405], [136.82356076356444, 36.60020235362403], [136.81931873981415, 36.59989635646189], [136.8175507850129, 36.60292532591357], [136.81412973834512, 36.60109134409057], [136.81078174456374, 36.60145733350343], [136.8099218013141, 36.60444129966867], [136.81277885318207, 36.607568275033884], [136.81123188878337, 36.6094072518732], [136.81454697518768, 36.61391920888387], [136.81334001686608, 36.61629718244573], [136.8011770326477, 36.61697514948418], [136.79676098000988, 36.61317117447374], [136.79661295198053, 36.61140319071645], [136.7996109097659, 36.60949422020449], [136.79901889191794, 36.60827122990555], [136.79480385202373, 36.60427724541661], [136.78950489270335, 36.60541521334087], [136.79095185709394, 36.60325723619753], [136.78846585461827, 36.60208323363737], [136.78942179557035, 36.59754326904569], [136.78831675362923, 36.59302229087103], [136.79416968694972, 36.58988333999674], [136.7953226422811, 36.5848403657684], [136.7930826322724, 36.58020636800383], [136.79395660699421, 36.57558238287078], [136.791011604277, 36.56962137830721], [136.79270659241934, 36.568257387659195], [136.7990425667245, 36.56994141357385], [136.80244755297963, 36.568770427560914], [136.8075935265131, 36.562261448765014], [136.81177951202042, 36.56059646289809], [136.81719349329953, 36.55259648090797], [136.8126204554001, 36.53748847252853], [136.81609945351062, 36.53818048180587], [136.82293246413047, 36.543754498865525], [136.8313844766222, 36.546628516422174], [136.8424494900724, 36.54660653972293], [136.8512414970943, 36.54473455921626], [136.85201750806425, 36.54641055836114], [136.85734452180546, 36.54650756770204], [136.86573352021398, 36.54307158838971], [136.8712385810161, 36.550303586934994], [136.88288780971294, 36.57480352949016], [136.88091286061237, 36.58102849207971], [136.88664995851468, 36.58893245894053], [136.88460294968647, 36.588777455321654], [136.88197597055228, 36.591786431304314], [136.87949694580178, 36.59020443541299], [136.87641396771076, 36.593287408860824], [136.8664699326829, 36.59364039211909], [136.86075285675426, 36.58883141622524], [136.86109983511494, 36.58648243047344], [136.8564978023609, 36.585661433354105], [136.85482277069758, 36.58338844624765], [136.85148374678997, 36.5826534483222], [136.84790775391076, 36.58551543158913], [136.8477457534696, 36.58556743130226]]]}, "properties": {"A27_001": "16210", "A27_002": "南砺市立", "A27_003": "B116221000072", "A27_004": "福光中部小学校", "A27_005": "南砺市法林寺1"}}, {"type": "Feature", "geometry": {"type": "Polygon", "coordinates": [[[136.86573352021398, 36.54307158838971], [136.85734452180546, 36.54650756770204], [136.85201750806425, 36.54641055836114], [136.8512414970943, 36.54473455921626], [136.8424494900724, 36.54660653972293], [136.8313844766222, 36.546628516422174], [136.82293246413047, 36.543754498865525], [136.81609945351062, 36.53818048180587], [136.81198145638837, 36.537332470591586], [136.80396642388854, 36.52250044565599], [136.79980942932994, 36.52103443263593], [136.79949740824625, 36.51566443088633], [136.79511040117845, 36.51080741355239], [136.7970943477824, 36.50199341872085], [136.79604932494325, 36.497727415469726], [136.79395332648411, 36.496980408948836], [136.79893726747713, 36.49033342364242], [136.8025202585424, 36.49034643472229], [136.80282122501052, 36.48500643209871], [136.79988522036493, 36.48303542190171], [136.7955541701637, 36.474884410276076], [136.79580714268093, 36.47121340850338], [136.7983071181908, 36.46863141344869], [136.79488608833518, 36.46388040115867], [136.7983660630595, 36.46164740895001], [136.7882060091278, 36.45268437588129], [136.7901019621128, 36.44740037705474], [136.79672892907175, 36.44468739066507], [136.78697190057784, 36.43954336288919], [136.77817984119395, 36.43088133570959], [136.77410186284655, 36.43275233135595], [136.76961985241653, 36.43085932285595], [136.76835879039794, 36.42350931137459], [136.7713057780186, 36.422534314003926], [136.7701817114232, 36.414677302029204], [136.7788596971919, 36.414370314903735], [136.795146561882, 36.40126332506615], [136.7952345027793, 36.3944573102398], [136.79724548657796, 36.39289731195344], [136.79785742754797, 36.386180296941546], [136.79652341400396, 36.38441228938806], [136.79862240715798, 36.38394529296252], [136.80048737628576, 36.380645288850296], [136.80013728693146, 36.37029926326151], [136.80603222332158, 36.36356426703525], [136.81330225851053, 36.368329302000994], [136.82222827609752, 36.37081634225518], [136.82670430798524, 36.374722367381636], [136.82737935651429, 36.38035938065174], [136.8294413706692, 36.382098391376765], [136.82715542625917, 36.3883953921754], [136.82880047846012, 36.3947394085323], [136.83541350783312, 36.398778440123216], [136.83635553037357, 36.40152144803684], [136.84543856658647, 36.40605448628268], [136.84422359816693, 36.409799486430266], [136.85286169894965, 36.422248527861534], [136.85170072667734, 36.42570052796543], [136.86099376589732, 36.43113056049701], [136.86684977515188, 36.43230957950168], [136.8712058241163, 36.43889359744308], [136.8665458749283, 36.445581586560095], [136.86667403109232, 36.46711760030689], [136.86115005586308, 36.470450587798254], [136.86003308509126, 36.47447158750029], [136.85795509403326, 36.47577058282495], [136.8584241102866, 36.47820858570095], [136.86044512034658, 36.47971759209628], [136.85931713468656, 36.48186859052229], [136.86122815900384, 36.48573159675752], [136.8648391727415, 36.48795260576127], [136.86235321296954, 36.49443760148725], [136.86624628117016, 36.504758613868475], [136.8772353399887, 36.5123666382885], [136.8784083716512, 36.51697364074576], [136.88279537688342, 36.51714765052302], [136.88253340689667, 36.52159564875457], [136.8844244008862, 36.520355653657745], [136.88848644464238, 36.5256606624432], [136.8841574337877, 36.52512665203533], [136.88434441970816, 36.523060653008194], [136.88146742393118, 36.52436764521272], [136.8822714348348, 36.52578664632308], [136.8778474506166, 36.52933363180932], [136.87888046420642, 36.53109663278551], [136.8765255219244, 36.540297616877254], [136.87405650939817, 36.53914261236598], [136.8718824754898, 36.53447561375751], [136.8692355007194, 36.5390236018113], [136.87099551540248, 36.54085260328377], [136.8723045085282, 36.53945060806198], [136.87363951737714, 36.54045660968732], [136.87296952515422, 36.541805606321645], [136.86945951501917, 36.54121059939309], [136.86714149091958, 36.53800359851795], [136.8633434919091, 36.53916158853396], [136.86552951766473, 36.54273058846133], [136.86573352021398, 36.54307158838971]]]}, "properties": {"A27_001": "16210", "A27_002": "南砺市立", "A27_003": "B116221000063", "A27_004": "福光南部小学校", "A27_005": "南砺市小坂708"}}, {"type": "Feature", "geometry": {"type": "Polygon", "coordinates": [[[136.8477457534696, 36.58556743130226], [136.85148374678997, 36.5826534483222], [136.85482277069758, 36.58338844624765], [136.8564978023609, 36.585661433354105], [136.86109983511494, 36.58648243047344], [136.86075285675426, 36.58883141622524], [136.8664699326829, 36.59364039211909], [136.87641396771076, 36.593287408860824], [136.87949694580178, 36.59020443541299], [136.8822249708667, 36.59173443222273], [136.88460294968647, 36.588777455321654], [136.88664995851468, 36.58893245894053], [136.88120786807323, 36.58171548907128], [136.8811338346581, 36.57816350785079], [136.88240381843502, 36.57594152252366], [136.88931982640645, 36.574282547806035], [136.89156083704515, 36.5748205522981], [136.8923568661996, 36.577729539417405], [136.8937948677663, 36.57748654518718], [136.89246478657188, 36.56871858196405], [136.89458878973986, 36.56843058909581], [136.8946107737652, 36.5665805970077], [136.89631577761853, 36.56650060182103], [136.89605879902456, 36.56904959054789], [136.901136845924, 36.5729565899684], [136.90322382894706, 36.57046260736481], [136.91345986256047, 36.571735639091436], [136.91572483524897, 36.568120662611385], [136.91926671305558, 36.553323715583474], [136.92660572893672, 36.55365074002022], [136.93590971930388, 36.550630777183535], [136.93563980702453, 36.56080776511652], [136.93937781838085, 36.56150678006578], [136.93709386832026, 36.56757975562376], [136.93912086926244, 36.56736476621041], [136.94123491321494, 36.572231757077574], [136.93792292127918, 36.57356173556562], [136.94119492464176, 36.57358575146605], [136.94552599282355, 36.581040729595905], [136.94917998515157, 36.57978075339404], [136.95021401338494, 36.58295273642324], [136.94561002981558, 36.58540370194044], [136.94584404788048, 36.587578688376475], [136.94109305092024, 36.58830866450585], [136.93968708444316, 36.59228363189805], [136.94513008769167, 36.592396652616], [136.94575407672147, 36.59109166459654], [136.94658608923774, 36.59250465753893], [136.94658007774393, 36.591168667387194], [136.9495370783261, 36.59106767988851], [136.94985408912137, 36.59234067177534], [136.94695408868733, 36.592425659613596], [136.94507410736784, 36.594602635326495], [136.94761112383998, 36.59639263098577], [136.95079511446812, 36.59527565080313], [136.9534072838952, 36.59959837308197], [136.94728896208198, 36.60140324025689], [136.95099051757046, 36.60133567399034], [136.94473142112457, 36.60553125594217], [136.93870564098353, 36.6072113146294], [136.934566264561, 36.60665316458413], [136.9355371361456, 36.60741345554452], [136.93107300034603, 36.61044874213033], [136.9301777390479, 36.60953055044456], [136.92371983082654, 36.61210169103235], [136.92545929713435, 36.61526439635416], [136.92323132478504, 36.61794736500229], [136.91611143071918, 36.61962443851954], [136.91685362149607, 36.62106660533645], [136.91306865352274, 36.622335508216054], [136.90813135213693, 36.620874278495], [136.9060813705645, 36.62265725456485], [136.90828158379995, 36.62679422240626], [136.906241432341, 36.628009204175996], [136.9028903970833, 36.62511322023776], [136.90798635158507, 36.62083627833412], [136.9085183019056, 36.616322321898735], [136.9104332868017, 36.61476434117157], [136.90589528656488, 36.615277320932506], [136.9057412505576, 36.61211834565687], [136.90247021405494, 36.609282356714594], [136.90040613460974, 36.60213940651976], [136.88613412588333, 36.60459034688666], [136.88213909232073, 36.60268735330613], [136.87538808748778, 36.60395633021021], [136.8683170373039, 36.602096335411765], [136.86615405842386, 36.604577312679815], [136.86009500096836, 36.602033326834594], [136.8568980145574, 36.60441030533991], [136.85565394843005, 36.59965334370186], [136.85221789608204, 36.59665136218807], [136.85267685610935, 36.59290838734536], [136.85044181138215, 36.58979340587062], [136.85139479600483, 36.58774741857015], [136.84799675503882, 36.585576431219295], [136.8477457534696, 36.58556743130226]]]}, "properties": {"A27_001": "16210", "A27_002": "南砺市立", "A27_003": "B116221000054", "A27_004": "福野小学校", "A27_005": "南砺市二日町50"}}, {"type": "Feature", "geometry": {"type": "Polygon", "coordinates": [[[136.93590971930388, 36.550630777183535], [136.9386257129622, 36.5494567867204], [136.94385061793122, 36.53795578841109], [136.9473205916877, 36.534571787609984], [136.94980958192286, 36.53318978834362], [136.9625865875833, 36.533181788343356], [136.9709465025071, 36.52327574706517], [136.97195351321128, 36.52457574874162], [136.97087553538398, 36.527158757546054], [136.97247055508328, 36.52943176077182], [136.98013458669922, 36.53307975003639], [136.98442166462615, 36.54206376045646], [136.98932769150156, 36.54526574956257], [136.9937826354254, 36.53891771756442], [137.0005336379016, 36.53946669185169], [137.00431469771456, 36.54666268866027], [137.00252170511226, 36.54747369734147], [137.00479072471472, 36.54988769179455], [137.00066974348016, 36.551998711121605], [136.9949677449904, 36.5518707359981], [136.99275776575664, 36.55434374911762], [136.99009176834952, 36.5545197612012], [136.98809479730107, 36.55802777475404], [136.9883288248245, 36.56125377230085], [136.98401682283875, 36.56065979061545], [136.97859686730249, 36.565581812025506], [136.97881688817012, 36.56809380732227], [136.9719909492026, 36.57474781186854], [136.97353096521744, 36.576984797118754], [136.96901298125408, 36.578897791678344], [136.97067098067853, 36.578919789632444], [136.971679995696, 36.58102877610132], [136.96937901615087, 36.58364976151739], [136.97036902722286, 36.58508875176516], [136.9599720919161, 36.592720692045205], [136.96197622330632, 36.594177843513755], [136.95839813934649, 36.598480644957014], [136.95465102601798, 36.599019237469946], [136.9517551386402, 36.59811663065836], [136.95079511446812, 36.59527565080313], [136.94761112383998, 36.59639263098577], [136.94507410736784, 36.594602635326495], [136.94695408868733, 36.592425659613596], [136.94985408912137, 36.59234067177534], [136.9495370783261, 36.59106767988851], [136.94658007774393, 36.591168667387194], [136.94658608923774, 36.59250465753893], [136.94575407672147, 36.59109166459654], [136.94513008769167, 36.592396652616], [136.93968708444316, 36.59228363189805], [136.94109305092024, 36.58830866450585], [136.94584404788048, 36.587578688376475], [136.94561002981558, 36.58540370194044], [136.95021401338494, 36.58295273642324], [136.94917998515157, 36.57978075339404], [136.94552599282355, 36.581040729595905], [136.94119492464176, 36.57358575146605], [136.93792292127918, 36.57356173556562], [136.94123491321494, 36.572231757077574], [136.93912086926244, 36.56736476621041], [136.93709386832026, 36.56757975562376], [136.93937781838085, 36.56150678006578], [136.93563980702453, 36.56080776511652], [136.93589271967235, 36.550676777087894], [136.93590971930388, 36.550630777183535]]]}, "properties": {"A27_001": "16210", "A27_002": "南砺市立", "A27_003": "B116221000045", "A27_004": "井波小学校", "A27_005": "南砺市山見1368"}}, {"type": "Feature", "geometry": {"type": "Polygon", "coordinates": [[[136.96993050469644, 36.52355174960739], [136.96805947562365, 36.52009574371762], [136.96826543985196, 36.515804732218236], [136.97099541296117, 36.51249471912082], [136.96977036921243, 36.50726170949239], [136.96143534334485, 36.50408772023974], [136.96156732589947, 36.5018997157464], [136.95439227333466, 36.4957277116284], [136.9542472267502, 36.489912703118065], [136.95168919651732, 36.48627570167941], [136.95632219174436, 36.48542169436342], [136.96230015655811, 36.48068768184387], [136.96875416058836, 36.481183667298616], [136.97466421218036, 36.48763266204752], [136.98490320012533, 36.48667562922015], [136.987381260552, 36.49436663356613], [136.99686029867274, 36.49913860530446], [137.00048627349904, 36.496018584346785], [137.0084742459648, 36.49302054284856], [137.00737615137282, 36.48113553886222], [137.00976913050923, 36.47866052814586], [137.00612810376748, 36.47511554221521], [137.00780809035274, 36.47345153609949], [137.00705907215132, 36.47102853994523], [137.01048704722257, 36.46778552877209], [137.006777027742, 36.46514554313828], [137.00676800594, 36.462172544241874], [137.0024169880393, 36.45973155898346], [137.00406895185213, 36.45509155618438], [136.99908189890198, 36.44828957468428], [136.99342579426087, 36.43437859462505], [136.9928047549874, 36.429244598134005], [136.99579672729084, 36.425669592388566], [136.9948537042514, 36.42275259627827], [136.98887265696342, 36.416841613510066], [136.98505158330983, 36.407498622118545], [136.98299457320806, 36.40612162668967], [136.98401153964403, 36.40198262442968], [136.97885045502719, 36.39114863566], [136.97994840613455, 36.385384630927355], [136.9748883285204, 36.37578563406471], [136.97436825166406, 36.366857634188406], [136.9652991783266, 36.35839564076062], [136.96030817524687, 36.35792764710328], [136.95389215056449, 36.354750653539945], [136.95100411359329, 36.35033665444795], [136.95095508868977, 36.34746065272463], [136.94703707288824, 36.34558865393419], [136.951070017416, 36.33924264743753], [136.9551390143335, 36.33909564372266], [136.95808994796997, 36.33158963650585], [136.96143691153836, 36.32755763076124], [136.96027889400034, 36.32547463100581], [136.96141187158744, 36.3229466292345], [136.96427883421657, 36.318690624814835], [136.97111980716656, 36.31554261246142], [136.97329175823418, 36.3098516086001], [136.9688967208938, 36.30517761431034], [136.96784964526603, 36.296247612719256], [136.9655146367554, 36.295265616870374], [136.9654976100188, 36.2921806169006], [136.96050957533794, 36.287777625768186], [136.96158354911663, 36.284559623858854], [136.9586045322246, 36.2822826286734], [136.95773749783393, 36.277935628470374], [136.9664754921184, 36.27770660964648], [136.96789247176065, 36.27524060485359], [136.970724490566, 36.277748600232265], [136.9753084610251, 36.27436358833748], [136.98023549853883, 36.27927358124577], [136.9865275212623, 36.28246356879167], [136.98621855384053, 36.28627357148444], [136.99449356594843, 36.28773655407089], [136.99734055089442, 36.285999546586226], [137.00268355891106, 36.28692453413873], [137.00771158138377, 36.28951752245938], [137.00781460378712, 36.292102523798754], [137.01259861242775, 36.293099511773406], [137.0108286290244, 36.29501451751272], [137.01081265513704, 36.29802751928935], [137.0142036811251, 36.301015512149455], [137.01452670927375, 36.30422151364522], [137.0212537556416, 36.30917549945258], [137.01820477401182, 36.31145150910058], [137.01974383388048, 36.31828051017276], [137.024464822034, 36.31667149589102], [137.03757383449891, 36.31743746195517], [137.052280945616, 36.32950444182949], [137.05253602403258, 36.33853945645096], [137.05873906110952, 36.342499448757046], [137.04890708269642, 36.34549447372301], [137.0501611183625, 36.34954547689124], [137.05653716824756, 36.35497447121496], [137.06211926607105, 36.36661247287098], [137.05854227641453, 36.367993479871224], [137.05845031087563, 36.37197448182141], [137.05066828809026, 36.36974449337375], [137.04696631663103, 36.37322749955905], [137.04945534811822, 36.37687749667361], [137.04862437510886, 36.38029750043092], [137.0503013832062, 36.38121649819406], [137.0515064253787, 36.38639049799784], [137.05387143699943, 36.3876314948445], [137.05462148284207, 36.393174493844484], [137.05838952297538, 36.39777248882047], [137.05628659481005, 36.40698548930739], [137.05785162392917, 36.410451486582744], [137.05611463469717, 36.4119904878216], [137.06222675225806, 36.426006471141086], [137.05740478285983, 36.430367471058034], [137.05675381899565, 36.43510446705438], [137.05468683554298, 36.43761146689829], [137.06430695811008, 36.45237044070944], [137.06110002739422, 36.46194642949253], [137.05883003896264, 36.463743428324506], [137.05855807971523, 36.46895442196873], [137.05991009984587, 36.471245419688444], [137.0550001478828, 36.47834741309389], [137.05236126068894, 36.49330340516413], [137.05339928555296, 36.49623841133488], [137.05009530357958, 36.49904241479837], [137.05022733804478, 36.503072424888806], [137.04434736036626, 36.50626243966469], [137.03855834804452, 36.50543444288632], [137.0354463131735, 36.50162443678281], [137.0313852971377, 36.49998244665878], [137.02843132081108, 36.50286546859805], [137.0284323509456, 36.506342480819654], [137.03459841962194, 36.513950487494135], [137.0326335876924, 36.53344955435936], [137.03662164730693, 36.54064056112822], [137.00290767550746, 36.54400969059073], [137.00090563930664, 36.53964669071335], [136.99472563159995, 36.53848971265109], [136.9890976916991, 36.5452767505478], [136.9831656536407, 36.540803761203904], [136.97983958409918, 36.53277975015417], [136.97247055508328, 36.52943176077182], [136.97087553538398, 36.527158757546054], [136.97188251109455, 36.52431674817716], [136.9700565050615, 36.52359474949806], [136.96993050469644, 36.52355174960739]]]}, "properties": {"A27_001": "16210", "A27_002": "南砺市立", "A27_003": "B116221000036", "A27_004": "利賀小学校", "A27_005": "南砺市利賀村184"}}, {"type": "Feature", "geometry": {"type": "Polygon", "coordinates": [[[136.86684977515188, 36.43230957950168], [136.86099376589732, 36.43113056049701], [136.85170072667734, 36.42570052796543], [136.85286169894965, 36.422248527861534], [136.84422359816693, 36.409799486430266], [136.84543856658647, 36.40605448628268], [136.83635553037357, 36.40152144803684], [136.83541350783312, 36.398778440123216], [136.82880047846012, 36.3947394085323], [136.82715542625917, 36.3883953921754], [136.8294413706692, 36.382098391376765], [136.82737935651429, 36.38035938065174], [136.82670430798524, 36.374722367381636], [136.82222827609752, 36.37081634225518], [136.81330225851053, 36.368329302000994], [136.80603222332158, 36.36356426703525], [136.8081931791334, 36.358687263240284], [136.80589415196155, 36.35531624611589], [136.79667713329317, 36.352046203144134], [136.79334010642737, 36.34848718321587], [136.78752511505675, 36.34853416739706], [136.78548509490793, 36.345424153876536], [136.78447207155014, 36.3422781423449], [136.78601005516643, 36.341001140238006], [136.786933986446, 36.333428116226656], [136.78365396784315, 36.32959009887069], [136.79042288350632, 36.322075090131705], [136.78918986525144, 36.320005077172794], [136.7906318367705, 36.31593308157752], [136.78836083328767, 36.31233208665516], [136.79228982197208, 36.299210173145696], [136.79540381802332, 36.30266216963659], [136.80417981423582, 36.30619020026049], [136.80939480441583, 36.30254024246191], [136.82618779433554, 36.30254734062944], [136.82748080406319, 36.304777343640126], [136.83237081124892, 36.30681036782747], [136.83039881687807, 36.30773735457969], [136.83252185478628, 36.315417351485934], [136.8382919044039, 36.323159377725624], [136.84249996811073, 36.33271539680894], [136.83727204655668, 36.34331837210473], [136.8371550777247, 36.34721437416103], [136.84406810890079, 36.351111410960115], [136.852067081777, 36.347427446624245], [136.85485808351538, 36.34754345945876], [136.85558010072765, 36.349769463584295], [136.86510310284064, 36.34965950483857], [136.86608411646463, 36.35136250941133], [136.86413814716067, 36.35519950399259], [136.8680361921162, 36.36073052126658], [136.86810923239182, 36.36558252476084], [136.8711112498134, 36.3675305367333], [136.8732222441539, 36.366727543703725], [136.87280820002792, 36.36158453880305], [136.87605019331272, 36.36072754975883], [136.8763071696727, 36.35794454904879], [136.87348713221672, 36.35333153864431], [136.8699241257127, 36.3525185248053], [136.86986509988867, 36.349290523886566], [136.87574410640494, 36.35010454674938], [136.87654308042477, 36.34685754923097], [136.87437804976074, 36.34302454193852], [136.87876306476878, 36.34490055613761], [136.88193204106477, 36.341937565996695], [136.8869780688488, 36.34541058169536], [136.8900940705623, 36.34555759023869], [136.89686112037813, 36.35130460915449], [136.89710013660627, 36.35328361111117], [136.9031261574531, 36.35567362738651], [136.90747720283778, 36.360840640500086], [136.91307917674098, 36.357571650003564], [136.92541314503825, 36.353913658346904], [136.93276009632285, 36.34829265829667], [136.93936910525818, 36.349323659832216], [136.94703707288824, 36.34558865393419], [136.95095508868977, 36.34746065272463], [136.95100411359329, 36.35033665444795], [136.9546301550638, 36.35530765292729], [136.9652991783266, 36.35839564076062], [136.97064621412864, 36.36252663638525], [136.97436825166406, 36.366857634188406], [136.9748883285204, 36.37578563406471], [136.97987840405736, 36.385136630958584], [136.97874545150628, 36.390727635693764], [136.98381353300405, 36.40114162486968], [136.98299457320806, 36.40612162668967], [136.98505158330983, 36.407498622118545], [136.98887265696342, 36.416841613510066], [136.99570972385303, 36.42521459278411], [136.9928047549874, 36.429244598134005], [136.99342579426087, 36.43437859462505], [136.99908189890198, 36.44828957468428], [137.00406895185213, 36.45509155618438], [137.0024169880393, 36.45973155898346], [137.00676800594, 36.462172544241874], [137.006777027742, 36.46514554313828], [137.01032604001355, 36.46681652988753], [137.00694807376416, 36.47123654028871], [137.00780809035274, 36.47345153609949], [137.00612810376748, 36.47511554221521], [137.00976913050923, 36.47866052814586], [137.00737615137282, 36.48113553886222], [137.0084742459648, 36.49302054284856], [136.99643729892077, 36.49916960705846], [136.987381260552, 36.49436663356613], [136.98490320012533, 36.48667562922015], [136.97466421218036, 36.48763266204752], [136.96875416058836, 36.481183667298616], [136.96230015655811, 36.48068768184387], [136.95632219174436, 36.48542169436342], [136.95168919651732, 36.48627570167941], [136.94357815499197, 36.48108770344722], [136.9429721217577, 36.476785699431645], [136.93962911723077, 36.47635970071623], [136.93221504558844, 36.46682169454846], [136.9277300457644, 36.46684569456446], [136.9274570263609, 36.46436769444445], [136.92325899333318, 36.460299693075456], [136.92389697518422, 36.45797869345934], [136.91865494018228, 36.45320568879979], [136.91776991805034, 36.450187688013116], [136.91309090938967, 36.44900668385401], [136.9101509408959, 36.45344568019433], [136.90470992663433, 36.45183067293964], [136.903575895587, 36.447665671427615], [136.9016109029636, 36.44879066880761], [136.89353188205396, 36.446036653790635], [136.89505886430737, 36.44361665618958], [136.8904227864526, 36.43356464537265], [136.88347179544144, 36.434887628467976], [136.87857075088607, 36.429177612294254], [136.87279873879993, 36.42776559498033], [136.86693777453593, 36.43223257972413], [136.86684977515188, 36.43230957950168]]]}, "properties": {"A27_001": "16210", "A27_002": "南砺市立", "A27_003": "B116221000027", "A27_004": "上平小学校", "A27_005": "南砺市皆葎1573"}}, {"type": "Feature", "geometry": {"type": "Polygon", "coordinates": [[[137.31678236153317, 36.712167033188415], [137.3109383403758, 36.71160904098041], [137.30833931159793, 36.707703044585536], [137.30678530978204, 36.708293046529604], [137.30795733010427, 36.711422044955086], [137.30513232997131, 36.71304504872175], [137.29375325444266, 36.70477806626299], [137.29318424848117, 36.70391606759633], [137.29911326753628, 36.70430805942966], [137.29825125237593, 36.701645062354345], [137.3029382639929, 36.70127905524638], [137.30313825381137, 36.69924205554432], [137.29999723155618, 36.696929061124024], [137.29714718298825, 36.689667064924045], [137.29836416316482, 36.685443063301385], [137.30181318909865, 36.688718057899905], [137.3059381909467, 36.68700205056656], [137.30930021339478, 36.68953004458966], [137.3089372216961, 36.69126804523499], [137.31180423325273, 36.69196404013809], [137.30979223361138, 36.69291804371499], [137.30877925243198, 36.69650504551586], [137.31155826269267, 36.69698004057541], [137.31118725017737, 36.69505904123497], [137.3144532821366, 36.69893403542875], [137.31739529403188, 36.699609030198516], [137.31779930669794, 36.701646029945316], [137.32053631503217, 36.701784025379126], [137.32043632542812, 36.703638026331426], [137.31802831452674, 36.70292502993494], [137.3156353202354, 36.70519103419373], [137.31690036080158, 36.711961033031066], [137.31678236153317, 36.712167033188415]]]}, "properties": {"A27_001": "16321", "A27_002": "舟橋村立", "A27_003": "B116232100014", "A27_004": "舟橋小学校", "A27_005": "中新川郡舟橋村竹内338"}}, {"type": "Feature", "geometry": {"type": "Polygon", "coordinates": [[[136.91439351727288, 36.930306221396656], [136.90861954752006, 36.92932320731323], [136.90584257934557, 36.92647419366281], [136.89558663602713, 36.92471817640653], [136.8926536840832, 36.91866414573639], [136.88760671488512, 36.916895134606214], [136.88769172737804, 36.914947123144735], [136.87910880684552, 36.906497071507424], [136.8778868603125, 36.89898902248744], [136.87901590040667, 36.89273298268071], [136.8823489303368, 36.88734494926631], [136.8856059367308, 36.885219941015826], [136.89464988602847, 36.88780798535392], [136.9059038802504, 36.88144001102694], [136.90798886528768, 36.88231902626184], [136.9144948498431, 36.87982405982487], [136.92895576074108, 36.88254616715143], [136.9435526849943, 36.88180827914169], [136.95438964336708, 36.876138358801974], [136.95430465937736, 36.87082935199877], [136.95640465641284, 36.867018365484604], [136.96792458910323, 36.86308645523475], [136.9676445931347, 36.860858450024075], [136.96201562704528, 36.86144140568793], [136.9616656332387, 36.858711399312405], [136.9584966567228, 36.857848373470816], [136.95745066716466, 36.85466936510285], [136.95240870429524, 36.854427324766924], [136.95233670807477, 36.851737324190935], [136.95622367977148, 36.846867355286875], [136.96431361957016, 36.848621419071286], [136.96839659134096, 36.85291645096987], [136.97233056253233, 36.84857947903352], [136.97729353013384, 36.84989151618768], [136.97630154156494, 36.85703151437895], [136.9838404979241, 36.857418571257895], [136.98944946353595, 36.85541960962818], [136.99389244147596, 36.856646642586654], [136.99309045038518, 36.86233664771409], [136.9933424446933, 36.856859639075275], [136.99114045577593, 36.856363622832035], [136.99062046081997, 36.858066621742296], [136.9925074515301, 36.859120637136314], [136.99100346074698, 36.86266563353121], [136.9895904667417, 36.85866961549122], [136.98796047575718, 36.866545619652086], [136.98587748652557, 36.866016602389436], [136.98491149049508, 36.86806359850547], [136.98488648375644, 36.87634861390441], [136.98219849595085, 36.87680259211376], [136.9826784911192, 36.87898360052907], [136.9782815008329, 36.884830574355234], [136.97258552460565, 36.88505852522167], [136.9688185298841, 36.88973649797457], [136.95721256518402, 36.89397340516581], [136.95320556991993, 36.89725837748983], [136.9507295817109, 36.89687335716851], [136.94859457092412, 36.901463346946734], [136.93812658964796, 36.905676276960065], [136.9377935451385, 36.91427729161549], [136.93024455396036, 36.917026253346094], [136.92864851994202, 36.92396226130444], [136.91800354200296, 36.924834219044996], [136.9145755193904, 36.92992122102615], [136.91439351727288, 36.930306221396656]]]}, "properties": {"A27_001": "16205", "A27_002": "氷見市立", "A27_003": "B116220500024", "A27_004": "比美乃江小学校", "A27_005": "氷見市北大町13-50"}}, {"type": "Feature", "geometry": {"type": "Polygon", "coordinates": [[[136.99008046022925, 36.855463614082], [136.97630154156494, 36.85703151437895], [136.97729353013384, 36.84989151618768], [136.97233056253233, 36.84857947903352], [136.96839659134096, 36.85291645096987], [136.96149863960648, 36.84779939748679], [136.96903158290732, 36.8439524527473], [136.97152755905088, 36.83913947138411], [136.968624576864, 36.83719845203456], [136.9741545271708, 36.832771494335745], [136.98608546964778, 36.845334575670435], [136.99200943755824, 36.84675961519022], [136.99265842998724, 36.84427361626934], [136.99972438814595, 36.843266657077656], [136.9901284597999, 36.85533361422449], [136.99008046022925, 36.855463614082]]]}, "properties": {"A27_001": "16205", "A27_002": "氷見市立", "A27_003": "B116220500015", "A27_004": "朝日丘小学校", "A27_005": "氷見市朝日丘3-1"}}, {"type": "Feature", "geometry": {"type": "Polygon", "coordinates": [[[136.97310932969694, 36.94444251821931], [136.9735993371346, 36.94165052585964], [136.9764223401889, 36.93891555093691], [136.96960136738272, 36.935774513417904], [136.96765639992515, 36.928006508296654], [136.96600540767102, 36.92692349701139], [136.96615443097392, 36.92056849855031], [136.9638464447841, 36.91849747893683], [136.97143444289986, 36.913500542053235], [136.9825304099524, 36.915147642440154], [136.9898834063557, 36.91114371318048], [136.99602139846613, 36.91142677592443], [136.9951604030291, 36.909851767123115], [137.00369839640302, 36.90850685611], [137.00592539261334, 36.90959388059248], [137.01451238997782, 36.90395795137466], [137.01482738856245, 36.90664996418665], [137.0191953849047, 36.912175024172534], [137.02480838687035, 36.91376409153556], [137.02896038274332, 36.92147906872566], [137.03272438191152, 36.92361905659192], [137.02780036944216, 36.93308498692651], [137.02687836128268, 36.93954793842373], [137.03248536846044, 36.943120934131535], [137.03802037890347, 36.94944691553081], [137.04014438356424, 36.949469919994314], [137.04419239367795, 36.95292591139803], [137.04866340772813, 36.958481895716304], [137.05174041613512, 36.959153898550504], [137.0376753899454, 36.96711782641555], [137.0272433536241, 36.962423801953854], [137.02148033768356, 36.9638557644273], [137.00509228804327, 36.961129666118964], [136.99958027094232, 36.96354061459164], [136.9962712583245, 36.96701357396165], [136.98695322819978, 36.967295500906424], [136.98412824851536, 36.96351050890762], [136.98242028472583, 36.95273954564236], [136.9732463298289, 36.944271519219264], [136.97310932969694, 36.94444251821931]]]}, "properties": {"A27_001": "16205", "A27_002": "氷見市立", "A27_003": "B116220500097", "A27_004": "灘浦小学校", "A27_005": "氷見市宇波1194"}}, {"type": "Feature", "geometry": {"type": "Polygon", "coordinates": [[[136.91439351727288, 36.930306221396656], [136.91800354200296, 36.924834219044996], [136.92204454008083, 36.923421229457055], [136.92864851994202, 36.92396226130444], [136.93024455396036, 36.917026253346094], [136.9377935451385, 36.91427729161549], [136.93812658964796, 36.905676276960065], [136.94859457092412, 36.901463346946734], [136.9507295817109, 36.89687335716851], [136.95320556991993, 36.89725837748983], [136.95721256518402, 36.89397340516581], [136.9688185298841, 36.88973649797457], [136.97258552460565, 36.88505852522167], [136.9782815008329, 36.884830574355234], [136.9826784911192, 36.87898360052907], [136.9813744981882, 36.87803858762753], [136.98219849595085, 36.87680259211376], [136.98488648375644, 36.87634861390441], [136.9877474681056, 36.87982364496896], [136.99297744881736, 36.8790616864086], [136.9941654424632, 36.88387270769263], [136.99736843019272, 36.88507973860866], [136.99905642152044, 36.8890217659179], [137.00344941103486, 36.89003580637313], [137.01449338999515, 36.9039579512235], [137.00592539261334, 36.90959388059248], [137.00369839640302, 36.90850685611], [136.9951604030291, 36.909851767123115], [136.99602139846613, 36.91142677592443], [136.9898834063557, 36.91114371318048], [136.9825304099524, 36.915147642440154], [136.97143444289986, 36.913500542053235], [136.9638464447841, 36.91849747893683], [136.96615443097392, 36.92056849855031], [136.96600540767102, 36.92692349701139], [136.96765639992515, 36.928006508296654], [136.96960136738272, 36.935774513417904], [136.9763713395806, 36.939118550010654], [136.9735993371346, 36.94165052585964], [136.97203232566469, 36.94683750876432], [136.96332634975565, 36.94871946571681], [136.95379136781622, 36.95605543575348], [136.94733439060764, 36.95515741624932], [136.9358884267467, 36.94988936759728], [136.93095843968536, 36.95060135698098], [136.93094644165234, 36.948825350779416], [136.92726745328866, 36.94741133519348], [136.9272674583103, 36.94395732221025], [136.92329947237687, 36.94086429758179], [136.92313147967695, 36.93792828448718], [136.91944048652164, 36.93745027010023], [136.91499251532292, 36.93047422416628], [136.91439351727288, 36.930306221396656]]]}, "properties": {"A27_001": "16205", "A27_002": "氷見市立", "A27_003": "B116220500088", "A27_004": "海峰小学校", "A27_005": "氷見市阿尾1015"}}, {"type": "Feature", "geometry": {"type": "Polygon", "coordinates": [[[136.95622367977148, 36.846867355286875], [136.95240870429524, 36.854427324766924], [136.95745066716466, 36.85466936510285], [136.96201562704528, 36.86144140568793], [136.9676445931347, 36.860858450024075], [136.96792458910323, 36.86308645523475], [136.95640465641284, 36.867018365484604], [136.95438964336708, 36.876138358801974], [136.9435526849943, 36.88180827914169], [136.91846982840485, 36.88004608758975], [136.9167538637915, 36.875422064565704], [136.92893785450528, 36.861955139415215], [136.9222269090141, 36.85839608336427], [136.92004193531545, 36.8536420658314], [136.9227599269717, 36.851939087575396], [136.9224349457871, 36.845125088892466], [136.92808190672335, 36.838702141145944], [136.9551846877557, 36.84672434697489], [136.95622367977148, 36.846867355286875]]]}, "properties": {"A27_001": "16205", "A27_002": "氷見市立", "A27_003": "B116220500079", "A27_004": "上庄小学校", "A27_005": "氷見市泉338"}}, {"type": "Feature", "geometry": {"type": "Polygon", "coordinates": [[[136.96149863960648, 36.84779939748679], [136.92989889668425, 36.84033415255659], [136.92742589467704, 36.83384014509849], [136.93073385039602, 36.829029181202614], [136.92630586920004, 36.826242156001626], [136.94740667798862, 36.81627433260201], [136.95799163039888, 36.824950390186345], [136.96593256211563, 36.82295144778702], [136.9741545271708, 36.832771494335745], [136.968624576864, 36.83719845203456], [136.97152755905088, 36.83913947138411], [136.96903158290732, 36.8439524527473], [136.96245463186895, 36.84719340513477], [136.96149863960648, 36.84779939748679]]]}, "properties": {"A27_001": "16205", "A27_002": "氷見市立", "A27_003": "B116220500060", "A27_004": "十二町小学校", "A27_005": "氷見市万尾485"}}, {"type": "Feature", "geometry": {"type": "Polygon", "coordinates": [[[136.92630586920004, 36.826242156001626], [136.9241458706703, 36.8239171479085], [136.91602991383647, 36.82457109177656], [136.91453190718664, 36.82195109202109], [136.9052749219372, 36.81864205444212], [136.90198887472695, 36.80885008942703], [136.89425383112487, 36.80012311680424], [136.8931577808401, 36.79109716018167], [136.88754774491508, 36.78342618849967], [136.88738271742312, 36.7775802082251], [136.89328769707976, 36.77422322643973], [136.89882169096052, 36.77401223438103], [136.906148702233, 36.780383235454536], [136.90943666622132, 36.77521326603412], [136.91580963145586, 36.77274930141845], [136.91902562174633, 36.77345531478776], [136.9259035728618, 36.76976436176381], [136.93039556421667, 36.7726353785763], [136.93041657418468, 36.77452537185502], [136.9369355388516, 36.77441941010537], [136.94256853673105, 36.78049842060274], [136.94992750241903, 36.78265045778401], [136.9505725106469, 36.78527145285799], [136.94746154248722, 36.78772342447983], [136.95356351660098, 36.79081345432466], [136.95724348195213, 36.788844485421215], [136.95865543921832, 36.782338517641065], [136.9614484169073, 36.78178853894451], [136.9641944176559, 36.785665542147655], [136.97470036859923, 36.790425591917604], [136.9817563167897, 36.78878563940205], [136.98304831307192, 36.78971164316293], [136.9852243193384, 36.794258639276556], [136.98324034951904, 36.79841261396686], [136.9889523434423, 36.806162623960994], [136.98702036443305, 36.80835460825253], [136.98704637778516, 36.81238260024787], [136.98472239324093, 36.81222758665125], [136.98253742967697, 36.818440561154596], [136.9874923983765, 36.81948059059899], [136.98901740177024, 36.823348593587994], [136.98760541341932, 36.82420758491201], [136.9873024211627, 36.826172581277035], [136.98883941386558, 36.8270565892132], [136.98764642347, 36.82787458218033], [136.98384544988667, 36.82830155834753], [136.97623551527496, 36.833952507310634], [136.97109954513573, 36.83085247438181], [136.96593256211563, 36.82295144778702], [136.95799163039888, 36.824950390186345], [136.94740667798862, 36.81627433260201], [136.93891376411236, 36.821916257502], [136.93334980098882, 36.82180321855166], [136.92668986593844, 36.82609715913142], [136.92630586920004, 36.826242156001626]]]}, "properties": {"A27_001": "16205", "A27_002": "氷見市立", "A27_003": "B116220500051", "A27_004": "湖南小学校", "A27_005": "氷見市飯久保473"}}, {"type": "Feature", "geometry": {"type": "Polygon", "coordinates": [[[136.99972438814595, 36.843266657077656], [136.99821239552637, 36.842622646918606], [136.99523941744326, 36.84542463361665], [136.99265842998724, 36.84427361626934], [136.99200943755824, 36.84675961519022], [136.98608546964778, 36.845334575670435], [136.9825694905486, 36.843604549514474], [136.98325348021064, 36.83981355269107], [136.97886250735985, 36.838751522604596], [136.97623551527496, 36.833952507310634], [136.98384544988667, 36.82830155834753], [136.98883941386558, 36.8270565892132], [136.98760541341932, 36.82420758491201], [136.9912933840751, 36.822288607139974], [136.99584336398078, 36.824753628119936], [137.0000393336701, 36.82348865215387], [137.00416232708164, 36.82922266940433], [137.01085530440278, 36.833762703573036], [136.99981438743862, 36.84316865741905], [136.99972438814595, 36.843266657077656]]]}, "properties": {"A27_001": "16205", "A27_002": "氷見市立", "A27_003": "B116220500042", "A27_004": "窪小学校", "A27_005": "氷見市窪1237"}}, {"type": "Feature", "geometry": {"type": "Polygon", "coordinates": [[[137.01085530440278, 36.833762703573036], [137.00416232708164, 36.82922266940433], [137.0000393336701, 36.82348865215387], [136.99584336398078, 36.824753628119936], [136.99199637968422, 36.82228361089596], [136.98901740177024, 36.823348593587994], [136.98731239866248, 36.819189589866994], [136.98253742967697, 36.818440561154596], [136.98472239324093, 36.81222758665125], [136.98704637778516, 36.81238260024787], [136.98702036443305, 36.80835460825253], [136.9889523434423, 36.806162623960994], [136.98324034951904, 36.79841261396686], [136.9852243193384, 36.794258639276556], [136.99053128132533, 36.79308967114753], [136.99248327837964, 36.79538967302397], [136.99651925487484, 36.795791691415474], [136.99891822958767, 36.79320171177718], [137.00363220714047, 36.794241729745444], [137.0153721308283, 36.78999179465828], [137.01404014973127, 36.79362877652291], [137.01600914153687, 36.79379578272971], [137.01797214407233, 36.79717377724158], [137.01325818365976, 36.802350746064185], [137.0046942347595, 36.80295870738247], [137.0002502856044, 36.809434671818615], [137.0042252689611, 36.81133168629526], [137.00182528370436, 36.81159467563646], [137.00370627915964, 36.81349168076547], [137.00743224999184, 36.8111997002637], [137.0075322652205, 36.81594169246696], [137.01150823749822, 36.81451671129837], [137.01253323520436, 36.8156017133194], [137.01166426210693, 36.82216970382316], [137.01429024676042, 36.821879713678676], [137.0116202670912, 36.82358870262116], [137.01676525954122, 36.82937572460868], [137.01101230324278, 36.83364170419251], [137.01085530440278, 36.833762703573036]]]}, "properties": {"A27_001": "16205", "A27_002": "氷見市立", "A27_003": "B116220500033", "A27_004": "宮田小学校", "A27_005": "氷見市島尾258"}}, {"type": "Feature", "geometry": {"type": "Polygon", "coordinates": [[[137.540838252512, 36.943668684729055], [137.53855422760182, 36.942233691393824], [137.53718622316188, 36.94331769295677], [137.53541619199558, 36.939828699093795], [137.5349041996791, 36.941959699838556], [137.53126716959548, 36.9411607083138], [137.52813911141058, 36.93442171526494], [137.5287600757795, 36.92666271833091], [137.52691205743443, 36.92579372301692], [137.52810906079915, 36.9247137206975], [137.52690802957545, 36.92056072059773], [137.5282600281105, 36.918370716133275], [137.53050204562612, 36.918478711223045], [137.52969402635583, 36.91595471103994], [137.53176000624268, 36.90886369962583], [137.53637104621785, 36.9102016922708], [137.53847805135712, 36.908334687597936], [137.5424670972113, 36.91161368446526], [137.5587492113327, 36.91057366490216], [137.55883215647876, 36.90083266290861], [137.55523908844347, 36.89341865740464], [137.557799076667, 36.888150652330076], [137.56380511368778, 36.8867576528604], [137.5672991478989, 36.88805965528129], [137.56716411867896, 36.88335965208794], [137.58094320940702, 36.88112966346866], [137.59157932815015, 36.887526675751765], [137.6019853415292, 36.87665270311562], [137.60785736968467, 36.87390571862764], [137.61080434786317, 36.86647673456127], [137.61863739013657, 36.864238761984446], [137.62429039407178, 36.858194792068296], [137.6343444690079, 36.85945982896996], [137.63726646854394, 36.856135847839305], [137.64172750751504, 36.857986862087294], [137.65326558095674, 36.85879590729178], [137.64691260988377, 36.870367843927106], [137.64747664011261, 36.87486283144477], [137.64313261092192, 36.87418081992193], [137.64546768094183, 36.88303379456545], [137.63985064934593, 36.883571777607024], [137.63773665749807, 36.88712276010081], [137.64163871206517, 36.89217074965203], [137.6377267063119, 36.89526873037488], [137.63295667606076, 36.89551072190244], [137.62989367272274, 36.898357706853645], [137.6246227095247, 36.910383666578454], [137.61824369764415, 36.91644464758061], [137.61778373505103, 36.923271629858036], [137.61071769399842, 36.92536862686081], [137.6079946919367, 36.92883961938367], [137.59675459446177, 36.92675762801908], [137.5910445629417, 36.929412627749514], [137.58039353373874, 36.93932062372361], [137.5780145484665, 36.94584961819028], [137.57975757607127, 36.94870461205961], [137.5793865868288, 36.95144160856792], [137.57401553975765, 36.95053161772097], [137.56828851064657, 36.95341062406364], [137.56765349048513, 36.9503246293072], [137.56340544171465, 36.94714863933044], [137.56285042418648, 36.944655641940216], [137.55892538660416, 36.943187649799306], [137.5589643745469, 36.94087165165288], [137.56087338990378, 36.94104664812178], [137.5597863680908, 36.93849665304819], [137.56365638595295, 36.9362676501103], [137.56452837664622, 36.93321465294036], [137.560982325447, 36.92880666060707], [137.54092825216267, 36.9434756847608], [137.540838252512, 36.943668684729055]]]}, "properties": {"A27_001": "16343", "A27_002": "朝日町立", "A27_003": "B116234300027", "A27_004": "あさひ野小学校", "A27_005": "下新川郡朝日町藤塚31"}}, {"type": "Feature", "geometry": {"type": "Polygon", "coordinates": [[[137.6464094620133, 36.845547910829985], [137.64890545367012, 36.84156893313372], [137.6469724303925, 36.83969392532437], [137.6470774111739, 36.83638193030036], [137.7470863310577, 36.767149126147416], [137.75413629356584, 36.75402906915412], [137.7633922680866, 36.76823207690954], [137.7578502999642, 36.77449411181753], [137.75247733022405, 36.7768211413793], [137.74956035045417, 36.780024166061], [137.75085337277804, 36.79162020052794], [137.75429936714266, 36.796588193793916], [137.7495034221009, 36.80415424478638], [137.74933444229057, 36.80957525663031], [137.7456324757399, 36.812165289808746], [137.74402650349523, 36.816007312568246], [137.73222261279648, 36.82344842144983], [137.73008763812595, 36.82642543616478], [137.73444462614898, 36.831398366441796], [137.7326556464215, 36.83613734015177], [137.73417965413847, 36.84239027886997], [137.73286466565966, 36.84473826188346], [137.73516669124558, 36.855190157791185], [137.73240671298962, 36.857866140175226], [137.73407072042366, 36.86105910725469], [137.73283775205277, 36.86706105685085], [137.73413575687763, 36.868831038335436], [137.73224878870144, 36.87354000017849], [137.72446784224297, 36.878174972562064], [137.71352394170972, 36.89143686307651], [137.71436399650003, 36.89910080162485], [137.71257803811497, 36.904079761792936], [137.71783805984572, 36.90767273304899], [137.71752315937857, 36.919706638805025], [137.71628817575015, 36.92138962646305], [137.72046321981787, 36.92668858719395], [137.71624827998457, 36.9327335396595], [137.7137442928482, 36.93384053014927], [137.71381333294346, 36.93788450052395], [137.711404360284, 36.94066148007076], [137.71123939487168, 36.9441724543968], [137.6986493506932, 36.942266474661366], [137.68773531822478, 36.94314347978005], [137.67348229431403, 36.950680461319934], [137.66651224484096, 36.95023747887616], [137.66621226424334, 36.95369146342416], [137.65785823763986, 36.95964145596864], [137.651542233683, 36.96901944012151], [137.63768015756582, 36.97654745206261], [137.6349941499915, 36.97974645164763], [137.58768276167254, 36.97483655556957], [137.58517773206225, 36.972708564278875], [137.58607974523213, 36.97402956003333], [137.58973477279181, 36.97386855385755], [137.58702375113893, 36.97368555904311], [137.57460561092032, 36.96374359905608], [137.5428203534309, 36.960964661453446], [137.54092825216267, 36.9434756847608], [137.560982325447, 36.92880666060707], [137.56452837664622, 36.93321465294036], [137.56365638595295, 36.9362676501103], [137.5597863680908, 36.93849665304819], [137.56087338990378, 36.94104664812178], [137.5589643745469, 36.94087165165288], [137.55892538660416, 36.943187649799306], [137.56285042418648, 36.944655641940216], [137.56340544171465, 36.94714863933044], [137.56765349048513, 36.9503246293072], [137.56828851064657, 36.95341062406364], [137.57401553975765, 36.95053161772097], [137.5793865868288, 36.95144160856792], [137.57975757607127, 36.94870461205961], [137.5780145484665, 36.94584961819028], [137.58039353373874, 36.93932062372361], [137.59199256689905, 36.928732628327424], [137.59675459446177, 36.92675762801908], [137.6079946919367, 36.92883961938367], [137.61071769399842, 36.92536862686081], [137.61778373505103, 36.923271629858036], [137.61824369764415, 36.91644464758061], [137.6246227095247, 36.910383666578454], [137.62989367272274, 36.898357706853645], [137.63295667606076, 36.89551072190244], [137.6377267063119, 36.89526873037488], [137.64163871206517, 36.89217074965203], [137.63773665749807, 36.88712276010081], [137.63985064934593, 36.883571777607024], [137.64546768094183, 36.88303379456545], [137.64313261092192, 36.87418081992193], [137.64747664011261, 36.87486283144477], [137.64691260988377, 36.870367843927106], [137.65326558095674, 36.85879590729178], [137.64172750751504, 36.857986862087294], [137.63726646854394, 36.856135847839305], [137.63334946257254, 36.859492824969145], [137.62837541986042, 36.857900808563755], [137.62847439601643, 36.85381681516226], [137.63189839919303, 36.85054183525282], [137.63652343893042, 36.852025852784315], [137.64433448267215, 36.85114288874274], [137.6476344872575, 36.848484909767784], [137.6464094627633, 36.845672910544636], [137.6464094620133, 36.845547910829985]]]}, "properties": {"A27_001": "16343", "A27_002": "朝日町立", "A27_003": "B116234300018", "A27_004": "さみさと小学校", "A27_005": "下新川郡朝日町沼保770"}}, {"type": "Feature", "geometry": {"type": "MultiPolygon", "coordinates": [[[[137.35010326523192, 36.68225194893766], [137.34322825540045, 36.683052967991415], [137.34643819255217, 36.67233295503978], [137.34174517515586, 36.6709749683747], [137.34210616147104, 36.668825966423555], [137.34881917798498, 36.66951294779206], [137.34651022581792, 36.677369956461774], [137.35146025081636, 36.67967894239747], [137.35074126666655, 36.682259946674534], [137.35010326523192, 36.68225194893766]]], [[[137.33296632790442, 36.69833400181017], [137.33377734221702, 36.70035900131532], [137.32819935574065, 36.70509201438709], [137.31926133069825, 36.70515402873835], [137.31651531725646, 36.70418703265834], [137.32043632542812, 36.70363802633145], [137.3205363150322, 36.70178402537913], [137.3177993066979, 36.701646029945294], [137.31118725017737, 36.695059041235], [137.31155826269267, 36.6969800405754], [137.308779252432, 36.69650504551585], [137.31180423325276, 36.691964040138075], [137.30618119517334, 36.68767305013458], [137.30876520173877, 36.68761204554076], [137.3079971772534, 36.683405046906145], [137.312569186863, 36.68300703875047], [137.31255516795224, 36.680174038781544], [137.31618116830583, 36.6788890307238], [137.31550814312942, 36.67527403221935], [137.31816315034226, 36.675301026319374], [137.315685117905, 36.67112403182606], [137.31865014027153, 36.67350602523711], [137.32108313755128, 36.672110019830455], [137.32071812431838, 36.67019702064162], [137.3248631384189, 36.67081401143048], [137.32650112180409, 36.6677710072145], [137.3287771277151, 36.667899001305116], [137.32835619487852, 36.678460003668235], [137.3301862192431, 36.68184299960157], [137.3333302247179, 36.681590992614915], [137.33583825409, 36.685361988395], [137.34165026378628, 36.68485197329791], [137.34281228331523, 36.68739397189388], [137.33943128234182, 36.68837498156392], [137.33826330377568, 36.69201198710323], [137.33331228198358, 36.69060499750365], [137.32998730033455, 36.69506300650178], [137.33303832625447, 36.69802700154425], [137.33296632790442, 36.69833400181017]]]]}, "properties": {"A27_001": "16323", "A27_002": "立山町立", "A27_003": "B116232300012", "A27_004": "立山北部小学校", "A27_005": "中新川郡立山町二ツ塚168"}}, {"type": "Feature", "geometry": {"type": "Polygon", "coordinates": [[[137.3032647217673, 36.61657306498179], [137.31504163980713, 36.60329704148656], [137.32071954093948, 36.589576031748585], [137.33133550304888, 36.583014008157484], [137.3345514736289, 36.57870000101084], [137.34551746145402, 36.5742659729061], [137.360493468292, 36.571214937806424], [137.37332850714398, 36.57222190928415], [137.41831372443025, 36.5838648301049], [137.42938674536856, 36.582806815852834], [137.4376777761929, 36.58511479337153], [137.45209472314596, 36.576942753497], [137.45866476080576, 36.58302971212297], [137.4524278690157, 36.601344679373895], [137.4422348449979, 36.59762473097324], [137.42222585609417, 36.60360077301768], [137.41121879758776, 36.59756581514237], [137.39213372105405, 36.59289486287277], [137.38030660330006, 36.58165789613306], [137.36878956886588, 36.580918919370795], [137.3729706202078, 36.58584190867877], [137.35990962547302, 36.59058393910412], [137.36305966405075, 36.594636929877026], [137.3611066882622, 36.59820893208152], [137.36516669298845, 36.59764692225166], [137.3702877699234, 36.60620490289026], [137.36778976198835, 36.605788909828945], [137.36892980914777, 36.61180990277492], [137.3641429018709, 36.62562190560498], [137.35931596034158, 36.63506891548235], [137.35266897022697, 36.63841193616191], [137.35365299351355, 36.64140493310056], [137.34739799015617, 36.64248595096811], [137.34708800288456, 36.64433795086195], [137.3450299958651, 36.64390395681747], [137.34540402237448, 36.64754395424234], [137.3411190106147, 36.647135967091124], [137.33718702168687, 36.650002978630425], [137.33505501217374, 36.64914498431577], [137.33726500834263, 36.64798097842244], [137.339357959008, 36.640171972841145], [137.33897380894595, 36.61976897942081], [137.34820079770194, 36.61603195523761], [137.34758876021854, 36.61106896017827], [137.35537669262732, 36.60036294351743], [137.3471796790122, 36.60078096309375], [137.33557675617953, 36.61347499027794], [137.33443078823325, 36.61807899130356], [137.32936478098702, 36.618319004326686], [137.33100680105883, 36.620657999282], [137.32288875718467, 36.616645021372925], [137.30482673041945, 36.61737206151067], [137.3032647217673, 36.61657306498179]]]}, "properties": {"A27_001": "16323", "A27_002": "立山町立", "A27_003": "B116232300085", "A27_004": "立山小学校", "A27_005": "中新川郡立山町宮路5"}}, {"type": "Feature", "geometry": {"type": "Polygon", "coordinates": [[[137.3032647217673, 36.61657306498179], [137.33100680105883, 36.620657999282], [137.3471796790122, 36.60078096309375], [137.35537669262732, 36.60036294351743], [137.34820079770194, 36.61603195523761], [137.33897380894595, 36.61976897942081], [137.33820392408842, 36.63568997591849], [137.32006491697493, 36.63933302209281], [137.31203285231342, 36.632247040664936], [137.3058779063677, 36.641878053619486], [137.30304681639157, 36.62952706244719], [137.29636577198363, 36.62509107865103], [137.30317772247196, 36.616688065175126], [137.3032647217673, 36.61657306498179]]]}, "properties": {"A27_001": "16323", "A27_002": "立山町立", "A27_003": "B116232300067", "A27_004": "釜ヶ渕小学校", "A27_005": "中新川郡立山町道源寺685"}}, {"type": "Feature", "geometry": {"type": "Polygon", "coordinates": [[[137.49812056467567, 36.861072631485314], [137.49829759524908, 36.867438649304034], [137.50149963852, 36.87310466407207], [137.5067826738955, 36.87417566074462], [137.5129867425246, 36.881103675325576], [137.49588369771962, 36.89235072955004], [137.49167866329935, 36.8895467276794], [137.48914062440159, 36.88327871431343], [137.48243155974578, 36.87602869881316], [137.4743854971293, 36.87017969020679], [137.497952562571, 36.860797630895725], [137.49812056467567, 36.861072631485314]]]}, "properties": {"A27_001": "16207", "A27_002": "黒部市立", "A27_003": "B116220700086", "A27_004": "若栗小学校", "A27_005": "黒部市若栗1337"}}, {"type": "Feature", "geometry": {"type": "Polygon", "coordinates": [[[137.31735812201438, 36.671123028108255], [137.32018010054415, 36.66669002183715], [137.31898104909948, 36.65937202450162], [137.3218710326518, 36.655880018079415], [137.33158506393647, 36.65744299356906], [137.33253902565795, 36.65173399102509], [137.3411190106147, 36.647135967091124], [137.34540402237448, 36.64754395424234], [137.3450299958651, 36.64390395681747], [137.35365299351355, 36.64140493310056], [137.35266897022697, 36.63841193616191], [137.35931596034158, 36.63506891548235], [137.36892980914777, 36.61180990277492], [137.36778976198835, 36.605788909828945], [137.3702877699234, 36.60620490289026], [137.36516669298845, 36.59764692225166], [137.3611066882622, 36.59820893208152], [137.36305966405075, 36.594636929877026], [137.35990962547302, 36.59058393910412], [137.3729706202078, 36.58584190867877], [137.36878956886588, 36.580918919370795], [137.38030660330006, 36.58165789613306], [137.39213372105405, 36.59289486287277], [137.41121879758776, 36.59756581514237], [137.42222585609417, 36.60360077301768], [137.4422348449979, 36.59762473097324], [137.4524278690157, 36.601344679373895], [137.44172488655684, 36.604852706617244], [137.43780894709286, 36.61609467884978], [137.42802199417574, 36.625444681121216], [137.40561097807867, 36.62697076515364], [137.40365198742296, 36.62892076917291], [137.40544302426486, 36.6342577517644], [137.39376303330013, 36.63790879234767], [137.39150904864147, 36.64066079665535], [137.3936940591081, 36.64179378619118], [137.38900806224683, 36.643201803835396], [137.38771309896683, 36.64896880525616], [137.38183510116954, 36.650474827751324], [137.37763813715355, 36.65671183961267], [137.36936812737363, 36.65689887307923], [137.35996416409162, 36.66445690874131], [137.36003019504892, 36.66908290880607], [137.35467118492178, 36.668992927860295], [137.35606223851346, 36.67658392397145], [137.35177627254487, 36.68279794335321], [137.3514602508164, 36.679678942397445], [137.34651022581795, 36.67736995646178], [137.34717219913702, 36.673124952980274], [137.34947519828447, 36.67238294602445], [137.34593616483303, 36.668308955656556], [137.34149516656478, 36.66975296854408], [137.34643819255214, 36.672332955039735], [137.34418022124126, 36.677347963408145], [137.34539324360773, 36.680471961100324], [137.3416502637863, 36.684851973297945], [137.33583825408996, 36.68536198839497], [137.33333022471788, 36.681590992614886], [137.33018621924313, 36.68184299960155], [137.32877712771514, 36.66789900130513], [137.32486313841883, 36.67081401143047], [137.32071812431835, 36.67019702064158], [137.3199121410551, 36.67311802243268], [137.3173251291788, 36.67228102818157], [137.31735812201438, 36.671123028108255]]]}, "properties": {"A27_001": "16323", "A27_002": "立山町立", "A27_003": "B116232300058", "A27_004": "高野小学校", "A27_005": "中新川郡立山町野町120"}}, {"type": "Feature", "geometry": {"type": "Polygon", "coordinates": [[[137.47465249899562, 36.87034069043446], [137.48243155974578, 36.87602869881316], [137.48914062440159, 36.88327871431343], [137.49167866329935, 36.8895467276794], [137.49588369771962, 36.89235072955004], [137.46956960105453, 36.90014477498732], [137.46490452807046, 36.88656374537753], [137.45631242907086, 36.87179471638433], [137.45813543115884, 36.87049371048433], [137.46108845736288, 36.874091716141635], [137.4637214691885, 36.87429171365795], [137.4740754976549, 36.87057469185905], [137.47465249899562, 36.87034069043446]]]}, "properties": {"A27_001": "16207", "A27_002": "黒部市立", "A27_003": "B116220700077", "A27_004": "荻生小学校", "A27_005": "黒部市荻生2754"}}, {"type": "Feature", "geometry": {"type": "Polygon", "coordinates": [[[137.43301135340715, 36.87379174831585], [137.43745731420648, 36.86053771561291], [137.4419063186799, 36.85779270208715], [137.44728534364057, 36.85916169582177], [137.44812733177372, 36.85585868588543], [137.46995140221586, 36.85361664514454], [137.46892337176047, 36.84797162909921], [137.49513048260033, 36.84748358937559], [137.49778151315107, 36.851221600501454], [137.49105349784818, 36.85431861680523], [137.49506152269387, 36.85552361725924], [137.497952562571, 36.860797630895725], [137.46641647912884, 36.8738317098383], [137.46108845736288, 36.874091716141635], [137.45813543115884, 36.87049371048433], [137.45631242907086, 36.87179471638433], [137.4593244625872, 36.87685272554148], [137.45205943929997, 36.878089737119], [137.4511774450727, 36.88008274225989], [137.44680243101791, 36.88051574721744], [137.4466774140021, 36.87696474022656], [137.43435951100773, 36.873932570937065], [137.43301135340715, 36.87379174831585]]]}, "properties": {"A27_001": "16207", "A27_002": "黒部市立", "A27_003": "B116220700068", "A27_004": "桜井小学校", "A27_005": "黒部市新牧野11-2"}}, {"type": "Feature", "geometry": {"type": "Polygon", "coordinates": [[[137.30601719246403, 36.687247050426116], [137.30077618504265, 36.688476059743465], [137.2984601632448, 36.68541806317339], [137.29896417167677, 36.686789062501376], [137.2972601726634, 36.68768406477338], [137.29999723155618, 36.696929061124024], [137.30313825381137, 36.69924205554432], [137.3029382639929, 36.70127905524638], [137.29825125237593, 36.701645062354345], [137.29911326753628, 36.70430805942966], [137.29318424848117, 36.70391606759633], [137.29066020806636, 36.69742907357337], [137.28893519807391, 36.69637107587337], [137.28786420340856, 36.69812507730136], [137.2865191856178, 36.69510007909471], [137.27753216112507, 36.69498709107738], [137.28329505717318, 36.67289008942261], [137.28336801499478, 36.665247090691125], [137.29221402667545, 36.66432307496488], [137.291195045049, 36.66759807677643], [137.29299705183604, 36.66821907357287], [137.2931410670787, 36.670877073316866], [137.29592506588807, 36.66970706836752], [137.2997640780715, 36.67049806154262], [137.2999981020954, 36.67442506112661], [137.3017631006774, 36.673535057988836], [137.3039581378284, 36.67878105408659], [137.30815516305228, 36.68112004662523], [137.30589817411476, 36.68386605063768], [137.30607319256004, 36.68723705032656], [137.30601719246403, 36.687247050426116]]]}, "properties": {"A27_001": "16323", "A27_002": "立山町立", "A27_003": "B116232300049", "A27_004": "利田小学校", "A27_005": "中新川郡立山町利田722"}}, {"type": "Feature", "geometry": {"type": "Polygon", "coordinates": [[[137.42756741224375, 36.89245078168924], [137.42644738026556, 36.88545177376943], [137.43301135340715, 36.87379174831585], [137.4466774140021, 36.87696474022656], [137.44680243101791, 36.88051574721744], [137.4593244625872, 36.87685272554148], [137.46956960105453, 36.90014477498732], [137.45217054672247, 36.90396078811244], [137.45034052658647, 36.90075678421019], [137.45779952906645, 36.893917767709276], [137.4325384459265, 36.896452781754235], [137.42967042049312, 36.892643780084704], [137.42756741224375, 36.89245078168924]]]}, "properties": {"A27_001": "16207", "A27_002": "黒部市立", "A27_003": "B116220700059", "A27_004": "中央小学校", "A27_005": "黒部市植木118"}}, {"type": "Feature", "geometry": {"type": "Polygon", "coordinates": [[[137.31735812201438, 36.671123028108255], [137.3161811683058, 36.678889030723774], [137.30618119517337, 36.68767305013456], [137.30815516305228, 36.68112004662523], [137.2997640780715, 36.67049806154262], [137.2931410670787, 36.670877073316866], [137.29221402667545, 36.66432307496488], [137.28336801499478, 36.665247090691125], [137.28318589562926, 36.64619709657028], [137.29636577198363, 36.62509107865103], [137.30304681639157, 36.62952706244719], [137.30151187259258, 36.63798606332175], [137.3058779063677, 36.641878053619486], [137.31203285231342, 36.632247040664936], [137.32156792142214, 36.63951401875281], [137.32652090396397, 36.63577800707317], [137.3389979189513, 36.634796973801166], [137.3371680274614, 36.650796978681086], [137.33253902565795, 36.65173399102509], [137.33009606452106, 36.65799399753973], [137.3218710326518, 36.655880018079415], [137.31781511423537, 36.669706027092694], [137.31735812201438, 36.671123028108255]]]}, "properties": {"A27_001": "16323", "A27_002": "立山町立", "A27_003": "B116232300021", "A27_004": "立山中央小学校", "A27_005": "中新川郡立山町前沢3051"}}, {"type": "Feature", "geometry": {"type": "Polygon", "coordinates": [[[137.41099838413587, 36.90015180143166], [137.4136963896928, 36.89914279837312], [137.41773042027594, 36.90320279838657], [137.41900442239373, 36.902599796860926], [137.41696840235863, 36.899400795636666], [137.4206254057973, 36.897009790791984], [137.42111938374555, 36.89105778610598], [137.42467739321614, 36.89026278178209], [137.42726341091085, 36.89238778189715], [137.43237343149582, 36.89299177819186], [137.4325384459265, 36.896452781754235], [137.45779952906645, 36.893917767709276], [137.45034052658647, 36.90075678421019], [137.45217054672247, 36.90396078811244], [137.43545152562413, 36.91378779839743], [137.4260795262452, 36.92227380000003], [137.42230450250705, 36.91969480120154], [137.4195544631573, 36.91230180242376], [137.41154138901453, 36.90088880140679], [137.41099838413587, 36.90015180143166]]]}, "properties": {"A27_001": "16207", "A27_002": "黒部市立", "A27_003": "B116220700040", "A27_004": "村椿小学校", "A27_005": "黒部市吉田225"}}, {"type": "Feature", "geometry": {"type": "Polygon", "coordinates": [[[137.4302723848377, 36.8832037673362], [137.41865633732434, 36.88164177843761], [137.4175322830918, 36.86908276319093], [137.41407825834148, 36.865979764001], [137.41282324559023, 36.86390476431288], [137.4138652481155, 36.86365276241227], [137.4095602238169, 36.86102276814509], [137.42246024199417, 36.8555337352638], [137.42854723921857, 36.850100714512436], [137.4306712550747, 36.85224771331522], [137.42944325541984, 36.85326571749494], [137.43081427015963, 36.85564071858934], [137.43273928049155, 36.85649371637991], [137.4312672820199, 36.85802072168688], [137.4333672976046, 36.859935721680046], [137.43154229599597, 36.86102972711251], [137.43745731420648, 36.86053771561291], [137.43037938364432, 36.882836766645866], [137.4302723848377, 36.8832037673362]]]}, "properties": {"A27_001": "16207", "A27_002": "黒部市立", "A27_003": "B116220700031", "A27_004": "石田小学校", "A27_005": "黒部市石田6536"}}, {"type": "Feature", "geometry": {"type": "Polygon", "coordinates": [[[136.97359591160242, 36.70345598918839], [136.9907158154682, 36.701139099255904], [136.99172384293482, 36.70704507662262], [136.99628185603913, 36.713362072780306], [137.004321850144, 36.71914808619102], [137.0017248699298, 36.72178606711188], [137.00402287169123, 36.72426906686777], [137.00198388251064, 36.72518805639841], [137.0022649006446, 36.7307270389342], [136.9912649516862, 36.73027798189373], [136.98651099342328, 36.73397893989908], [136.989113997747, 36.73785993931943], [136.98554402999233, 36.739626906665386], [136.98615803666158, 36.74164490161429], [136.98203705305758, 36.73956788200213], [136.97892508192152, 36.741089852769754], [136.9786800661949, 36.73783486621748], [136.97311706568573, 36.73083285708046], [136.97354003386232, 36.725462882120084], [136.97087300754208, 36.7177238989967], [136.9735439830193, 36.71607192574602], [136.9759039319035, 36.708960974899014], [136.97362991406106, 36.70389598702725], [136.97359591160242, 36.70345598918839]]]}, "properties": {"A27_001": "16202", "A27_002": "高岡市立", "A27_003": "B116220200134", "A27_004": "南条小学校", "A27_005": "高岡市佐野3838"}}, {"type": "Feature", "geometry": {"type": "Polygon", "coordinates": [[[137.43745731420648, 36.86053771561291], [137.43154229599597, 36.86102972711251], [137.4333672976046, 36.859935721680046], [137.4312672820199, 36.85802072168688], [137.43243927710662, 36.855959716019], [137.42944325541984, 36.85326571749494], [137.4306712550747, 36.85224771331522], [137.42854723921857, 36.850100714512436], [137.42944223741966, 36.84895971029051], [137.43431725827585, 36.85033970215906], [137.43850724725618, 36.84433268058998], [137.4520652762421, 36.84095863882566], [137.45801627885595, 36.83698461572724], [137.47188731430037, 36.833945575647846], [137.48057335120498, 36.834591561346514], [137.50638440867198, 36.82402549294471], [137.50625435450445, 36.81510345434825], [137.50337731247907, 36.81044343575678], [137.5074933385957, 36.81144243772698], [137.51288235213622, 36.80928042618482], [137.51223034244293, 36.80823442189297], [137.51713639087438, 36.81195543877549], [137.51379638998716, 36.81477644857507], [137.51206740595765, 36.81894246652281], [137.51716646676667, 36.82457749258605], [137.51746148326805, 36.82706550133572], [137.5134304572153, 36.82630649880573], [137.50548743585605, 36.829572514525324], [137.5017184401098, 36.83387453367255], [137.49735648770047, 36.84642458301215], [137.50013350054692, 36.84640557998645], [137.46892337176047, 36.84797162909921], [137.46995140221586, 36.85361664514454], [137.44812733177372, 36.85585868588543], [137.44728534364057, 36.85916169582177], [137.4419063186799, 36.85779270208715], [137.43803731563477, 36.860380714325665], [137.43745731420648, 36.86053771561291]]]}, "properties": {"A27_001": "16207", "A27_002": "黒部市立", "A27_003": "B116220700022", "A27_004": "たかせ小学校", "A27_005": "黒部市田家新810"}}, {"type": "Feature", "geometry": {"type": "Polygon", "coordinates": [[[137.41099838413587, 36.90015180143166], [137.40987436254744, 36.89575379951113], [137.41865633732434, 36.88164177843761], [137.4302723848377, 36.8832037673362], [137.42644738026556, 36.88545177376943], [137.42756741224375, 36.89245078168924], [137.42111938374555, 36.89105778610598], [137.41696840235863, 36.899400795636666], [137.41900442239373, 36.902599796860926], [137.412116386423, 36.89972980016891], [137.41099838413587, 36.90015180143166]]]}, "properties": {"A27_001": "16207", "A27_002": "黒部市立", "A27_003": "B116220700013", "A27_004": "生地小学校", "A27_005": "黒部市生地経新1004"}}, {"type": "Feature", "geometry": {"type": "Polygon", "coordinates": [[[137.03105694517316, 36.756478999869294], [137.03342293190758, 36.75452501424571], [137.03828393992126, 36.75884900454527], [137.03778694733188, 36.76053599580057], [137.0403549434279, 36.76041600120956], [137.04106694890655, 36.7620229953603], [137.04329994338525, 36.76138700254115], [137.04279993958792, 36.760271006463725], [137.05020192768572, 36.75972302257465], [137.0486039494172, 36.76466299948566], [137.05040396944196, 36.7709369783304], [137.05436796994508, 36.77214498349138], [137.06512500078395, 36.783566971766824], [137.059011008788, 36.78513695099095], [137.05952401571068, 36.78744594434436], [137.0541000071598, 36.78323794456152], [137.0499239901022, 36.776984954260044], [137.04976200019343, 36.77992594396919], [137.05288300531825, 36.782360944239514], [137.04932200094564, 36.77991694271054], [137.0369600241124, 36.7801559055395], [137.03441102586004, 36.778835903538955], [137.0330170154065, 36.77496691595222], [137.02529202686134, 36.77353890201624], [137.02632401260806, 36.77054891872156], [137.03141900939372, 36.77257592284889], [137.0340929968995, 36.77093793762353], [137.02894898854677, 36.765991947294765], [137.03050298341344, 36.765571953499844], [137.0294939778557, 36.76362196080131], [137.03199297187834, 36.763515967585526], [137.03363695446507, 36.76007598845667], [137.03106194539276, 36.75653199963307], [137.03105694517316, 36.756478999869294]]]}, "properties": {"A27_001": "16202", "A27_002": "高岡市立", "A27_003": "B116220200125", "A27_004": "能町小学校", "A27_005": "高岡市能町南2-110"}}, {"type": "Feature", "geometry": {"type": "Polygon", "coordinates": [[[137.04154501755798, 36.78075291676791], [137.05085801900083, 36.78651992299552], [137.05281801414156, 36.78529493327177], [137.05828702500258, 36.7901689310848], [137.05653602975244, 36.79143992113558], [137.05458302747996, 36.790352919165734], [137.0550780337017, 36.79255791363789], [137.0519500326658, 36.79173590586423], [137.05034504188362, 36.7949058924687], [137.04789604661596, 36.795238883500815], [137.0445230472257, 36.79321887834159], [137.04092405597862, 36.79410186406406], [137.03950305640083, 36.7933128620045], [137.04089304967374, 36.79171687148285], [137.0401500446346, 36.78933187866739], [137.03584105021682, 36.787846871201616], [137.03776103932435, 36.78574788557093], [137.0361320420385, 36.78517088281093], [137.03677703765246, 36.78420888866558], [137.03185705694153, 36.78620986535494], [137.02915705142053, 36.78222587338341], [137.0259920604554, 36.78242386280982], [137.02450305691153, 36.78040886740453], [137.02626704431896, 36.77850388168189], [137.0305520327991, 36.77818089532146], [137.0414520167566, 36.78046291759034], [137.04154501755798, 36.78075291676791]]]}, "properties": {"A27_001": "16202", "A27_002": "高岡市立", "A27_003": "B116220200116", "A27_004": "古府小学校", "A27_005": "高岡市伏木古府元町4-1"}}, {"type": "Feature", "geometry": {"type": "Polygon", "coordinates": [[[137.01756214188455, 36.79597078023859], [137.02378310312258, 36.79263681404746], [137.03071305705998, 36.78518386589984], [137.03196305669002, 36.78622586562073], [137.03317104961346, 36.78495987444293], [137.03361105219045, 36.786277870539834], [137.0361090393609, 36.78417088673937], [137.03776103932435, 36.78574788557093], [137.03586705031196, 36.7879088710345], [137.0392010435217, 36.78828187991493], [137.04073904703546, 36.79062487532784], [137.0398540567822, 36.79368986191787], [137.0445230472257, 36.79321887834159], [137.04789604661596, 36.795238883500815], [137.05034504188362, 36.7949058924687], [137.0519500326658, 36.79173590586423], [137.0550780337017, 36.79255791363789], [137.05458302747996, 36.790352919165734], [137.05653602975244, 36.79143992113558], [137.05828702500258, 36.7901689310848], [137.05281801414156, 36.78529493327177], [137.05085801900083, 36.78651992299552], [137.04177901956865, 36.78148091471761], [137.04932200094564, 36.77991694271054], [137.05288300531825, 36.782360944239514], [137.04976200019343, 36.77992594396919], [137.0499239901022, 36.776984954260044], [137.0541000071598, 36.78323794456152], [137.05952401571068, 36.78744594434436], [137.058537018672, 36.7881829388831], [137.05974402195122, 36.78945093800054], [137.06791303504042, 36.79384395135071], [137.06428204758382, 36.797606932528275], [137.06832405762603, 36.80069393892939], [137.0653650646035, 36.80320792469563], [137.06153705528158, 36.79991491894562], [137.05829206304296, 36.802587901475455], [137.0568550603119, 36.801600898439176], [137.0521280745175, 36.80588687028366], [137.05125708380282, 36.808706860056446], [137.04627509031013, 36.80981483776561], [137.04627209492924, 36.8116858341402], [137.04446909731678, 36.81215282492416], [137.03677910157322, 36.81036179668209], [137.02569613021055, 36.80396778060857], [137.01899215822195, 36.80279976270595], [137.01787515725832, 36.800972764102816], [137.0163861653793, 36.80134875846772], [137.01674117429255, 36.80431975164952], [137.01490517954716, 36.80331774860952], [137.01439519181383, 36.805902740129554], [137.01328818716928, 36.803282743672206], [137.01481917668312, 36.80244475066996], [137.01323218380932, 36.80235774596463], [137.01797214407233, 36.79717377724158], [137.01756614192013, 36.795986780194255], [137.01756214188455, 36.79597078023859]]]}, "properties": {"A27_001": "16202", "A27_002": "高岡市立", "A27_003": "B116220200107", "A27_004": "伏木小学校", "A27_005": "高岡市伏木東一宮17-1"}}, {"type": "Feature", "geometry": {"type": "Polygon", "coordinates": [[[137.49812056467567, 36.861072631485314], [137.51540863874715, 36.85748760201585], [137.5248896974414, 36.85901260187311], [137.5264856938144, 36.85661259489492], [137.52981370734682, 36.855544591146625], [137.53590374938156, 36.85682859202302], [137.543710790061, 36.85496459046734], [137.5612887913382, 36.8341685762387], [137.5659678241556, 36.83394558782237], [137.56622880294228, 36.82990857925103], [137.55196763748756, 36.818845512266925], [137.55264959448428, 36.810958488827346], [137.5576585914558, 36.80523248695883], [137.5532414523839, 36.789463419738354], [137.5563264154371, 36.78120740082759], [137.5604844116751, 36.77691440315729], [137.55869337060327, 36.77299738059999], [137.56194636722634, 36.76954638125375], [137.56063633949202, 36.76704136541149], [137.56253234684422, 36.766248371243115], [137.5723154738754, 36.77404645019517], [137.57519554875836, 36.78146248490574], [137.5802446112484, 36.78518852197056], [137.58249968094407, 36.792771552914196], [137.5864096648944, 36.78645255630551], [137.584436626691, 36.78311653860187], [137.59058566759367, 36.78248256970595], [137.59377964287947, 36.77515556720195], [137.5999726905978, 36.77529460060204], [137.60509674717926, 36.77797463879226], [137.61068078136293, 36.77677367013172], [137.6074247893887, 36.78166766129532], [137.6085888107344, 36.78354367222379], [137.6045577896974, 36.78486565157752], [137.60583682561187, 36.788618666473326], [137.60417583190548, 36.79120266204442], [137.6140059053459, 36.79160271964012], [137.615853951062, 36.79636573670971], [137.60752996102948, 36.80725170726863], [137.6132770138864, 36.808805738387754], [137.6186020885095, 36.81459577485807], [137.61666508873955, 36.8169407667977], [137.605263037751, 36.822033714676984], [137.60386004606872, 36.82504471159434], [137.6313442879917, 36.832623850457715], [137.63530835529045, 36.83943586417656], [137.6464094620133, 36.845547910829985], [137.64769248608238, 36.84822891065433], [137.64316847704302, 36.851413883007886], [137.63652343893042, 36.852025852784315], [137.63182339881905, 36.85056283488604], [137.62847439601643, 36.85381681516226], [137.6283234208277, 36.858119808023844], [137.62429039407178, 36.858194792068296], [137.61863739013657, 36.864238761984446], [137.61080434786317, 36.86647673456127], [137.60862631513714, 36.86360373135046], [137.6014482400033, 36.85958871048187], [137.59732617676912, 36.854133697802546], [137.59473514669864, 36.85238468982121], [137.58863109837742, 36.85201767138515], [137.5835190285354, 36.84681465322899], [137.5704349296489, 36.84667461792841], [137.5622779642615, 36.863407623127756], [137.57165207327998, 36.87014164697352], [137.56062502805273, 36.87648963935319], [137.5512079515079, 36.87559062999113], [137.54761399948822, 36.887854652116886], [137.54209399592287, 36.894051665772785], [137.53812296447467, 36.89354766863058], [137.54422493485322, 36.88061164157493], [137.54326188458438, 36.87294362666695], [137.5449378624389, 36.86751461506402], [137.53408783347874, 36.8739066339913], [137.5233077752676, 36.875333646880634], [137.5129867425246, 36.881103675325576], [137.5067826738955, 36.87417566074462], [137.50149963852, 36.87310466407207], [137.49829759524908, 36.867438649304034], [137.4976195734217, 36.8634716387068], [137.49905157717927, 36.86277663515256], [137.49812056467567, 36.861072631485314]]]}, "properties": {"A27_001": "16207", "A27_002": "黒部市立", "A27_003": "B116220700095", "A27_004": "宇奈月小学校", "A27_005": "黒部市宇奈月町浦山205-1"}}, {"type": "Feature", "geometry": {"type": "Polygon", "coordinates": [[[136.97275289466464, 36.69989700318451], [136.9759039319035, 36.708960974899014], [136.97461093983011, 36.70915096574374], [136.9735439830193, 36.71607192574602], [136.97087300754208, 36.7177238989967], [136.96920400970112, 36.716380893483546], [136.96620703435258, 36.717652866147674], [136.96105405911692, 36.7166778340532], [136.96097007466818, 36.71914882172201], [136.9593270853495, 36.71918780963222], [136.96358008483256, 36.7235698198543], [136.96735806579832, 36.724298843317996], [136.96809907773886, 36.727196835719056], [136.9609351429961, 36.730494768030354], [136.96082516667394, 36.73447674861664], [136.95776417822347, 36.73310773187781], [136.95436420619163, 36.73428970067301], [136.93804424013723, 36.72235363314354], [136.94609415802861, 36.71755071971462], [136.94716710857898, 36.711134762332335], [136.95257105309102, 36.70767082220004], [136.953231016256, 36.70258285742125], [136.95593798401742, 36.699859892965094], [136.95693698685542, 36.70113389246892], [136.9665929214648, 36.69905096936769], [136.96928192360033, 36.7016209718972], [136.9720448986893, 36.699933998581855], [136.97275289466464, 36.69989700318451]]]}, "properties": {"A27_001": "16202", "A27_002": "高岡市立", "A27_003": "B116220200198", "A27_004": "千鳥丘小学校", "A27_005": "高岡市立野1863"}}, {"type": "Feature", "geometry": {"type": "Polygon", "coordinates": [[[136.97087300754208, 36.7177238989967], [136.97354003386232, 36.725462882120084], [136.97311706568573, 36.73083285708046], [136.97889906890555, 36.738616864125504], [136.97890808736818, 36.74208984769902], [136.97400412399213, 36.74282680851205], [136.97742011288284, 36.74501382152308], [136.97758412460018, 36.74741580987867], [136.96809219705858, 36.749136732883834], [136.95875221898757, 36.74157669982079], [136.95543924355573, 36.74203867263331], [136.9567342437224, 36.743688674717745], [136.95167929256888, 36.74652862327124], [136.9533522842796, 36.747065633405654], [136.95251830547687, 36.74999761342171], [136.94645137229145, 36.754941549386224], [136.9423343862501, 36.752412530225804], [136.93979140469136, 36.75269151102628], [136.94385939163004, 36.75532752941026], [136.9389034241739, 36.75523449453966], [136.93688942807512, 36.75357348725418], [136.93763843848444, 36.75633648113614], [136.93565145214478, 36.756850466453294], [136.9368034502682, 36.75767347045115], [136.9338704669543, 36.75785645140203], [136.93473946897416, 36.75912145236792], [136.93170249319812, 36.760626428454465], [136.92113653574373, 36.75836137370736], [136.92204650202103, 36.75209139846912], [136.92632947825405, 36.75171142520601], [136.92924244297993, 36.74814045788849], [136.93775336374372, 36.743288534233876], [136.93742433548695, 36.73780555631367], [136.9492742459259, 36.7355566563027], [136.95215221098135, 36.732698691384805], [136.96082516667394, 36.73447674861664], [136.9609351429961, 36.730494768030354], [136.9679360820785, 36.7277758320065], [136.96735806579832, 36.724298843317996], [136.96358008483256, 36.7235698198543], [136.9593270853495, 36.71918780963222], [136.96097007466818, 36.71914882172201], [136.96105405911692, 36.7166778340532], [136.97084900627667, 36.717470900006695], [136.97087300754208, 36.7177238989967]]]}, "properties": {"A27_001": "16202", "A27_002": "高岡市立", "A27_003": "B116220200189", "A27_004": "五位小学校", "A27_005": "高岡市内島3516"}}, {"type": "Feature", "geometry": {"type": "Polygon", "coordinates": [[[137.01323218380932, 36.80235774596463], [137.01481917668312, 36.80244475066996], [137.01328818716928, 36.803282743672206], [137.01439519181383, 36.805902740129554], [137.0149871787876, 36.80321974912596], [137.01722416967476, 36.80367675486685], [137.01636116592107, 36.80146775807261], [137.0175671584793, 36.80092076328326], [137.01899215822195, 36.80279976270595], [137.02569613021055, 36.80396778060857], [137.03717310017856, 36.81049279739054], [137.04457109724694, 36.81215282539453], [137.04627209492924, 36.8116858341402], [137.04627509031013, 36.80981483776561], [137.04817308999077, 36.81028884503692], [137.04457910119706, 36.81381682176768], [137.01676525954122, 36.82937572460868], [137.0116202670912, 36.82358870262116], [137.01429024676042, 36.821879713678676], [137.01166426210693, 36.82216970382316], [137.01208323544267, 36.814896712912834], [137.0075322652205, 36.81594169246696], [137.00743224999184, 36.8111997002637], [137.00370627915964, 36.813491680765466], [137.00182528370436, 36.81159467563646], [137.0042252689611, 36.81133168629526], [137.00027528774328, 36.81011967100511], [137.00484423350886, 36.802862708305135], [137.01321518390486, 36.802361745901074], [137.01323218380932, 36.80235774596463]]]}, "properties": {"A27_001": "16202", "A27_002": "高岡市立", "A27_003": "B116220200170", "A27_004": "太田小学校", "A27_005": "高岡市太田4619"}}, {"type": "Feature", "geometry": {"type": "Polygon", "coordinates": [[[137.05436796994508, 36.77214498349138], [137.05916696273258, 36.77126099866246], [137.06119694975158, 36.76790801508201], [137.06821095231402, 36.769026025211836], [137.06855194620408, 36.76719303138], [137.07261793911405, 36.76506604552826], [137.08271393198604, 36.76190007060458], [137.0848689339238, 36.76219407249793], [137.0849279420233, 36.76461606450326], [137.08766194417254, 36.76488006725381], [137.0924169404291, 36.762789079563504], [137.1003869603741, 36.76639507883067], [137.10000196675645, 36.76836007438172], [137.10757098343143, 36.77083907615385], [137.09426798407273, 36.77508405326224], [137.09324597401096, 36.772338057417734], [137.0897579691672, 36.771815053813064], [137.0900829790328, 36.77468804850041], [137.08698698017514, 36.77578704139588], [137.0818989743471, 36.77471703512226], [137.08205396988933, 36.773359038506406], [137.07322496906048, 36.774050020882186], [137.07498797871384, 36.77694601568884], [137.07440999229726, 36.78102100082109], [137.06840300092733, 36.78360997901719], [137.06512500078395, 36.783566971766824], [137.06165599266012, 36.78090297249414], [137.05445597057349, 36.772356982914964], [137.05436796994508, 36.77214498349138]]]}, "properties": {"A27_001": "16202", "A27_002": "高岡市立", "A27_003": "B116220200161", "A27_004": "牧野小学校", "A27_005": "高岡市中曽根246"}}, {"type": "Feature", "geometry": {"type": "Polygon", "coordinates": [[[137.02922387711808, 36.740210069843506], [137.0259808702672, 36.73739007723816], [137.03207285841393, 36.736855090565044], [137.02804481312694, 36.72511213272489], [137.0330688018911, 36.723992146136425], [137.04074282541364, 36.73207112602483], [137.0375528331093, 36.7332861169115], [137.03885084398345, 36.735870106796014], [137.04476785707305, 36.73980209865974], [137.0509669078443, 36.75484404558273], [137.05020192768572, 36.75972302257465], [137.04279993958792, 36.760271006463725], [137.04106694890655, 36.7620229953603], [137.0403549434279, 36.76041600120956], [137.03778694733188, 36.76053599580057], [137.03828393992126, 36.75884900454527], [137.03391393313774, 36.75505501286349], [137.03571292761947, 36.75460701895192], [137.0334459108711, 36.749547037324255], [137.0320199144236, 36.749792033138014], [137.03298189274724, 36.745082055241774], [137.0295488764941, 36.74017107060329], [137.02922387711808, 36.740210069843506]]]}, "properties": {"A27_001": "16202", "A27_002": "高岡市立", "A27_003": "B116220200152", "A27_004": "野村小学校", "A27_005": "高岡市野村405"}}, {"type": "Feature", "geometry": {"type": "Polygon", "coordinates": [[[137.02861581934638, 36.726673127496014], [137.02323883623035, 36.728418109707945], [137.02415482633936, 36.72668211884868], [137.0218368263305, 36.72558111709335], [137.0124368509848, 36.72657308894789], [137.0086048787767, 36.7303940625864], [137.003102897001, 36.730464042790416], [137.00198388251064, 36.72518805639841], [137.00402287169123, 36.72426906686777], [137.00163387305338, 36.722486064378664], [137.004321850144, 36.71914808619102], [136.99628185603913, 36.713362072780306], [136.99061281450952, 36.70088209995168], [136.9944277848283, 36.698178131763036], [137.01016873263626, 36.698504197622846], [137.0330688018911, 36.723992146136425], [137.0284768186792, 36.72648012802089], [137.02861581934638, 36.726673127496014]]]}, "properties": {"A27_001": "16202", "A27_002": "高岡市立", "A27_003": "B116220200143", "A27_004": "二塚小学校", "A27_005": "高岡市二塚1260"}}, {"type": "Feature", "geometry": {"type": "Polygon", "coordinates": [[[136.9955749785348, 36.74239896394004], [136.9955699930603, 36.744738949412344], [137.0008379671694, 36.745425977275204], [137.00448597374165, 36.74826197070283], [136.9956120189305, 36.7489559235608], [136.98958007946408, 36.75320186177343], [136.98867010234972, 36.756139840388315], [136.9841121190573, 36.75415782109575], [136.97742011288284, 36.74501382152308], [136.97393512958814, 36.743789802914044], [136.98203705305758, 36.73956788200213], [136.98618803640287, 36.741633901878956], [136.98554402999233, 36.739626906665386], [136.99023398811715, 36.73727894905976], [136.99318098407608, 36.74033795644989], [136.99122499714608, 36.7404319425732], [136.99537897969032, 36.74237696269741], [136.9955749785348, 36.74239896394004]]]}, "properties": {"A27_001": "16202", "A27_002": "高岡市立", "A27_003": "B116220200018", "A27_004": "横田小学校", "A27_005": "高岡市宮田町9-1"}}, {"type": "Feature", "geometry": {"type": "Polygon", "coordinates": [[[137.01063203139498, 36.76334490465315], [137.01930302715323, 36.768850904723], [137.02632401260806, 36.77054891872156], [137.02529202686134, 36.77353890201624], [137.0330170154065, 36.77496691595222], [137.03441102586004, 36.778835903538955], [137.02556604767523, 36.77892387773404], [137.02450305691153, 36.78040886740453], [137.02575306030894, 36.78222886298008], [137.02788405230137, 36.781591872359414], [137.03129105305106, 36.78437987091406], [137.02378310312258, 36.79263681404746], [137.01756214188455, 36.79597078023859], [137.01404014973127, 36.79362877652291], [137.0153721308283, 36.78999179465828], [137.00363220714047, 36.794241729745444], [136.99891822958767, 36.79320171177718], [136.99651925487484, 36.795791691415474], [136.99248327837964, 36.795389673023976], [136.99053128132533, 36.79308967114753], [136.98529431898785, 36.79428163960434], [136.98211531492925, 36.78886564115628], [136.97470036859923, 36.7904255919176], [136.9641944176559, 36.785665542147655], [136.96173541497006, 36.78180554080282], [136.95856944031297, 36.782438516617525], [136.9613023853896, 36.774919569530795], [136.96744831487624, 36.76979263071805], [136.96810532210827, 36.77202462539404], [136.96621234363892, 36.773537606964204], [136.9683053262434, 36.77306662217998], [136.9691373070843, 36.77058363825257], [136.97084829569062, 36.770728648657105], [136.96925929960875, 36.76934464444258], [136.97031428213324, 36.76747465958374], [136.97241226480355, 36.767022675526555], [136.97576925952393, 36.77038168203059], [136.97824823149105, 36.76801770950643], [136.97644523617635, 36.76679270342718], [136.97906520973018, 36.76489073096238], [136.99189414487944, 36.767332797615104], [136.99745114322582, 36.773042796799146], [137.0026271248919, 36.774769811700075], [137.00584609529318, 36.77200183933867], [137.0077240506752, 36.76474088557587], [137.0105250336794, 36.763727902182495], [137.01063203139498, 36.76334490465315]]]}, "properties": {"A27_001": "16202", "A27_002": "高岡市立", "A27_003": "B116220200090", "A27_004": "万葉小学校", "A27_005": "高岡市二上町1100"}}, {"type": "Feature", "geometry": {"type": "Polygon", "coordinates": [[[137.009756023533, 36.760934914002455], [137.0105250336794, 36.763727902182495], [137.0077240506752, 36.76474088557587], [137.0026271248919, 36.774769811700075], [136.99189414487944, 36.767332797615104], [136.98104320422797, 36.766166737343674], [136.9784392051666, 36.76330473524771], [136.9841121190573, 36.75415782109575], [136.98992609235086, 36.75568284993587], [136.98958007946408, 36.75320186177343], [136.99727700502598, 36.74831293820534], [137.00739097457742, 36.75014696976805], [137.00187604908666, 36.75958588967718], [137.0065840220818, 36.758046916996996], [137.0090260234925, 36.76030391444779], [137.009756023533, 36.760934914002455]]]}, "properties": {"A27_001": "16202", "A27_002": "高岡市立", "A27_003": "B116220200081", "A27_004": "西条小学校", "A27_005": "高岡市横田本町1-1"}}, {"type": "Feature", "geometry": {"type": "MultiPolygon", "coordinates": [[[[137.00901990753167, 36.737734036181664], [137.00929890610274, 36.73757403764168], [137.00927090678655, 36.73771503697611], [137.00901990753167, 36.737734036181664]]], [[[137.01444290747577, 36.740594037079234], [137.0098759184331, 36.74073502588083], [137.01280789482223, 36.737112049695206], [137.00653191038478, 36.736811032512826], [137.00958386702445, 36.728169073483905], [137.02183682633046, 36.725581117093384], [137.02415482633936, 36.72668211884868], [137.02323883623035, 36.728418109707945], [137.02861581934638, 36.726673127496014], [137.0320578592561, 36.73704208966571], [137.02598087026718, 36.737390077238146], [137.02922387711806, 36.740210069843535], [137.0150429059955, 36.74055403859922], [137.01444290747577, 36.740594037079234]]]]}, "properties": {"A27_001": "16202", "A27_002": "高岡市立", "A27_003": "B116220200072", "A27_004": "下関小学校", "A27_005": "高岡市東上関8"}}, {"type": "Feature", "geometry": {"type": "Polygon", "coordinates": [[[137.0123159532205, 36.749356991223856], [137.0099189811185, 36.75298896133229], [137.0123879893534, 36.756248950924125], [137.01151900853426, 36.75930292975842], [137.009756023533, 36.760934914002455], [137.0065840220818, 36.758046916996996], [137.00279205116317, 36.76070488737319], [137.0026920258829, 36.756047914528516], [137.00745197473543, 36.75021396956536], [137.0051509631823, 36.7468279812622], [137.01212595295468, 36.749161991489686], [137.0123159532205, 36.749356991223856]]]}, "properties": {"A27_001": "16202", "A27_002": "高岡市立", "A27_003": "B116220200054", "A27_004": "川原小学校", "A27_005": "高岡市川原町13-10"}}, {"type": "Feature", "geometry": {"type": "Polygon", "coordinates": [[[137.0093369050711, 36.73735903864531], [137.0128078948223, 36.73711204969522], [137.00966991023986, 36.738748033763194], [137.01016493183144, 36.74364101261296], [137.01164992489632, 36.74298201954808], [137.0075679516892, 36.74607199275524], [137.0094939556535, 36.74793698879092], [137.0051509631823, 36.7468279812622], [137.00645897306114, 36.749288971383315], [136.99443499196605, 36.74337395000211], [137.00222093313397, 36.73987501032851], [137.00187790641002, 36.73204003318154], [137.00335989538948, 36.730244044437526], [137.0086048787767, 36.7303940625864], [137.00901688837993, 36.7332650544813], [137.00609289854876, 36.7335370431152], [137.00653191038475, 36.736811032512854], [137.00934190494948, 36.73733403876387], [137.0093369050711, 36.73735903864531]]]}, "properties": {"A27_001": "16202", "A27_002": "高岡市立", "A27_003": "B116220200036", "A27_004": "博労小学校", "A27_005": "高岡市博労本町5-1"}}, {"type": "Feature", "geometry": {"type": "MultiPolygon", "coordinates": [[[[137.0267459430205, 36.75400700182531], [137.02462794835847, 36.75420999600118], [137.02601594111627, 36.75327900360041], [137.0267459430205, 36.75400700182531]]], [[[137.02917898969164, 36.766405945783966], [137.0340929968995, 36.77093793762356], [137.03141900939374, 36.77257592284888], [137.01930302715323, 36.76885090472301], [137.00974103237132, 36.76275790421985], [137.01249599405926, 36.757209945577586], [137.00991898111852, 36.75298896133225], [137.0119149703288, 36.752359972541335], [137.0119339559051, 36.74964398853919], [137.01691495584126, 36.751975987749816], [137.02105197786204, 36.758485964651896], [137.0231239559522, 36.75503098798713], [137.03030194024822, 36.754990005140186], [137.03363695446507, 36.76007598845667], [137.0319929718783, 36.763515967585526], [137.02949397785568, 36.76362196080134], [137.03058198172587, 36.76519395560953], [137.02926398929077, 36.76635294628008], [137.02917898969164, 36.766405945783966]]]]}, "properties": {"A27_001": "16202", "A27_002": "高岡市立", "A27_003": "B116220200027", "A27_004": "成美小学校", "A27_005": "高岡市京町1-1"}}, {"type": "Feature", "geometry": {"type": "Polygon", "coordinates": [[[137.02922387711808, 36.740210069843506], [137.03298189274724, 36.745082055241774], [137.0320199144236, 36.749792033138014], [137.0334459108711, 36.749547037324255], [137.03571292761947, 36.75460701895192], [137.03422493669265, 36.75605900886927], [137.03342293190758, 36.75452501424571], [137.03105694517316, 36.756478999869294], [137.02884493859483, 36.7539520067464], [137.0258719522279, 36.75562299234176], [137.02601594111624, 36.75327900360041], [137.02105197786202, 36.75848596465191], [137.01691495584126, 36.75197598774983], [137.01516696155056, 36.75229198169035], [137.01237894893927, 36.7484899955051], [137.0075679516892, 36.74607199275524], [137.01295891115765, 36.740695033310125], [137.02903687747468, 36.7402320694084], [137.02922387711808, 36.740210069843506]]]}, "properties": {"A27_001": "16202", "A27_002": "高岡市立", "A27_003": "B116220200250", "A27_004": "高陵小学校", "A27_005": "高岡市中川町5-1"}}, {"type": "Feature", "geometry": {"type": "Polygon", "coordinates": [[[137.0033238962691, 36.730461043586196], [137.00187790641002, 36.73204003318154], [137.00250693054298, 36.73934701266519], [136.9998669494594, 36.74227899492309], [136.992843991931, 36.741605949290516], [136.9914019853704, 36.738174952922925], [136.98638599651792, 36.734402937031525], [136.9916449489618, 36.73007698475928], [137.0022649006446, 36.7307270389342], [137.0026768941268, 36.72923704536575], [137.003102897001, 36.730464042790416], [137.0033238962691, 36.730461043586196]]]}, "properties": {"A27_001": "16202", "A27_002": "高岡市立", "A27_003": "B116220200232", "A27_004": "木津小学校", "A27_005": "高岡市木津312-1"}}, {"type": "Feature", "geometry": {"type": "Polygon", "coordinates": [[[137.01016873263626, 36.698504197622846], [137.0045426385268, 36.6788062735993], [137.0072485730089, 36.669089332762006], [137.01070357173356, 36.67041233765633], [137.01131878124096, 36.67291774010021], [137.0175755611752, 36.67133135285452], [137.02159302601038, 36.67257122107214], [137.02336975678656, 36.670658441214925], [137.02221069944923, 36.666474590817955], [137.03373648471947, 36.66361942479205], [137.03264046393417, 36.6602824394603], [137.0427534356261, 36.65695145942817], [137.04342544928573, 36.659094449608176], [137.04711445321598, 36.659757445364335], [137.0473094804674, 36.66419542690217], [137.0430644993533, 36.666969415135746], [137.04794052606414, 36.671782392223854], [137.04287653465684, 36.67283938550728], [137.04104055363405, 36.675894369613516], [137.0364675637547, 36.6770603611021], [137.036412572996, 36.67858835380292], [137.03444656782935, 36.67729035707437], [137.03951962182785, 36.687760314038364], [137.03766961873626, 36.686872316915505], [137.0395196239345, 36.68815531223744], [137.0388376336714, 36.68986730389111], [137.01043773387934, 36.69889419687885], [137.01016873263626, 36.698504197622846]]]}, "properties": {"A27_001": "16202", "A27_002": "高岡市立", "A27_003": "B116220200223", "A27_004": "中田小学校", "A27_005": "高岡市常国418"}}, {"type": "Feature", "geometry": {"type": "Polygon", "coordinates": [[[136.98017770155965, 36.675482183624496], [136.98043767887722, 36.67237520439324], [136.98017770155965, 36.675482183624496], [136.97699970717733, 36.674666173036556], [136.97737775725705, 36.68192213203796], [136.98030275520142, 36.6834851384815], [136.97755979609357, 36.68816609638129], [136.98031977843735, 36.68719511736368], [136.982156797051, 36.691332104295164], [136.97885081398923, 36.69191908196818], [136.97893183699296, 36.69565306252158], [136.9710399137564, 36.70154298342047], [136.9664429222287, 36.69904696845571], [136.95331601070913, 36.70179986272369], [136.94833698515305, 36.69445287115114], [136.95434795516357, 36.69476891103737], [136.95458492038787, 36.690233940062754], [136.94607997851824, 36.69193287041353], [136.94323194426897, 36.68599389168096], [136.94490488144692, 36.67941695131776], [136.9503758740766, 36.68008142261922], [136.9522787777905, 36.67092306242088], [136.95689418226013, 36.66994135677431], [136.95636080496112, 36.6654064417478], [136.9583700030966, 36.66496267480257], [136.95615471080237, 36.6645861313706], [136.95634267621523, 36.66051116225648], [136.9654196290725, 36.65945175182568], [136.9663257018098, 36.66501992343932], [136.9722086247874, 36.66397811082361], [136.97559533814345, 36.669133356131596], [136.98180465664177, 36.66985522677136], [136.98454368999842, 36.67614520144119], [136.98032970381905, 36.67589718199936], [136.98017770155965, 36.675482183624496]]]}, "properties": {"A27_001": "16202", "A27_002": "高岡市立", "A27_003": "B116220200214", "A27_004": "戸出西部小学校", "A27_005": "高岡市戸出町5-11-1"}}, {"type": "Feature", "geometry": {"type": "MultiPolygon", "coordinates": [[[[136.9796916818149, 36.6724302004976], [136.98087069775193, 36.67528718813935], [136.9797076837646, 36.67271319875789], [136.9796916818149, 36.6724302004976]]], [[[136.98223185985424, 36.70210804797453], [136.97354091191977, 36.703459988814366], [136.9722689031998, 36.7008759948235], [136.97893183699296, 36.69565306252158], [136.97885081398925, 36.69191908196818], [136.982156797051, 36.691332104295164], [136.98031977843738, 36.687195117363714], [136.97755979609357, 36.68816609638125], [136.98030275520142, 36.6834851384815], [136.97737775725705, 36.68192213203796], [136.97699970717736, 36.67466617303654], [136.98454368999845, 36.67614520144118], [136.98180465664177, 36.66985522677135], [136.98982462520962, 36.66907326734516], [136.98647811099784, 36.65676592582236], [136.99799253868346, 36.65996935059839], [137.00751450801567, 36.65920438537317], [137.00860056859358, 36.66895433780108], [137.00454263852677, 36.67880627359927], [137.0101687326363, 36.69850419762281], [136.9944277848283, 36.698178131763036], [136.98978982355615, 36.70196109089285], [136.98659682882024, 36.70039808174852], [136.98236786272915, 36.70274204564319], [136.98223185985424, 36.70210804797453]]]]}, "properties": {"A27_001": "16202", "A27_002": "高岡市立", "A27_003": "B116220200205", "A27_004": "戸出東部小学校", "A27_005": "高岡市戸出大清水33"}}, {"type": "Feature", "geometry": {"type": "Polygon", "coordinates": [[[137.4081461551585, 36.84464675255674], [137.4137161576195, 36.84124773508297], [137.41933717294387, 36.84078071917577], [137.41614013535659, 36.83415371773197], [137.42210415227547, 36.834320699746904], [137.42765515749798, 36.83181167958761], [137.42933716918884, 36.833366677421715], [137.42623124157842, 36.85245672294153], [137.4095602238169, 36.86102276814509], [137.4105902028414, 36.85497776039102], [137.40937818514678, 36.85149675870213], [137.41106520468318, 36.85506875957596], [137.41257120176454, 36.85316775408468], [137.41123917699323, 36.847976750123365], [137.40865715808997, 36.84503875194385], [137.4081461551585, 36.84464675255674]]]}, "properties": {"A27_001": "16204", "A27_002": "魚津市立", "A27_003": "B116220400052", "A27_004": "経田小学校", "A27_005": "魚津市浜経田665-3"}}, {"type": "Feature", "geometry": {"type": "Polygon", "coordinates": [[[137.4081461551585, 36.84464675255674], [137.3972230742221, 36.831772767728644], [137.39599805438758, 36.827513769168576], [137.39927606173484, 36.82705075911951], [137.40018605125016, 36.82380575419378], [137.4084930781935, 36.825000729158866], [137.41258510618943, 36.82927172212337], [137.41019211244006, 36.832429732861215], [137.41614013535659, 36.83415371773197], [137.41933717294387, 36.84078071917577], [137.40818315515753, 36.844618752437185], [137.4081461551585, 36.84464675255674]]]}, "properties": {"A27_001": "16204", "A27_002": "魚津市立", "A27_003": "B116220400043", "A27_004": "道下小学校", "A27_005": "魚津市北鬼江2741"}}, {"type": "Feature", "geometry": {"type": "Polygon", "coordinates": [[[137.42623124157842, 36.85245672294153], [137.42523723725228, 36.85218172465007], [137.42793722488545, 36.84699670970896], [137.4277781819693, 36.8371446896904], [137.42933716918884, 36.833366677421715], [137.42765515749798, 36.83181167958761], [137.42210415227547, 36.834320699746904], [137.41226012238667, 36.83353772870979], [137.40974710289342, 36.83033973159033], [137.4122311020534, 36.828473722109464], [137.40649107173886, 36.82474373512685], [137.4065190631837, 36.82275873302669], [137.41201606606722, 36.82036271213649], [137.42675709894553, 36.81901065980095], [137.44990610541166, 36.807313546973134], [137.4621890797789, 36.79676946063639], [137.46612805338887, 36.79062042163703], [137.46180199557503, 36.78290040729692], [137.46515696816527, 36.77749637079307], [137.47221999735345, 36.779049347359496], [137.47836800623867, 36.77784632001449], [137.49025893288191, 36.763068200085186], [137.49488987336818, 36.75352012929866], [137.5122690446732, 36.76613119679975], [137.52239618584505, 36.77799727959881], [137.51758516587702, 36.77877327839958], [137.51601118064096, 36.781931294975756], [137.51193116188662, 36.78227129367248], [137.5104721780622, 36.785361310826595], [137.5060111690229, 36.78683231867194], [137.50670023386022, 36.795615364104556], [137.4995332517852, 36.8034104054458], [137.50625435450445, 36.81510345434825], [137.50638440867198, 36.82402549294471], [137.48057335120498, 36.834591561346514], [137.47188731430037, 36.833945575647846], [137.45820727921304, 36.83691561512583], [137.4520652762421, 36.84095863882566], [137.43870424747448, 36.844228679878036], [137.4354472596779, 36.84985369873405], [137.42996323772857, 36.84863170847673], [137.42638724184795, 36.85239872253373], [137.42623124157842, 36.85245672294153]]]}, "properties": {"A27_001": "16204", "A27_002": "魚津市立", "A27_003": "B116220400034", "A27_004": "清流小学校", "A27_005": "魚津市吉島432"}}, {"type": "Feature", "geometry": {"type": "Polygon", "coordinates": [[[137.46515696816527, 36.77749637079307], [137.46180199557503, 36.78290040729692], [137.46612805338887, 36.79062042163703], [137.4621890797789, 36.79676946063639], [137.44990610541166, 36.807313546973134], [137.42706109924754, 36.818901658528155], [137.41201606606722, 36.82036271213649], [137.4065190631837, 36.82275873302669], [137.4066090684266, 36.82391073390954], [137.40018605125016, 36.82380575419378], [137.39927606173484, 36.82705075911951], [137.39599805438758, 36.827513769168576], [137.3922390223773, 36.82188277764717], [137.3943440273547, 36.821723770992264], [137.392885020528, 36.820989775042044], [137.39417201790798, 36.819476770029375], [137.39245101306662, 36.81941377534161], [137.39399099728527, 36.81444176794922], [137.39270396146665, 36.8061307698025], [137.39958199591462, 36.81037174727107], [137.40390599309669, 36.80721772787623], [137.40776300374785, 36.80773771278085], [137.40929499794424, 36.805435703929405], [137.4137190078199, 36.805492685629794], [137.42448299416228, 36.79775662718282], [137.4169759798038, 36.79753966124835], [137.42175494384043, 36.788012625896876], [137.43712395459175, 36.78446153763887], [137.44158494412113, 36.78114350527641], [137.44147293310402, 36.77934050069749], [137.44531292845855, 36.77742847350548], [137.45015394228645, 36.778294449121255], [137.45689593540007, 36.77514440269186], [137.4638159601559, 36.77683137386799], [137.46515696816527, 36.77749637079307]]]}, "properties": {"A27_001": "16204", "A27_002": "魚津市立", "A27_003": "B116220400025", "A27_004": "よつば小学校", "A27_005": "魚津市本江1041"}}, {"type": "Feature", "geometry": {"type": "Polygon", "coordinates": [[[137.3923589619306, 36.80650477116643], [137.38223791519474, 36.80040480762497], [137.3957698905445, 36.786099754644376], [137.40997080915892, 36.763053669908096], [137.42639574101293, 36.74747153745098], [137.43471964374154, 36.73136245000481], [137.44215360345842, 36.72466238069712], [137.45592246134922, 36.70221126792263], [137.46209345680344, 36.701830215354306], [137.4620774774644, 36.70493920734433], [137.46456448993206, 36.70693518003269], [137.47008046342884, 36.70302914340601], [137.4763255481702, 36.71638706030663], [137.47559159726987, 36.72308307552603], [137.48329460821054, 36.72415100816427], [137.49115459371365, 36.72168193871176], [137.4936626068096, 36.72291092631858], [137.4960326020295, 36.722078905182606], [137.49420163892714, 36.72652794389005], [137.49382470923814, 36.73464900107115], [137.48477272413362, 36.7384930687294], [137.48100175801505, 36.74349712016973], [137.48055681694103, 36.75133016669215], [137.48305184092766, 36.75368316792655], [137.47448886736407, 36.76004223985167], [137.47446289905696, 36.76438626304131], [137.47071089606087, 36.7648392858201], [137.4644739120966, 36.76894433799781], [137.46220795150919, 36.776140378370705], [137.45689593540007, 36.77514440269186], [137.45015394228645, 36.778294449121255], [137.44403292824106, 36.77777148176918], [137.43712395459175, 36.78446153763887], [137.42175494384043, 36.788012625896876], [137.4169759798038, 36.79753966124835], [137.42448299416228, 36.79775662718282], [137.4137190078199, 36.805492685629794], [137.40929499794424, 36.805435703929405], [137.40776300374785, 36.80773771278085], [137.40390599309669, 36.80721772787623], [137.39958199591462, 36.81037174727107], [137.39282196229553, 36.80627676941047], [137.3923589619306, 36.80650477116643]]]}, "properties": {"A27_001": "16204", "A27_002": "魚津市立", "A27_003": "B116220400016", "A27_004": "星の杜小学校", "A27_005": "魚津市住吉203"}}, {"type": "Feature", "geometry": {"type": "MultiPolygon", "coordinates": [[[[136.90627852148367, 36.62263724035173], [136.90849335092605, 36.62073628107011], [136.90717837009018, 36.62254725949195], [136.90627852148367, 36.62263724035173]]], [[[136.91268585609942, 36.649155274007526], [136.90086781282812, 36.65857786864565], [136.89401079604343, 36.65655586219392], [136.89545275312764, 36.65336990258298], [136.89253072964937, 36.65133391419729], [136.89343068222473, 36.647815955454945], [136.88783968111713, 36.647473939223886], [136.88544372101518, 36.65038690029073], [136.88077372724072, 36.65096387922256], [136.8820497050449, 36.64935490118587], [136.88095066857292, 36.64684992540026], [136.88332563010346, 36.64404296295743], [136.8777735950775, 36.641921971172955], [136.8863044465742, 36.63029311607193], [136.88515542811336, 36.629049125447885], [136.88191944795022, 36.63087509855861], [136.87866135018348, 36.62409515706812], [136.88022933979605, 36.62308017072273], [136.87468525944257, 36.61787420493515], [136.87686331893642, 36.621982171994716], [136.87431329499228, 36.62063017859072], [136.86619606648784, 36.60523530747182], [136.86692904721986, 36.60338532324911], [136.8683170373039, 36.602096335411765], [136.87538808748778, 36.60395633021021], [136.88155908990043, 36.602627352650885], [136.8863251263852, 36.60458634730258], [136.9006401371575, 36.60234240572777], [136.90589528656488, 36.615277320932506], [136.9104332868017, 36.61476434117157], [136.9085183019056, 36.616322321898735], [136.90809834990267, 36.62067628022566], [136.9031874064056, 36.62589021365741], [136.9099724413134, 36.62869921150758], [136.91063291330573, 36.63422985551381], [136.91426473447305, 36.63374371960151], [136.9198963835365, 36.63893088071327], [136.91869656224, 36.63955314927881], [136.91958940718075, 36.64076514934404], [136.92167775512266, 36.64014829145727], [136.9224621626422, 36.64160342069179], [136.9172603237714, 36.641353824436194], [136.91584253788727, 36.64597424408432], [136.91271549892636, 36.64904553060502], [136.91268585609942, 36.649155274007526]]]]}, "properties": {"A27_001": "16209", "A27_002": "小矢部市立", "A27_003": "B116220900057", "A27_004": "津沢小学校", "A27_005": "小矢部市新西222"}}, {"type": "Feature", "geometry": {"type": "Polygon", "coordinates": [[[136.8777735950775, 36.641921971172955], [136.8738596715618, 36.64741689944069], [136.8709338562024, 36.65998975063999], [136.86978196226917, 36.66712266312386], [136.87201702313578, 36.67127261790452], [136.86938799697046, 36.669488634750145], [136.86042774800003, 36.653518808253715], [136.86284264590597, 36.646799886847624], [136.8615336033358, 36.64416091499094], [136.85020258361263, 36.64409290211728], [136.84484963087863, 36.647820859824], [136.84739266992693, 36.64987183907694], [136.84716570900827, 36.65232281163466], [136.8411937312127, 36.654431786810136], [136.84019169908422, 36.6526078063189], [136.8374087380937, 36.65529177682643], [136.83427369068042, 36.65269780310239], [136.82556973877502, 36.65627976102609], [136.8207807017274, 36.65438078014129], [136.82119064046728, 36.65072281850177], [136.81588461467885, 36.64962382771874], [136.81339564753998, 36.651715805361455], [136.8094996411662, 36.65150280584134], [136.80687556938275, 36.64741484650148], [136.800572551952, 36.646570851297135], [136.800140377965, 36.636733949466276], [136.79744635706328, 36.63549895740672], [136.79490229073508, 36.631545991631924], [136.7848242493693, 36.62850300122288], [136.78335205168958, 36.61533311410513], [136.7858140195796, 36.613519136287834], [136.78610495076248, 36.60880917456994], [136.78770092256957, 36.60710919310578], [136.79480385202373, 36.60427724541661], [136.79961090531617, 36.609226222867534], [136.7965319556158, 36.611611188467876], [136.7989520136428, 36.61563815728741], [136.8017410350725, 36.61712814918405], [136.8138140144295, 36.616119184765715], [136.81454697518768, 36.61391920888387], [136.81119888460958, 36.60917825421379], [136.81257684089735, 36.60694028156468], [136.8099218013141, 36.60444129966867], [136.81078174456374, 36.60145733350343], [136.81412973834512, 36.60109134409057], [136.8175507850129, 36.60292532591357], [136.81931873981415, 36.59989635646189], [136.82356076356444, 36.60020235362403], [136.82576574536446, 36.597910370110405], [136.83087377931963, 36.5978563653801], [136.83881975036067, 36.59083440390662], [136.83926273277285, 36.58867841543004], [136.84430373393812, 36.58564643126262], [136.84819675637672, 36.5855924311009], [136.85139479600483, 36.58774741857015], [136.85044181138215, 36.58979340587062], [136.85267685610935, 36.59290838734536], [136.85221789608204, 36.59665136218807], [136.85565394843005, 36.59965334370186], [136.8568070131315, 36.60433230592576], [136.85998500063866, 36.60205232661922], [136.86252103765182, 36.60405731199581], [136.86454603195185, 36.60290732389578], [136.87431329499228, 36.62063017859072], [136.87686331893642, 36.621982171994716], [136.87468525944257, 36.61787420493515], [136.88022933979605, 36.62308017072273], [136.87866135018348, 36.62409515706812], [136.88191944795022, 36.63087509855861], [136.88515542811336, 36.629049125447885], [136.8863044465742, 36.63029311607193], [136.87883458006627, 36.640778986327554], [136.8777735950775, 36.641921971172955]]]}, "properties": {"A27_001": "16209", "A27_002": "小矢部市立", "A27_003": "B116220900048", "A27_004": "蟹谷小学校", "A27_005": "小矢部市平桜字岡山80"}}, {"type": "Feature", "geometry": {"type": "Polygon", "coordinates": [[[136.91926671305558, 36.553323715583474], [136.91782859895622, 36.53972672604772], [136.9270875610905, 36.53365074914156], [136.93895746785614, 36.52081975650564], [136.940353464097, 36.5201947565071], [136.9396004859637, 36.52301176010145], [136.94156948336988, 36.52246876080128], [136.94823144386754, 36.51679075500525], [136.94663443852855, 36.51632175343114], [136.94705642664238, 36.51488175095745], [136.95130240765585, 36.51238674584482], [136.95239034644493, 36.50497773005972], [136.95535433333822, 36.503174723819065], [136.95658930507108, 36.4995727156518], [136.95931130809683, 36.49979971358569], [136.96248835058083, 36.50493372099574], [136.96977036921243, 36.50726170949239], [136.97099541296117, 36.51249471912082], [136.96826543985196, 36.515804732218236], [136.96805947562365, 36.52009574371762], [136.97005650259885, 36.523296748703395], [136.96281758598863, 36.532997787442014], [136.94970458202883, 36.53321278825005], [136.94385061793122, 36.53795578841109], [136.93754371828376, 36.55018178333067], [136.92660572893672, 36.55365074002022], [136.91940171360756, 36.553359715968654], [136.91926671305558, 36.553323715583474]]]}, "properties": {"A27_001": "16210", "A27_002": "南砺市立", "A27_003": "C216221040017", "A27_004": "南砺つばき学舎義務教育学校", "A27_005": "南砺市蛇喰1001"}}, {"type": "Feature", "geometry": {"type": "Polygon", "coordinates": [[[136.82007453040998, 36.73106037146734], [136.82885250685854, 36.72308034530125], [136.83146546065103, 36.71306034438054], [136.83618346759863, 36.71361533163532], [136.83708045674948, 36.7118843328118], [136.83595038615445, 36.70301836670097], [136.8329603949811, 36.704253367034326], [136.83220737820386, 36.702434376518426], [136.8274883616305, 36.70102239135582], [136.82560531401282, 36.6965744194782], [136.83024132227246, 36.69696240890843], [136.83420129276863, 36.69386642044442], [136.83587330012153, 36.69441641417199], [136.8359602396837, 36.68920445000697], [136.83825924064536, 36.68907444703631], [136.84181229285025, 36.692855410519506], [136.84645721993869, 36.68647645434792], [136.8535651472117, 36.68045150450752], [136.863042218546, 36.684653452084035], [136.86630521300987, 36.684247459290134], [136.86827517126852, 36.68137249459826], [136.87046719593772, 36.683054476999], [136.87293218662444, 36.682419486776205], [136.8722071528326, 36.68011551340039], [136.8752061086686, 36.67712555298024], [136.87320107864903, 36.67505757466311], [136.87506903338814, 36.671976614258256], [136.88112806734193, 36.674839601445456], [136.88567104057103, 36.67336763526224], [136.88552106865424, 36.675359611027666], [136.88888208569495, 36.67714060559074], [136.88953013719382, 36.68120956395785], [136.88258417675962, 36.68286951344374], [136.88889229353177, 36.69302842894079], [136.8969743257471, 36.69961842786524], [136.89050536048703, 36.69919837790979], [136.8900644113766, 36.70417333599023], [136.88656045333678, 36.70626029052194], [136.88710249833292, 36.71323526416269], [136.8855195273911, 36.71719324488272], [136.88112854273447, 36.71608822169285], [136.87701956394224, 36.717041200423914], [136.86505258083122, 36.72630622700056], [136.86149957334095, 36.72448123149155], [136.8595895717312, 36.72616224159569], [136.85915257669333, 36.73019625066279], [136.8567585731262, 36.73150926179853], [136.85787057666957, 36.73211925880583], [136.85694957733492, 36.73409926596843], [136.85240656555558, 36.73285727966507], [136.85022556345007, 36.736064295368536], [136.84119354598482, 36.73608933279443], [136.83491353174273, 36.742778379652606], [136.8228635195064, 36.74101940575864], [136.82007853043544, 36.731078371505006], [136.82007453040998, 36.73106037146734]]]}, "properties": {"A27_001": "16209", "A27_002": "小矢部市立", "A27_003": "B116220900039", "A27_004": "東部小学校", "A27_005": "小矢部市西中野320"}}, {"type": "Feature", "geometry": {"type": "Polygon", "coordinates": [[[136.92379003364843, 36.68509675990475], [136.92047710328825, 36.69064568882904], [136.9106941246309, 36.68768263825345], [136.91075616277126, 36.69145660528293], [136.9079191768318, 36.6913605847899], [136.90700321195882, 36.69439155348647], [136.90829726483426, 36.70061051592459], [136.90386031065069, 36.70271146445011], [136.89180131448208, 36.69601742043282], [136.8823481679427, 36.68219752030641], [136.88953013719382, 36.68120956395785], [136.88888208569495, 36.67714060559074], [136.88567104057103, 36.67336763526224], [136.88112806734193, 36.674839601445456], [136.87015898563314, 36.66871564508081], [136.87302971005937, 36.650104867501234], [136.87672060871657, 36.642920957119905], [136.88330062935896, 36.64399196344304], [136.88095066857292, 36.64684992540026], [136.88178673514398, 36.65150587623147], [136.88783968111713, 36.647473939223886], [136.89343068222473, 36.647815955454945], [136.89401079604343, 36.65655586219392], [136.89968381545515, 36.65862486224372], [136.91448853689192, 36.6497448059841], [136.91178815452315, 36.65117665978733], [136.91630378267854, 36.65370517588373], [136.91771934067745, 36.65574304668386], [136.91534125999846, 36.65893227617079], [136.91842595171437, 36.66035482429789], [136.91504550076644, 36.66082990153925], [136.91694982326, 36.662816745687536], [136.9138908625971, 36.66520587309718], [136.91828543854038, 36.66764230446958], [136.91595462130732, 36.670245966166895], [136.91957438881371, 36.671450404224686], [136.92183566050193, 36.676806678070584], [136.92456752259596, 36.6731700109968], [136.9376669154529, 36.67158695660561], [136.93434687518175, 36.67347493026855], [136.93474790614755, 36.67693290473661], [136.92804041110747, 36.67868972824917], [136.92358603261377, 36.68487876010473], [136.92379003364843, 36.68509675990475]]]}, "properties": {"A27_001": "16209", "A27_002": "小矢部市立", "A27_003": "B116220900020", "A27_004": "大谷小学校", "A27_005": "小矢部市水牧10"}}, {"type": "Feature", "geometry": {"type": "Polygon", "coordinates": [[[136.87506903338814, 36.671976614258256], [136.87320107864903, 36.67505757466311], [136.8752061086686, 36.67712555298024], [136.8722071528326, 36.68011551340039], [136.87293218662444, 36.682419486776205], [136.87046719593772, 36.683054476999], [136.86827517126852, 36.68137249459826], [136.86630521300987, 36.684247459290134], [136.863042218546, 36.684653452084035], [136.8535651472117, 36.68045150450752], [136.84645721993869, 36.68647645434792], [136.84181229285025, 36.692855410519506], [136.83825924064536, 36.68907444703631], [136.8359602396837, 36.68920445000697], [136.83587330012153, 36.69441641417199], [136.83420129276863, 36.69386642044442], [136.83024132227246, 36.69696240890843], [136.82560531401282, 36.6965744194782], [136.8274883616305, 36.70102239135582], [136.83220737820386, 36.702434376518426], [136.8329603949811, 36.704253367034326], [136.83595038615445, 36.70301836670097], [136.83708045674948, 36.7118843328118], [136.83618346759863, 36.71361533163532], [136.83146546065103, 36.71306034438054], [136.82885250685854, 36.72308034530125], [136.8215745273707, 36.73058836928527], [136.80850055622687, 36.73014836772251], [136.80685656024556, 36.72823035968517], [136.79658561111398, 36.729715337581084], [136.7937786232488, 36.72696432067994], [136.7938886019982, 36.722210319902], [136.7894355987043, 36.717923310006235], [136.79874248444358, 36.70988035951678], [136.80395045962328, 36.70854536964624], [136.80684441850624, 36.70513138651067], [136.81285538865234, 36.703329397476054], [136.81558635917702, 36.700505406344504], [136.81150029058128, 36.69416244210042], [136.81229226288835, 36.69180445480892], [136.8100301942333, 36.68658449213998], [136.8115671691569, 36.68475750586283], [136.81759317967845, 36.68543049901311], [136.82257512021428, 36.68099553087946], [136.82056203075672, 36.6749595801135], [136.82293301212448, 36.67368459095971], [136.8237879513716, 36.669710627670305], [136.818633914557, 36.667600649654275], [136.81589784982287, 36.66368768793003], [136.81633881739896, 36.66163670736588], [136.81109176623696, 36.65872873455387], [136.80761568509527, 36.65413377869409], [136.8079816438223, 36.65170480314668], [136.81339564753998, 36.651715805361455], [136.81588461467885, 36.64962382771874], [136.82119064046728, 36.65072281850177], [136.8207807017274, 36.65438078014129], [136.82556973877502, 36.65627976102609], [136.83427369068042, 36.65269780310239], [136.8374087380937, 36.65529177682643], [136.84019169908422, 36.6526078063189], [136.8411937312127, 36.654431786810136], [136.84716570900827, 36.65232281163466], [136.84739266992693, 36.64987183907694], [136.84484963087863, 36.647820859824], [136.85020258361263, 36.64409290211728], [136.85878358531576, 36.643291921366426], [136.86281063513587, 36.64609989472404], [136.86028473667338, 36.652822816014584], [136.86455983983586, 36.659063750420444], [136.86525590103165, 36.66307470352594], [136.87049401278114, 36.670566623873285], [136.87437102951577, 36.67170761630566], [136.87506903338814, 36.671976614258256]]]}, "properties": {"A27_001": "16209", "A27_002": "小矢部市立", "A27_003": "B116220900011", "A27_004": "石動小学校", "A27_005": "小矢部市後谷1151"}}, {"type": "Feature", "geometry": {"type": "Polygon", "coordinates": [[[136.92808190672335, 36.838702141145944], [136.9224349457871, 36.845125088892466], [136.9227599269717, 36.851939087575396], [136.92004193531545, 36.8536420658314], [136.9222269090141, 36.85839608336427], [136.9262668829806, 36.85911111615126], [136.92893785450528, 36.861955139415215], [136.92520487282192, 36.863421110528584], [136.92625585718355, 36.8656881204479], [136.92434486829433, 36.8657521054648], [136.91916085470916, 36.87471808018666], [136.9167538637915, 36.875422064565704], [136.9182818518802, 36.87608907697014], [136.91843383110512, 36.87960308630214], [136.90798886528768, 36.88231902626184], [136.9059038802504, 36.88144001102694], [136.89464988602847, 36.88780798535392], [136.88378294841115, 36.88419993078781], [136.88207796723654, 36.88213591340497], [136.88303700130473, 36.87682288124682], [136.87735407353787, 36.86858480792776], [136.87340208788066, 36.86764879009262], [136.8706901204051, 36.862354748715305], [136.86239414009853, 36.86032471965834], [136.86360816271167, 36.857176691015255], [136.86111617106215, 36.85462267790424], [136.867234191746, 36.850916655715764], [136.86192419124316, 36.84774565106115], [136.86328914499583, 36.84284071338253], [136.86179912088286, 36.84107374241006], [136.8564470598418, 36.839789811049116], [136.8563640317524, 36.83675784629589], [136.86002298812687, 36.82907490425891], [136.85425287094336, 36.8212470357088], [136.8549228490226, 36.81824006272125], [136.8519708173622, 36.81705209769723], [136.84799572105072, 36.80984320178955], [136.85014572583367, 36.807883197281534], [136.85049168631036, 36.80158824922384], [136.85405867087826, 36.79497226847458], [136.8508806081543, 36.7866533355138], [136.8730367092103, 36.782014218565315], [136.87712772419025, 36.7828932041884], [136.87882074222287, 36.78581018890245], [136.88220273166922, 36.78256819850509], [136.88414674785662, 36.78509118515649], [136.88754774491508, 36.78342618849967], [136.8931577808401, 36.79109716018167], [136.89425383112487, 36.80012311680424], [136.90198887472695, 36.80885008942703], [136.9052749219372, 36.81864205444212], [136.91453190718664, 36.82195109202109], [136.91602991383647, 36.82457109177656], [136.9241458706703, 36.8239171479085], [136.93070785023556, 36.82894418121296], [136.9275338912349, 36.833152147320064], [136.9280179055274, 36.83820914155092], [136.92808190672335, 36.838702141145944]]]}, "properties": {"A27_001": "16205", "A27_002": "氷見市立", "A27_003": "C216220540014", "A27_004": "西の杜学園義務教育学校", "A27_005": "氷見市小窪1379"}}, {"type": "Feature", "geometry": {"type": "Polygon", "coordinates": [[[137.05166337525782, 36.646052485743226], [137.05460838848924, 36.64783147688937], [137.05703841707646, 36.65235546054627], [137.06397844961592, 36.656850436193245], [137.06818844311718, 36.65457943712902], [137.06364443750655, 36.654663443822244], [137.0665764266158, 36.651888447986856], [137.07162643648513, 36.652476437844015], [137.07312442048413, 36.64920144382927], [137.07664341845214, 36.648052439313616], [137.08116943311765, 36.649491426374674], [137.07397643326644, 36.65128543721819], [137.07166145238784, 36.655449429328044], [137.07675245433845, 36.65454242331549], [137.07720747433189, 36.65817741314801], [137.0797354816385, 36.65891540646223], [137.07730548510781, 36.66017340666755], [137.07926949308114, 36.66117740025048], [137.0808525159544, 36.66507038591363], [137.08110050464776, 36.662888392126], [137.0840374993691, 36.66116439253466], [137.08362248433582, 36.65844940101213], [137.08569548201714, 36.657496399416], [137.08736749279578, 36.65909939263964], [137.09189254978642, 36.66828836204625], [137.0913975613438, 36.670620356487575], [137.09628559941245, 36.67629033459392], [137.0930836230781, 36.682581319543935], [137.09661866081916, 36.69001829629254], [137.09392666829208, 36.692560291616594], [137.0942866751794, 36.6939332872336], [137.09148867892475, 36.69553528438252], [137.08333566555842, 36.69460329206069], [137.0815556733935, 36.69662128612513], [137.07670066814921, 36.69642228894624], [137.0740216763338, 36.69860828248556], [137.06576166336126, 36.69692428954171], [137.06482065310354, 36.69506529690257], [137.0640566582967, 36.69615729282587], [137.0602756514555, 36.69506329652798], [137.05958061285088, 36.68741832463043], [137.05165657744237, 36.68104834934539], [137.04993553929543, 36.67413538177874], [137.04569050650215, 36.6683554083913], [137.0431045008475, 36.667221413867644], [137.0473094804674, 36.66419542690217], [137.04678845798674, 36.66052644227646], [137.04857742566463, 36.65524146164407], [137.05118642825985, 36.65542945810225], [137.05428141246557, 36.65213346496227], [137.05183139817427, 36.650218474612274], [137.05163937538805, 36.64608148570548], [137.05166337525782, 36.646052485743226]]]}, "properties": {"A27_001": "16211", "A27_002": "射水市立", "A27_003": "B116221100099", "A27_004": "金山小学校", "A27_005": "射水市青井谷1648"}}, {"type": "Feature", "geometry": {"type": "Polygon", "coordinates": [[[137.14112088241444, 36.72517517971798], [137.13579088978037, 36.731181167609115], [137.13280388419682, 36.73109916915534], [137.12851989295422, 36.73601115974682], [137.129866907839, 36.73975815165416], [137.1246479013041, 36.740581152029556], [137.12960892794115, 36.74626513681729], [137.12797893198962, 36.74832713197005], [137.1279069456653, 36.7525381226987], [137.13088495819605, 36.755106117562704], [137.12621794340666, 36.75253612270271], [137.1275239285912, 36.74746713418849], [137.1240609164377, 36.74537813986595], [137.12267391748304, 36.74631413714461], [137.12153790057067, 36.7420011476248], [137.1190619013201, 36.74340014328161], [137.11760888557356, 36.739616151618826], [137.11532088531266, 36.74075814797806], [137.1144649021626, 36.745605137023546], [137.11278188960486, 36.74311614164372], [137.09999987114344, 36.741397145156434], [137.10035485834524, 36.73810215394611], [137.09720382288847, 36.72945317634424], [137.08205478902778, 36.72425019138375], [137.0787667890304, 36.72461619016375], [137.075246776926, 36.72198119894707], [137.08235076568724, 36.71838221094372], [137.0828387823482, 36.72249319724041], [137.09097777207882, 36.71825021138372], [137.09532478308685, 36.719553207040384], [137.09443377105072, 36.71684121608037], [137.100265774013, 36.715634219301116], [137.10088878456145, 36.718067211667595], [137.09887378677084, 36.71929120791373], [137.10538779138028, 36.7182722093799], [137.1049147812413, 36.715841216682875], [137.10718178180258, 36.71513321756331], [137.1066047697098, 36.71204222606243], [137.11281977764958, 36.71144422489487], [137.11617679330104, 36.71403021650688], [137.1219987965319, 36.71171522009264], [137.1267198139559, 36.713771212247345], [137.1240658126225, 36.714764211043324], [137.12454882470666, 36.71770820364781], [137.13085284343842, 36.71991219646348], [137.1321188634924, 36.72525318504913], [137.13840587156844, 36.72408318436494], [137.14110588212017, 36.725094179915935], [137.14112088241444, 36.72517517971798]]]}, "properties": {"A27_001": "16211", "A27_002": "射水市立", "A27_003": "B116221100080", "A27_004": "小杉小学校", "A27_005": "射水市戸破4100"}}, {"type": "Feature", "geometry": {"type": "Polygon", "coordinates": [[[137.07442093679737, 36.76437105105025], [137.06855194620408, 36.76719303138], [137.06821095231402, 36.769026025211836], [137.0619819485938, 36.76777001734234], [137.06017395164088, 36.76820201172429], [137.05875196366145, 36.771428997044886], [137.05353697112372, 36.772276980898695], [137.05045596963572, 36.77100897817153], [137.0486039494172, 36.76466299948565], [137.0508269229899, 36.75861802810378], [137.0497718938682, 36.751165060805555], [137.0523408854067, 36.7492650727129], [137.07729986627092, 36.74457412011998], [137.08047492122427, 36.758970077385904], [137.0825989214783, 36.75876308090791], [137.08256293195225, 36.76191007036993], [137.0744329368107, 36.76437505105825], [137.07442093679737, 36.76437105105025]]]}, "properties": {"A27_001": "16211", "A27_002": "射水市立", "A27_003": "B116221100071", "A27_004": "塚原小学校", "A27_005": "射水市松木715"}}, {"type": "Feature", "geometry": {"type": "Polygon", "coordinates": [[[137.12916693282386, 36.748052132536465], [137.13646893520647, 36.745072137903364], [137.14506296224633, 36.74829413118671], [137.14598296841078, 36.74983912809671], [137.14469997070012, 36.7515971245807], [137.14884598143732, 36.75228512320471], [137.1492209854861, 36.7534891207967], [137.14775598342004, 36.7538181201387], [137.14957399481204, 36.75668911439671], [137.15969501811702, 36.7532021213707], [137.1644020350047, 36.75373111984766], [137.16323000068851, 36.74446613483296], [137.16967802031454, 36.74367413302319], [137.17468804285923, 36.74563712817919], [137.17476904690258, 36.74704512626587], [137.17802305732963, 36.74683312593364], [137.18009609952907, 36.757762111870846], [137.15565203752794, 36.76305110481885], [137.14858303174265, 36.76687009971131], [137.1359780234766, 36.77043609208631], [137.13527501486288, 36.76859509537811], [137.13733601642286, 36.76806909712919], [137.1374180095743, 36.76632010042239], [137.13622699344262, 36.76275010491863], [137.13447099183512, 36.76304910405777], [137.13306696653876, 36.7567361143027], [137.13199496665948, 36.7572011133727], [137.1279069456653, 36.7525381226987], [137.12797893198962, 36.74832713197005], [137.12919993313253, 36.74813613232782], [137.12916693282386, 36.748052132536465]]]}, "properties": {"A27_001": "16211", "A27_002": "射水市立", "A27_003": "B116221100062", "A27_004": "東明小学校", "A27_005": "射水市海老江七軒1347"}}, {"type": "Feature", "geometry": {"type": "Polygon", "coordinates": [[[137.1359780234766, 36.77043609208631], [137.1379750337139, 36.77207408931737], [137.1364690355735, 36.773242086749086], [137.138440037955, 36.772884087871844], [137.13600803599795, 36.77355308610876], [137.13675504442853, 36.77533208287528], [137.12184603301296, 36.779500071520744], [137.11966001447533, 36.774844078830675], [137.1171630099219, 36.77453807716771], [137.12063700572196, 36.77233008362898], [137.11832097945728, 36.766510091783296], [137.13227997863527, 36.760435107720554], [137.13622699344262, 36.76275010491863], [137.13573202043932, 36.76978609326491], [137.1359780234766, 36.77043609208631]]]}, "properties": {"A27_001": "16211", "A27_002": "射水市立", "A27_003": "B116221100053", "A27_004": "堀岡小学校", "A27_005": "射水市海竜町118-2"}}, {"type": "Feature", "geometry": {"type": "Polygon", "coordinates": [[[137.1115889538148, 36.761464098729995], [137.11269194294556, 36.75780810702955], [137.1047559191608, 36.75384711407027], [137.11257192727876, 36.75315611936868], [137.1108838968671, 36.74549213645949], [137.1144649021626, 36.745605137023546], [137.1167588828291, 36.73924615223671], [137.1190619013201, 36.74340014328161], [137.12153790057067, 36.7420011476248], [137.12267391748304, 36.74631413714461], [137.1275239285912, 36.74746713418849], [137.12621794340666, 36.75253612270271], [137.1310259567374, 36.7546121185507], [137.13199496665948, 36.7572011133727], [137.1244789610215, 36.758516110508154], [137.1131429687, 36.765354091793974], [137.11175995479002, 36.7616940983654], [137.1115889538148, 36.761464098729995]]]}, "properties": {"A27_001": "16211", "A27_002": "射水市立", "A27_003": "B116221100044", "A27_004": "片口小学校", "A27_005": "射水市片口高場48"}}, {"type": "Feature", "geometry": {"type": "Polygon", "coordinates": [[[137.08489893528048, 36.7625970711946], [137.08186792940006, 36.76123707168659], [137.0825989214783, 36.75876308090791], [137.08047492122427, 36.758970077385904], [137.07684985549008, 36.74144413013156], [137.08325284918, 36.739155142370905], [137.0804188247485, 36.733362157869024], [137.08238281936943, 36.731799164362045], [137.08953083677795, 36.73513215721021], [137.09794383226284, 36.73194016961443], [137.10035485834524, 36.73810215394611], [137.09955686990966, 36.74118714551955], [137.11278188960486, 36.74311614164372], [137.11418490168066, 36.74559413698091], [137.1108838968671, 36.74549213645949], [137.11058391269802, 36.7496381276811], [137.11257192727876, 36.75315611936868], [137.11012792733345, 36.75415011564982], [137.1089099190594, 36.752155120428476], [137.1047559191608, 36.75384711407027], [137.11269194294556, 36.75780810702955], [137.10903695662262, 36.76310809357723], [137.11209397668787, 36.767880086092305], [137.10392297542015, 36.76972207514517], [137.0924169404291, 36.762789079563504], [137.08770694420494, 36.764879067312854], [137.0849279420233, 36.76461606450326], [137.0849139364871, 36.76295707001459], [137.08489893528048, 36.7625970711946]]]}, "properties": {"A27_001": "16211", "A27_002": "射水市立", "A27_003": "B116221100035", "A27_004": "作道小学校", "A27_005": "射水市作道913"}}, {"type": "Feature", "geometry": {"type": "Polygon", "coordinates": [[[137.08586400449585, 36.783233018843845], [137.07924601787792, 36.788129994268665], [137.08225601953902, 36.78822700076355], [137.07829301842105, 36.78841999157088], [137.06791303504042, 36.79384395135071], [137.058537018672, 36.7881829388831], [137.0601000139309, 36.787010947512584], [137.05910000856613, 36.78508895140558], [137.07440999229726, 36.78102100082109], [137.0738109685005, 36.77388202261348], [137.08209896999267, 36.773384038525265], [137.081801973984, 36.77462103517247], [137.08558398318155, 36.77687603582699], [137.08467498973417, 36.77896302823943], [137.08732099746342, 36.780929028240756], [137.0851340003914, 36.78209902039298], [137.08586400449585, 36.783233018843845]]]}, "properties": {"A27_001": "16211", "A27_002": "射水市立", "A27_003": "B116221100026", "A27_004": "新湊小学校", "A27_005": "射水市桜町6-1"}}, {"type": "Feature", "geometry": {"type": "Polygon", "coordinates": [[[137.09416798366385, 36.77498805334707], [137.1010899848175, 36.773372065326946], [137.1055089992801, 36.77591506416895], [137.10936899329062, 36.77289007365005], [137.11397900847675, 36.77528607295583], [137.1103760085361, 36.77674506683516], [137.11144801660546, 36.77873706380406], [137.10836001190816, 36.778563061407176], [137.10843301782552, 36.78030905798006], [137.1120220202375, 36.77959706259427], [137.11357502772486, 36.78122206072473], [137.1005840234107, 36.784837041993526], [137.0994310124455, 36.782219045680705], [137.0938020135001, 36.78397203213342], [137.09721701207414, 36.782698040846824], [137.09646400572808, 36.7809950432614], [137.0899970060795, 36.782825027933534], [137.09123001300145, 36.784503026498975], [137.08957400361018, 36.7821970287984], [137.08586400449585, 36.783233018843845], [137.08732099746342, 36.780929028240756], [137.08467498973417, 36.77896302823943], [137.08451597809693, 36.77549303772996], [137.08997197929415, 36.7747960481364], [137.0900979692094, 36.771737054422395], [137.09331997425676, 36.772392057408396], [137.09414898340697, 36.774916053465745], [137.09416798366385, 36.77498805334707]]]}, "properties": {"A27_001": "16211", "A27_002": "射水市立", "A27_003": "B116221100017", "A27_004": "放生津小学校", "A27_005": "射水市中新湊23-10"}}, {"type": "Feature", "geometry": {"type": "Polygon", "coordinates": [[[137.486213262966, 36.90753483346683], [137.4829206489765, 36.909983301354906], [137.48369572561086, 36.91178601881034], [137.48195381004726, 36.91277869347787], [137.48114907354488, 36.91769735389486], [137.46343902197813, 36.92838683891794], [137.4611651113228, 36.93890044527425], [137.43556442111588, 36.930989480962374], [137.42600661451107, 36.92539870970711], [137.42887135175516, 36.92581766023376], [137.4278135739475, 36.92402409068113], [137.42642434318614, 36.924788614327895], [137.42471833250843, 36.92148247382905], [137.45643641454035, 36.90180524306928], [137.48079484798762, 36.897696434008175], [137.48172893579317, 36.90140885440542], [137.48572037894857, 36.9023518881384], [137.48276102360109, 36.90484763064098], [137.48413945781704, 36.90590081295068], [137.486213262966, 36.90753483346683]]]}, "properties": {"A27_001": "16342", "A27_002": "入善町立", "A27_003": "B116234200028", "A27_004": "飯野小学校", "A27_005": "下新川郡入善町東狐171"}}, {"type": "Feature", "geometry": {"type": "Polygon", "coordinates": [[[137.48079484798762, 36.897696434008175], [137.4918358515096, 36.894747790553126], [137.52172441744077, 36.876293371792784], [137.53242894197956, 36.87454117480966], [137.54462525705347, 36.86757937648658], [137.54294692015213, 36.87289023168817], [137.54420917617242, 36.880542574393054], [137.5320422705954, 36.90734410266873], [137.52920519804002, 36.920043301004426], [137.52798872037314, 36.916380062173324], [137.51556026806406, 36.917073632123355], [137.51526991658238, 36.91476514236255], [137.50918126850098, 36.912274469076905], [137.50921657985091, 36.90983711927426], [137.4996061533323, 36.90607253838351], [137.49716704032798, 36.90271228686108], [137.49146151099, 36.90796428084286], [137.4913640383088, 36.91048584847816], [137.48880095802554, 36.90958884881825], [137.48276102360109, 36.90484763064098], [137.48572037894857, 36.9023518881384], [137.48172893579317, 36.90140885440542], [137.48079484798762, 36.897696434008175]]]}, "properties": {"A27_001": "16342", "A27_002": "入善町立", "A27_003": "B116234200019", "A27_004": "黒東小学校", "A27_005": "下新川郡入善町小摺戸402"}}, {"type": "Feature", "geometry": {"type": "Polygon", "coordinates": [[[137.5276002354436, 36.918406883892246], [137.52827300317813, 36.924673967975586], [137.5270573111439, 36.9251797861324], [137.52842826058426, 36.92523811287546], [137.5280796038164, 36.92811058742805], [137.5293675104536, 36.92895496397642], [137.5279045547974, 36.930357787751674], [137.52786778534448, 36.93448713905015], [137.5291482388073, 36.93439557788636], [137.529480159798, 36.93780681037786], [137.53083530117485, 36.93771050290479], [137.531254003577, 36.94123672308292], [137.53716425831556, 36.94146776194389], [137.5376883809058, 36.94317659105891], [137.54154289490282, 36.942570042760096], [137.54044946957703, 36.946322187346375], [137.5429584842378, 36.96102877383519], [137.53532798715253, 36.96136321909249], [137.53147835749184, 36.959410640620305], [137.524849252204, 36.960195693863945], [137.5024927339934, 36.95685741930776], [137.50405466843833, 36.954477565601174], [137.5028495448209, 36.95314139919552], [137.50606331607077, 36.9505365929701], [137.50975550588058, 36.95045544873512], [137.50969132800307, 36.94432437787658], [137.50628733768752, 36.942506047039316], [137.50894528690736, 36.942375162071556], [137.50682367435593, 36.940503770430965], [137.50785286261873, 36.93865581045112], [137.50903993906797, 36.93715840001792], [137.5116416206842, 36.938365206671044], [137.51557067987525, 36.928868322337706], [137.51696653243542, 36.92898393263035], [137.5160201167957, 36.92740241893472], [137.5183667869112, 36.92115650740605], [137.51661266594314, 36.91716841405068], [137.52593393281848, 36.915953699317754], [137.52798872037314, 36.916380062173324], [137.5275450784944, 36.91813311808119], [137.5276002354436, 36.918406883892246]]]}, "properties": {"A27_001": "16342", "A27_002": "入善町立", "A27_003": "B116234200064", "A27_004": "桃李小学校", "A27_005": "下新川郡入善町椚山813"}}, {"type": "Feature", "geometry": {"type": "Polygon", "coordinates": [[[137.53873812195073, 36.89281893988547], [137.53895232940545, 36.89408468134718], [137.5419227667068, 36.894093654696626], [137.54387451114036, 36.89039779885262], [137.54790167202273, 36.88796746943744], [137.5510357823609, 36.87542834561792], [137.55954636954982, 36.87693477363854], [137.56746814598725, 36.87411290250685], [137.56847841331523, 36.87146145996969], [137.57286685291933, 36.86877756717601], [137.58205438083672, 36.8673726198556], [137.58615748975416, 36.8636199424826], [137.5844196236685, 36.85931824669487], [137.58658184563976, 36.8585696981575], [137.5872139904942, 36.85288820071845], [137.58870456522124, 36.85185797400746], [137.59483994443355, 36.85236240412071], [137.60152872386968, 36.859542708214], [137.61049552423495, 36.86528653663163], [137.60882503440047, 36.87286709452918], [137.60200234561663, 36.87671664167647], [137.5914367995726, 36.88755836242876], [137.5866275241133, 36.88539051187823], [137.58298862430814, 36.881166105918936], [137.57996852088755, 36.881142555286324], [137.57210485417758, 36.88316338866341], [137.56867205343144, 36.8821970824827], [137.56691984454136, 36.88387478477208], [137.56737345775625, 36.8880253754143], [137.5634148116671, 36.88692770074913], [137.55773885248408, 36.88830633114755], [137.55478072561223, 36.89327484382474], [137.5576964146287, 36.90075253838633], [137.55894715879367, 36.9007441327618], [137.55894406460595, 36.91052139961966], [137.5424963752873, 36.91158304532802], [137.538694745866, 36.90804933690812], [137.53662938006698, 36.910066861641006], [137.53193724467872, 36.90810849714323], [137.5382614090037, 36.89344884834852], [137.53873812195073, 36.89281893988547]]]}, "properties": {"A27_001": "16342", "A27_002": "入善町立", "A27_003": "B116234200055", "A27_004": "ひばり野小学校", "A27_005": "下新川郡入善町舟見590-1"}}, {"type": "Feature", "geometry": {"type": "Polygon", "coordinates": [[[137.48860988053357, 36.953095059050106], [137.4914799445296, 36.942492435781446], [137.49800509089846, 36.93357238311698], [137.5017974211008, 36.93230787900152], [137.50022025720372, 36.92789163485238], [137.51118816420325, 36.912125152636015], [137.51060541373553, 36.91356425769287], [137.51526991658238, 36.91476514236255], [137.5183667869112, 36.92115650740605], [137.513156738337, 36.93583037987134], [137.50682367435593, 36.940503770430965], [137.50911373666057, 36.94177818293218], [137.50628733768752, 36.942506047039316], [137.50969132800307, 36.94432437787658], [137.50975550588058, 36.95045544873512], [137.5028495448209, 36.95314139919552], [137.5024927339934, 36.95685741930776], [137.48888903153974, 36.95326011617443], [137.48860988053357, 36.953095059050106]]]}, "properties": {"A27_001": "16342", "A27_002": "入善町立", "A27_003": "B116234200046", "A27_004": "入善小学校", "A27_005": "下新川郡入善町入膳3945"}}, {"type": "Feature", "geometry": {"type": "Polygon", "coordinates": [[[137.4611651113228, 36.93890044527425], [137.46343902197813, 36.92838683891794], [137.48114907354488, 36.91769735389486], [137.48195381004726, 36.91277869347787], [137.48369572561086, 36.91178601881034], [137.4829206489765, 36.909983301354906], [137.486213262966, 36.90753483346683], [137.4913640383088, 36.91048584847816], [137.492789684913, 36.9088018037511], [137.49146151099, 36.90796428084286], [137.49377384001946, 36.90758633392964], [137.49716704032798, 36.90271228686108], [137.4996061533323, 36.90607253838351], [137.50921657985091, 36.90983711927426], [137.50828823831185, 36.91089831302169], [137.50947539143067, 36.912543680007005], [137.49961087043448, 36.929512023665154], [137.5017974211008, 36.93230787900152], [137.49989499834092, 36.934114986385296], [137.49800509089846, 36.93357238311698], [137.4979100128654, 36.93626097474693], [137.49662971456647, 36.93593877723209], [137.49522920065013, 36.93970468673449], [137.4914799445296, 36.942492435781446], [137.48860988053357, 36.953095059050106], [137.47762757489625, 36.94659325889223], [137.46665112676018, 36.94319843676757], [137.46135629284183, 36.93898916555486], [137.4611651113228, 36.93890044527425]]]}, "properties": {"A27_001": "16342", "A27_002": "入善町立", "A27_003": "B116234200037", "A27_004": "上青小学校", "A27_005": "下新川郡入善町上野210"}}, {"type": "Feature", "geometry": {"type": "Polygon", "coordinates": [[[137.075246776926, 36.72198119894707], [137.0787667890304, 36.72461619016375], [137.09509581697984, 36.72845217877494], [137.09794383226284, 36.73194016961443], [137.08953083677795, 36.73513215721021], [137.08238281936943, 36.731799164362045], [137.0804188247485, 36.733362157869024], [137.08325284918, 36.739155142370905], [137.07695085373499, 36.74099413167349], [137.07692586693136, 36.74482211896087], [137.0523408854067, 36.7492650727129], [137.0497718938682, 36.751165060805555], [137.04482485822174, 36.740059097656385], [137.04872385700065, 36.74054010229704], [137.05226283094296, 36.73525012789688], [137.05143879306883, 36.72618016321358], [137.0556958043897, 36.72918815496557], [137.06528179352063, 36.72698017231845], [137.06499278331248, 36.72471718107622], [137.06702577847207, 36.7232811882507], [137.07515977713132, 36.722042198743736], [137.075246776926, 36.72198119894707]]]}, "properties": {"A27_001": "16211", "A27_002": "射水市立", "A27_003": "B116221100151", "A27_004": "大島小学校", "A27_005": "射水市小島675-1"}}, {"type": "Feature", "geometry": {"type": "Polygon", "coordinates": [[[137.40373828344875, 36.67475969921163], [137.39248228532037, 36.67622576202813], [137.3918553001786, 36.67839076491107], [137.38612432608932, 36.68258779620825], [137.37688833473584, 36.68566584707785], [137.3761103484052, 36.68787185269784], [137.37131533313192, 36.686539872460976], [137.36449835017598, 36.6904599023423], [137.35366131531742, 36.68857794050426], [137.35105131900417, 36.690000950732916], [137.35126827818638, 36.68380594583142], [137.3562482310833, 36.67547292256946], [137.3564782138276, 36.672846921435365], [137.3543251891667, 36.66972192909051], [137.36003019504892, 36.66908290880607], [137.35996416409162, 36.66445690874131], [137.36359616138887, 36.663113895642866], [137.36936812737363, 36.65689887307923], [137.37763813715355, 36.65671183961267], [137.38183510116954, 36.650474827751324], [137.38771309896683, 36.64896880525616], [137.38900806224683, 36.643201803835396], [137.3936940591081, 36.64179378619118], [137.39150904864147, 36.64066079665535], [137.39376303330013, 36.63790879234767], [137.39633404246808, 36.63876978102538], [137.40544302426486, 36.6342577517644], [137.40365198742296, 36.62892076917291], [137.40561097807867, 36.62697076515364], [137.41135399403672, 36.62801874085998], [137.41635698552875, 36.625719727119616], [137.4188139927167, 36.62655371506764], [137.42832299099308, 36.624857681672914], [137.4262250508249, 36.63523066035409], [137.42992113044352, 36.6482266012013], [137.42502317568466, 36.65612960577962], [137.42199018121258, 36.65727561873505], [137.42463319268327, 36.658925600432624], [137.42161719488283, 36.65945661548504], [137.42282520710637, 36.66120960463066], [137.4196002122397, 36.662194620762094], [137.4185062024868, 36.660804629790405], [137.41351122483343, 36.664489652439926], [137.41377324797008, 36.668084645687394], [137.41115826732565, 36.67154565719133], [137.4113392851535, 36.674467652384365], [137.4054602837578, 36.67468468859068], [137.40373828344875, 36.67475969921163]]]}, "properties": {"A27_001": "16322", "A27_002": "上市町立", "A27_003": "B116232200068", "A27_004": "陽南小学校", "A27_005": "中新川郡上市町柿沢424-2"}}, {"type": "Feature", "geometry": {"type": "Polygon", "coordinates": [[[137.16323000068851, 36.74446613483296], [137.1644020350047, 36.75373111984766], [137.15969501811702, 36.7532021213707], [137.14957399481204, 36.75668911439671], [137.14775598342004, 36.7538181201387], [137.1492209854861, 36.7534891207967], [137.14884598143732, 36.75228512320471], [137.14469997070012, 36.7515971245807], [137.14598296841078, 36.74983912809671], [137.14506296224633, 36.74829413118671], [137.13646893520647, 36.745072137903364], [137.12916693282386, 36.748052132536465], [137.12912992447974, 36.74538913905603], [137.12451390264587, 36.741055151017285], [137.12544089997715, 36.73976015361727], [137.129866907839, 36.73975815165416], [137.12851989295422, 36.73601115974682], [137.13203588477813, 36.731683167939345], [137.13579088978037, 36.731181167609115], [137.14112088241444, 36.72517517971798], [137.1451218904213, 36.724366177829175], [137.14885192827919, 36.73425215927068], [137.15197594383858, 36.73640915408147], [137.14929793942684, 36.73729915317669], [137.1512039553148, 36.740615146012594], [137.16308400037616, 36.7445221348232], [137.16323000068851, 36.74446613483296]]]}, "properties": {"A27_001": "16211", "A27_002": "射水市立", "A27_003": "B116221100142", "A27_004": "下村小学校", "A27_005": "射水市加茂中部1051"}}, {"type": "Feature", "geometry": {"type": "Polygon", "coordinates": [[[137.4960326020295, 36.722078905182606], [137.4936626068096, 36.72291092631858], [137.49115459371365, 36.72168193871176], [137.48329460821054, 36.72415100816427], [137.47515759540346, 36.722849079114255], [137.4763255481702, 36.71638706030663], [137.4698984628875, 36.70293814525086], [137.46456448993206, 36.70693518003269], [137.4620774774644, 36.70493920734433], [137.46209345680344, 36.701830215354306], [137.4565954581825, 36.70174726302539], [137.4480625317882, 36.713539324600426], [137.4470955197463, 36.7115393340576], [137.45007650385813, 36.70897431003492], [137.44846647462003, 36.704101329760896], [137.45142644309007, 36.69904531221399], [137.44539045594797, 36.700989359885384], [137.44093748273818, 36.70545439153508], [137.4360474874965, 36.70616743170926], [137.43278443709013, 36.697846467885824], [137.4301134297222, 36.69661849010043], [137.43177640571628, 36.692617481208025], [137.42916339224487, 36.69046150380095], [137.42481740960253, 36.69326253371729], [137.42120139297825, 36.69061156327776], [137.4115423805963, 36.68881863638864], [137.40582638590254, 36.68999567580272], [137.40380540005762, 36.69225368965617], [137.3982614021203, 36.69293272764649], [137.37981844603323, 36.70126184610786], [137.37884843430615, 36.69965584964117], [137.3806004312946, 36.69900183887361], [137.37890040964845, 36.69618884543895], [137.36721339002568, 36.69574089772013], [137.36800636615075, 36.69213388973883], [137.36084536462167, 36.693578919401375], [137.3603883397728, 36.690003917536664], [137.36507734983465, 36.69029289991496], [137.37131533313192, 36.686539872460976], [137.3761103484052, 36.68787185269784], [137.37688833473584, 36.68566584707785], [137.38612432608932, 36.68258779620825], [137.3918553001786, 36.67839076491107], [137.39248228532037, 36.67622576202813], [137.4013382831628, 36.67488271402369], [137.40373828344875, 36.67475969921163], [137.40336231046746, 36.67884469809201], [137.4069273131119, 36.67900367501378], [137.4088823537608, 36.68497065672191], [137.41705330820608, 36.67769060989289], [137.42366731680752, 36.67877956274964], [137.42735830090894, 36.676053543192495], [137.4381353288993, 36.68019245938912], [137.4406503237377, 36.67950544329135], [137.46785718894995, 36.656093373814464], [137.47609712433223, 36.64471339701502], [137.48253311826463, 36.64322538492793], [137.48784709622026, 36.639408389055305], [137.49545909242346, 36.63833137788379], [137.5010160504845, 36.63168340123795], [137.52090400967984, 36.62455642428325], [137.5195369566428, 36.61756045693122], [137.52515789447287, 36.60972248438653], [137.5342528731671, 36.60703250143765], [137.54051087313346, 36.60708150930712], [137.5459218229248, 36.60118153558456], [137.55520677381443, 36.596086568742585], [137.56350676485965, 36.595664592232396], [137.57176780043997, 36.59914460517215], [137.57678580465856, 36.59923861989703], [137.58143979547552, 36.5980396398413], [137.58436673013617, 36.592714665034286], [137.5918927326392, 36.59183069094285], [137.60219980916227, 36.59394171492598], [137.60949791997524, 36.59745972266072], [137.60823704272553, 36.60694169232049], [137.6144101723467, 36.61259769328635], [137.6156713171616, 36.62240367091264], [137.6227054473012, 36.62733567778944], [137.6231374860039, 36.63005567328412], [137.61891350736718, 36.63468065102712], [137.62137553219037, 36.63491265850956], [137.62737064759514, 36.639650671149646], [137.62249267973726, 36.646005645800585], [137.62071575760172, 36.65381062775053], [137.6143367180232, 36.65523760033186], [137.60731275945093, 36.66381255928406], [137.60698678995516, 36.66673855314369], [137.59042581271572, 36.681190452847154], [137.59054778771355, 36.67863545817952], [137.5883347447604, 36.676066451955656], [137.5802456617109, 36.673280417934215], [137.57255560659303, 36.67262938117042], [137.56240057842524, 36.67577931966045], [137.55277650935878, 36.67377428368896], [137.55050251700555, 36.676014265507426], [137.5420924924143, 36.678097219851246], [137.535400446808, 36.676265199203144], [137.53165045543275, 36.67931117294275], [137.5261394423162, 36.68063914633967], [137.51603739577257, 36.67882413220851], [137.51431841351507, 36.68266910356057], [137.50926741868673, 36.685828077366814], [137.50945043534117, 36.68831006043991], [137.5068894424186, 36.690601043800115], [137.5091894575887, 36.69187803601943], [137.50793049472037, 36.69901198738903], [137.51117554643423, 36.70581695424582], [137.50942256813875, 36.7103999262676], [137.50356356400815, 36.714434874139286], [137.49973558977325, 36.720354865032235], [137.49614060173843, 36.72203390413081], [137.4960326020295, 36.722078905182606]]]}, "properties": {"A27_001": "16322", "A27_002": "上市町立", "A27_003": "B116232200059", "A27_004": "白萩西部小学校", "A27_005": "中新川郡上市町丸山43"}}, {"type": "Feature", "geometry": {"type": "Polygon", "coordinates": [[[137.075246776926, 36.72198119894707], [137.06702577847207, 36.7232811882507], [137.06499278331248, 36.72471718107622], [137.06528179352063, 36.72698017231845], [137.0556958043897, 36.72918815496557], [137.05143879306883, 36.72618016321358], [137.05226283094296, 36.73525012789688], [137.04872385700065, 36.74054010229704], [137.04504185848617, 36.74015709760562], [137.03885084398345, 36.735870106796014], [137.0375528331093, 36.7332861169115], [137.04074282541364, 36.73207112602483], [137.0110337337318, 36.69921419776951], [137.0388376336714, 36.68986730389111], [137.0395196239345, 36.68815531223744], [137.03766961873626, 36.6868723169155], [137.03951962182785, 36.687760314038364], [137.03444656782935, 36.67729035707437], [137.036412572996, 36.67858835380292], [137.0364675637547, 36.6770603611021], [137.04104055363405, 36.675894369613516], [137.04287653465684, 36.67283938550728], [137.04789452460258, 36.671535393391785], [137.05165657744237, 36.68104834934539], [137.05958061285088, 36.68741832463043], [137.0602756514555, 36.69506329652798], [137.0640566582967, 36.69615729282587], [137.06482065310354, 36.69506529690257], [137.06576166336126, 36.69692428954171], [137.0708606699241, 36.6976322861891], [137.0728976837302, 36.70033227644347], [137.07811775788602, 36.71690221587704], [137.08087676585615, 36.718588210257046], [137.0755107763113, 36.721798199557064], [137.075246776926, 36.72198119894707]]]}, "properties": {"A27_001": "16211", "A27_002": "射水市立", "A27_003": "B116221100133", "A27_004": "大門小学校", "A27_005": "射水市二口417-1"}}, {"type": "Feature", "geometry": {"type": "Polygon", "coordinates": [[[137.36179654488365, 36.720390956405716], [137.36034058576772, 36.72794096658451], [137.34959457370397, 36.73284098389429], [137.34906056019167, 36.730639984731404], [137.34677755497745, 36.73113898801721], [137.3473155714846, 36.73403398655485], [137.34002457172687, 36.739640995796414], [137.33512052997384, 36.73420300318218], [137.34096253323557, 36.73077899662427], [137.343362518041, 36.72607899476309], [137.3382074918261, 36.72409900371076], [137.3391454599975, 36.71758399769991], [137.3415184686335, 36.717818993637906], [137.34254045657525, 36.715215990662784], [137.33682739664067, 36.708074001036394], [137.3478454199679, 36.7070649754828], [137.34939540784126, 36.7043549684087], [137.35817543178732, 36.704706941976426], [137.35890047122984, 36.71045894798996], [137.35727847510455, 36.711688954442145], [137.3590364770592, 36.71127894893412], [137.36149751139516, 36.71544494993467], [137.36193754028193, 36.71962895512755], [137.36179654488365, 36.720390956405716]]]}, "properties": {"A27_001": "16322", "A27_002": "上市町立", "A27_003": "B116232200040", "A27_004": "宮川小学校", "A27_005": "中新川郡上市町中江上2"}}, {"type": "Feature", "geometry": {"type": "MultiPolygon", "coordinates": [[[[137.38731260532361, 36.72404983827928], [137.38629959739927, 36.72282584245454], [137.38836958014176, 36.71983682214144], [137.3912745884038, 36.721213802701456], [137.38853661288397, 36.72529383085063], [137.3874216063443, 36.724210837880854], [137.38731260532361, 36.72404983827928]]], [[[137.43701348650373, 36.70605542380981], [137.43257449691902, 36.70748945922108], [137.4337075392838, 36.7141474499309], [137.4367755726598, 36.71951542495907], [137.43552557963778, 36.72067843653255], [137.43201457573184, 36.72002746674658], [137.43033960358977, 36.72467048265547], [137.42491862393913, 36.7280555305642], [137.42331361983452, 36.72725254358221], [137.42261059734102, 36.72345154781808], [137.41949058442975, 36.7210685732063], [137.41175659016153, 36.72150663734406], [137.4053046057437, 36.724103693558945], [137.3967725705896, 36.71824475793325], [137.39213756996566, 36.718140791517655], [137.3918475609531, 36.71664279132761], [137.38522859747258, 36.722935849703816], [137.37936061511135, 36.72610789538531], [137.38281958921812, 36.7218288630081], [137.373489614205, 36.72669393105322], [137.36588658625982, 36.72516395079723], [137.36359057150875, 36.723696955854805], [137.36367755128188, 36.720633951105704], [137.36179654488365, 36.720390956405716], [137.36149751139516, 36.71544494993467], [137.3647015112369, 36.71432693654614], [137.3647654910709, 36.71133593030816], [137.36986849903332, 36.71106290935015], [137.37035451039046, 36.712533910348135], [137.3734275069517, 36.71121089541013], [137.36847945751836, 36.70536690549074], [137.37229746175927, 36.704984889709394], [137.39782440311274, 36.69311073041587], [137.41144738060743, 36.68882663704489], [137.42120139297825, 36.69061156327776], [137.42481740960253, 36.69326253371729], [137.4290783922394, 36.690461504437714], [137.4313013987257, 36.69146348611199], [137.4301134297222, 36.69661849010043], [137.43278443709013, 36.697846467885824], [137.43267945108474, 36.70017146621239], [137.43635548747397, 36.7061804291274], [137.43701348650373, 36.70605542380981]]]]}, "properties": {"A27_001": "16322", "A27_002": "上市町立", "A27_003": "B116232200031", "A27_004": "南加積小学校", "A27_005": "中新川郡上市町広野768"}}, {"type": "Feature", "geometry": {"type": "Polygon", "coordinates": [[[137.1012386443654, 36.68414030736601], [137.09803665912753, 36.689115297440104], [137.1006676624206, 36.68887229565094], [137.09805167778205, 36.693415285777675], [137.10118369604325, 36.696271275560115], [137.09923272768557, 36.704400252338715], [137.08365270073313, 36.702427265340646], [137.08333566555842, 36.69460329206069], [137.09148867892475, 36.69553528438252], [137.09661866081916, 36.69001829629254], [137.09449161394718, 36.68008832561726], [137.09793161329137, 36.67863732599425], [137.10123364442543, 36.684157307328235], [137.1012386443654, 36.68414030736601]]]}, "properties": {"A27_001": "16211", "A27_002": "射水市立", "A27_003": "B116221100124", "A27_004": "中太閤山小学校", "A27_005": "射水市中太閤山11-3"}}, {"type": "Feature", "geometry": {"type": "Polygon", "coordinates": [[[137.3516952727253, 36.68285094367654], [137.35105131900417, 36.690000950732916], [137.35366131531742, 36.68857794050426], [137.3603883397728, 36.690003917536664], [137.36084536462167, 36.693578919401375], [137.36800636615075, 36.69213388973883], [137.36721339002568, 36.69574089772013], [137.37890040964845, 36.69618884543895], [137.37981844603323, 36.70126184610786], [137.36847945751836, 36.70536690549074], [137.3734275069517, 36.71121089541013], [137.3647654910709, 36.71133593030816], [137.3647015112369, 36.71432693654614], [137.36067950904717, 36.715419951813786], [137.3590364770592, 36.71127894893412], [137.35727847510455, 36.711688954442145], [137.35890047122984, 36.71045894798996], [137.35817543178732, 36.704706941976426], [137.34939540784126, 36.7043549684087], [137.3478454199679, 36.7070649754828], [137.3423114074306, 36.707434988495976], [137.34216438104653, 36.70310298486565], [137.33249234529444, 36.7014430043224], [137.3330203255524, 36.69791800153158], [137.3299053078978, 36.696360007007996], [137.33274728318304, 36.69102199903716], [137.33826330377568, 36.692011987103214], [137.33943128234182, 36.68837498156391], [137.3428122833152, 36.68739397189391], [137.34284225507633, 36.6831369690504], [137.3463012715686, 36.68446896063994], [137.34790726030792, 36.68222595498579], [137.35168927269856, 36.68284894369654], [137.3516952727253, 36.68285094367654]]]}, "properties": {"A27_001": "16322", "A27_002": "上市町立", "A27_003": "B116232200022", "A27_004": "上市中央小学校", "A27_005": "中新川郡上市町横法音寺1"}}, {"type": "Feature", "geometry": {"type": "Polygon", "coordinates": [[[137.09488872284962, 36.70463925347272], [137.0953167629161, 36.71451322294392], [137.09137675598276, 36.71409322470946], [137.09113977613086, 36.71920920818707], [137.0828387823482, 36.72249319724041], [137.07159266926536, 36.69741028687713], [137.08413467615264, 36.69672128464559], [137.084859705506, 36.70335226174663], [137.09469772262293, 36.704646253534264], [137.09488872284962, 36.70463925347272]]]}, "properties": {"A27_001": "16211", "A27_002": "射水市立", "A27_003": "B116221100115", "A27_004": "太閤山小学校", "A27_005": "射水市橋下条926"}}, {"type": "Feature", "geometry": {"type": "Polygon", "coordinates": [[[137.3382074918261, 36.72409900371076], [137.3321954812734, 36.726153011868035], [137.32626245845802, 36.72575702004271], [137.32434046321274, 36.727884021187386], [137.32132344937085, 36.72710702572805], [137.32227442023, 36.720441025865725], [137.3257594107748, 36.71616702088468], [137.31876338742947, 36.71586703054706], [137.31587331875838, 36.70479603376561], [137.32775235535266, 36.70522601527106], [137.33249234529444, 36.7014430043224], [137.34216438104653, 36.70310298486565], [137.3423114074306, 36.707434988495976], [137.33682739664067, 36.708074001036394], [137.34254045657525, 36.715215990662784], [137.3415184686335, 36.717818993637906], [137.3391454599975, 36.71758399769991], [137.3383414862003, 36.72296600271723], [137.3382074918261, 36.72409900371076]]]}, "properties": {"A27_001": "16322", "A27_002": "上市町立", "A27_003": "B116232200013", "A27_004": "相ノ木小学校", "A27_005": "中新川郡上市町上荒又68"}}, {"type": "Feature", "geometry": {"type": "Polygon", "coordinates": [[[137.12024579280697, 36.711637221079755], [137.11617679330104, 36.71403021650688], [137.11281977764958, 36.71144422489487], [137.1066047697098, 36.71204222606243], [137.10718178180258, 36.71513321756331], [137.1049147812413, 36.715841216682875], [137.10538779138028, 36.7182722093799], [137.09887378677084, 36.71929120791373], [137.10088878456145, 36.718067211667595], [137.100265774013, 36.715634219301116], [137.09443377105072, 36.71684121608037], [137.09532478308685, 36.719553207040384], [137.09097777207882, 36.71825021138372], [137.09137675598276, 36.71409322470946], [137.0953167629161, 36.71451322294392], [137.09620172819226, 36.70553724989582], [137.09488872284962, 36.70463925347272], [137.09923272768557, 36.704400252338715], [137.10079371553286, 36.700754263480114], [137.10118369604325, 36.696271275560115], [137.09805167778205, 36.693415285777675], [137.1006676624206, 36.68887229565094], [137.09803665912753, 36.689115297440104], [137.10230864844524, 36.68465730467028], [137.10187863063555, 36.68085031523289], [137.10967364818006, 36.68164030273289], [137.11129266854925, 36.685417291757396], [137.1182296799297, 36.684639286343675], [137.12165269402766, 36.68603027960183], [137.12356771283856, 36.68914926954604], [137.12413172849344, 36.692452260667], [137.1220967279777, 36.6935762608725], [137.12533674562457, 36.69677225060379], [137.12241675519388, 36.70105924447888], [137.12429876995162, 36.70391223709874], [137.12161576542184, 36.703972238792765], [137.1211327779111, 36.70730923175631], [137.11867577625105, 36.707986231399765], [137.1198577918476, 36.711583221396204], [137.12024579280697, 36.711637221079755]]]}, "properties": {"A27_001": "16211", "A27_002": "射水市立", "A27_003": "B116221100106", "A27_004": "歌の森小学校", "A27_005": "射水市黒河560"}}, {"type": "Feature", "geometry": {"type": "Polygon", "coordinates": [[[137.40373828344875, 36.67475969921163], [137.4113392851535, 36.674467652384365], [137.41458321658322, 36.66318064805368], [137.4185062024868, 36.660804629790405], [137.4196002122397, 36.662194620762094], [137.42253320852328, 36.661441605720185], [137.4230621985184, 36.65990560650077], [137.4216991942393, 36.659354615273884], [137.42463319297664, 36.658969600317036], [137.42199018121258, 36.65727561873505], [137.42502317568466, 36.65612960577962], [137.42995012973043, 36.64810560140395], [137.4262250508249, 36.63523066035409], [137.42832299099308, 36.624857681672914], [137.43780894709286, 36.61609467884978], [137.44346487841415, 36.60336670540565], [137.45889587518235, 36.602544648701894], [137.470202902351, 36.60777358597853], [137.47474690813604, 36.60876156587012], [137.48200689662588, 36.607418551310396], [137.48740291477034, 36.610785523793915], [137.4974918991225, 36.608876508963725], [137.50189690215862, 36.60959549810647], [137.5014528456984, 36.60119852740382], [137.50772883349975, 36.60020652234247], [137.5190338316336, 36.60091951359539], [137.53122687881128, 36.607741496384534], [137.5261388889437, 36.60902748757519], [137.52116492899754, 36.613970470092134], [137.5193669644467, 36.61861745199856], [137.52090400967984, 36.62455642428325], [137.5010160504845, 36.63168340123795], [137.49545909242346, 36.63833137788379], [137.48784709622026, 36.639408389055305], [137.48253311826463, 36.64322538492793], [137.4766691220904, 36.64429739745413], [137.46785718894995, 36.656093373814464], [137.44363431335842, 36.677981427023454], [137.4381353288993, 36.68019245938912], [137.42740830094243, 36.67605854284571], [137.42366731680752, 36.67877956274964], [137.41705330820608, 36.67769060989289], [137.4088823537608, 36.68497065672191], [137.4069273131119, 36.67900367501378], [137.40336231046746, 36.67884469809201], [137.40373728377816, 36.67481069917369], [137.40373828344875, 36.67475969921163]]]}, "properties": {"A27_001": "16322", "A27_002": "上市町立", "A27_003": "B116232200077", "A27_004": "白萩南部小学校", "A27_005": "中新川郡上市町東種17"}}, {"type": "Feature", "geometry": {"type": "Polygon", "coordinates": [[[136.97906520973018, 36.76489073096238], [136.97644523617635, 36.76679270342718], [136.97824823149105, 36.76801770950643], [136.97576925952393, 36.77038168203059], [136.97241226480355, 36.767022675526555], [136.97053528018301, 36.76740366136194], [136.96925929960875, 36.76934464444258], [136.97084829569062, 36.770728648657105], [136.9691373070843, 36.77058363825257], [136.9683053262434, 36.77306662217998], [136.96621234363892, 36.773537606964204], [136.96810532210827, 36.77202462539404], [136.96744831487624, 36.76979263071805], [136.9613023853896, 36.774919569530795], [136.95724348195213, 36.788844485421215], [136.95423651241646, 36.79088145858465], [136.94746154248722, 36.78772342447983], [136.9505725106469, 36.78527145285799], [136.94992750241903, 36.78265045778401], [136.94256853673105, 36.78049842060275], [136.9369355388516, 36.77441941010537], [136.93041657418468, 36.77452537185502], [136.93039556421667, 36.7726353785763], [136.9259035728618, 36.76976436176381], [136.91902562174633, 36.77345531478777], [136.91580963145586, 36.77274930141845], [136.90943666622132, 36.77521326603412], [136.906148702233, 36.780383235454536], [136.89940569117542, 36.7741772347197], [136.89497069399243, 36.77387722960638], [136.88738271742312, 36.7775802082251], [136.88834174112662, 36.782779191841605], [136.88663774838642, 36.784360185246506], [136.88414674785662, 36.78509118515649], [136.88226573172165, 36.78255519846442], [136.87882074222287, 36.78581018890245], [136.87712772419025, 36.7828932041884], [136.8737147141704, 36.78259821369319], [136.88026669913893, 36.775754223799716], [136.88129668199926, 36.770834234671455], [136.88424968177983, 36.76991923367091], [136.88491966370938, 36.76472024351309], [136.89051565263452, 36.76220625027525], [136.8924566298825, 36.756729262912465], [136.8970186221314, 36.75692427350195], [136.91716451920595, 36.75065937498146], [136.92204650202103, 36.75209139846912], [136.92034053394212, 36.75714437321707], [136.92131853545007, 36.758477374313884], [136.9243235190337, 36.75812239148751], [136.92772751493675, 36.76072740338455], [136.93273648654213, 36.760412435601545], [136.93483346777947, 36.758991453386145], [136.9338704669543, 36.75785645140203], [136.93553946020137, 36.75827546019712], [136.93763843848444, 36.75633648113614], [136.93688942807512, 36.75357348725418], [136.9389034241739, 36.75523449453966], [136.94385939163004, 36.75532752941026], [136.93979240379937, 36.752525511697385], [136.94319738131807, 36.75256653574668], [136.94645137229145, 36.754941549386224], [136.9501183370662, 36.75292058357873], [136.9533522842796, 36.747065633405654], [136.95167929256888, 36.74652862327124], [136.9567342437224, 36.743688674717745], [136.95543924355573, 36.74203867263331], [136.95875221898757, 36.74157669982079], [136.9644332132545, 36.7475997140268], [136.96809219705858, 36.749136732883834], [136.97727612650422, 36.74738780783779], [136.98190510862557, 36.749821827773744], [136.98410412554406, 36.755263815342715], [136.9786431999026, 36.762555740602366], [136.97891620973994, 36.764718730886386], [136.97906520973018, 36.76489073096238]]]}, "properties": {"A27_001": "16202", "A27_002": "高岡市立", "A27_003": "C216220240017", "A27_004": "国吉義務教育学校", "A27_005": "高岡市佐加野2384"}}]}