{"type": "FeatureCollection", "features": [{"type": "Feature", "geometry": {"type": "Polygon", "coordinates": [[[134.157352, 35.401189], [134.168782, 35.404289], [134.172393, 35.408643], [134.190355, 35.418074], [134.192568, 35.422465], [134.203504, 35.423599], [134.202361, 35.426409], [134.203833, 35.426712], [134.204047, 35.432923], [134.206394, 35.435423], [134.210033, 35.435119], [134.207601, 35.443803], [134.21294, 35.450082], [134.21445, 35.469328], [134.211909, 35.47469], [134.208814, 35.474949], [134.208395, 35.471236], [134.203365, 35.470354], [134.200641, 35.475776], [134.192642, 35.472118], [134.185879, 35.464201], [134.177491, 35.460096], [134.171841, 35.446639], [134.165874, 35.439261], [134.166679, 35.432468], [134.146864, 35.416605], [134.141507, 35.414111], [134.137666, 35.415639], [134.127717, 35.413587], [134.120228, 35.41804], [134.122301, 35.420092], [134.114228, 35.426651], [134.106767, 35.416848], [134.0965, 35.413447], [134.090177, 35.40756], [134.082005, 35.410617], [134.077442, 35.405283], [134.077873, 35.395672], [134.094663, 35.393682], [134.099574, 35.394908], [134.107826, 35.39327], [134.117513, 35.397225], [134.125625, 35.395193], [134.126636, 35.393233], [134.128136, 35.394808], [134.133585, 35.394875], [134.134673, 35.392308], [134.137298, 35.395291], [134.147013, 35.39864], [134.14878, 35.396034], [134.151378, 35.395702], [134.152568, 35.398514], [134.157187, 35.401055], [134.157352, 35.401189]]]}, "properties": {"A27_001": "31201", "A27_002": "鳥取市立", "A27_003": "C231210000046", "A27_004": "江山学園義務教育学校", "A27_005": "鳥取市竹生64"}}, {"type": "Feature", "geometry": {"type": "Polygon", "coordinates": [[[134.071714, 35.470849], [134.067894, 35.473975], [134.061987, 35.466341], [134.058022, 35.465201], [134.057085, 35.470475], [134.062258, 35.492748], [134.058121, 35.495181], [134.059924, 35.505106], [134.056209, 35.505414], [134.055782, 35.502423], [134.051691, 35.501701], [134.051505, 35.500251], [134.047886, 35.500557], [134.04629, 35.497598], [134.045221, 35.498844], [134.047218, 35.501177], [134.045896, 35.50111], [134.047691, 35.502206], [134.045292, 35.501239], [134.045267, 35.492615], [134.042771, 35.485815], [134.043967, 35.477301], [134.045314, 35.474744], [134.048203, 35.474046], [134.048354, 35.472287], [134.044571, 35.457337], [134.036936, 35.45256], [134.032589, 35.453727], [134.030913, 35.455782], [134.023707, 35.452974], [134.020712, 35.449456], [134.020191, 35.444307], [134.018366, 35.443134], [134.01696, 35.437459], [134.006766, 35.431577], [134.001419, 35.425028], [134.001132, 35.422], [133.996174, 35.422506], [133.993899, 35.418189], [133.994267, 35.415134], [133.998873, 35.411384], [134.000872, 35.406538], [133.995082, 35.403198], [133.995616, 35.401688], [133.991038, 35.396359], [133.991847, 35.393045], [133.999462, 35.3892], [134.00381, 35.390739], [134.008357, 35.387977], [134.010416, 35.388724], [134.014736, 35.386152], [134.016837, 35.386885], [134.031622, 35.379199], [134.046094, 35.3774], [134.044331, 35.379225], [134.048457, 35.385024], [134.046077, 35.388768], [134.040915, 35.391152], [134.039695, 35.397148], [134.042238, 35.408773], [134.046959, 35.413453], [134.047153, 35.418107], [134.055078, 35.42248], [134.064052, 35.420314], [134.069509, 35.422017], [134.07909, 35.427023], [134.083711, 35.433215], [134.082252, 35.440995], [134.087008, 35.447296], [134.08581, 35.448561], [134.087266, 35.451456], [134.085712, 35.453217], [134.087223, 35.455508], [134.085451, 35.457529], [134.09015, 35.465825], [134.088813, 35.467108], [134.089081, 35.470448], [134.083755, 35.470489], [134.079332, 35.472438], [134.071833, 35.470878], [134.071714, 35.470849]]]}, "properties": {"A27_001": "31201", "A27_002": "鳥取市立", "A27_003": "C231210000037", "A27_004": "鹿野学園義務教育学校", "A27_005": "鳥取市鹿野町鹿野2888"}}, {"type": "Feature", "geometry": {"type": "Polygon", "coordinates": [[[134.277788, 35.572717], [134.276938, 35.568394], [134.273421, 35.565725], [134.275076, 35.564999], [134.274675, 35.562992], [134.271945, 35.560472], [134.230902, 35.546734], [134.243407, 35.531942], [134.245878, 35.533448], [134.251736, 35.530853], [134.254788, 35.532462], [134.260742, 35.53075], [134.263757, 35.533012], [134.270705, 35.532185], [134.272892, 35.530488], [134.273029, 35.524641], [134.277034, 35.523759], [134.278296, 35.515933], [134.286281, 35.512748], [134.290629, 35.50716], [134.289764, 35.503517], [134.290844, 35.501541], [134.289419, 35.499025], [134.309155, 35.495351], [134.319856, 35.486365], [134.320376, 35.489787], [134.318737, 35.491222], [134.321656, 35.496393], [134.324332, 35.497639], [134.32347, 35.502448], [134.326683, 35.509958], [134.32305, 35.513007], [134.328782, 35.527827], [134.326657, 35.532226], [134.327489, 35.533462], [134.317547, 35.535653], [134.316866, 35.538391], [134.307953, 35.538981], [134.306076, 35.547145], [134.299348, 35.548651], [134.29746, 35.551054], [134.298169, 35.553616], [134.295209, 35.561602], [134.291519, 35.562195], [134.286636, 35.567859], [134.282042, 35.567432], [134.277906, 35.572448], [134.277788, 35.572717]]]}, "properties": {"A27_001": "31201", "A27_002": "鳥取市立", "A27_003": "C231210000028", "A27_004": "福部未来学園義務教育学校", "A27_005": "鳥取市福部町高江485-3"}}, {"type": "Feature", "geometry": {"type": "Polygon", "coordinates": [[[134.099857, 35.503149], [134.096675, 35.498533], [134.097361, 35.491173], [134.093699, 35.487261], [134.088432, 35.47424], [134.088813, 35.467108], [134.090175, 35.465933], [134.085665, 35.458836], [134.087223, 35.455508], [134.085873, 35.452215], [134.087387, 35.450858], [134.085898, 35.449685], [134.086582, 35.446396], [134.082265, 35.44107], [134.084064, 35.435364], [134.088994, 35.435909], [134.099391, 35.441042], [134.104146, 35.449067], [134.114815, 35.45582], [134.12582, 35.469196], [134.133606, 35.468443], [134.134266, 35.472729], [134.138627, 35.476213], [134.142592, 35.47778], [134.146592, 35.476888], [134.149495, 35.479577], [134.156031, 35.479004], [134.158384, 35.481288], [134.149749, 35.485496], [134.139513, 35.48403], [134.140902, 35.490046], [134.144218, 35.494527], [134.142778, 35.496932], [134.139488, 35.495548], [134.131687, 35.500396], [134.135814, 35.506485], [134.12841, 35.505599], [134.130488, 35.508716], [134.136174, 35.51159], [134.127802, 35.5112], [134.113404, 35.500223], [134.100996, 35.502931], [134.099857, 35.503149]]]}, "properties": {"A27_001": "31201", "A27_002": "鳥取市立", "A27_003": "C231210000019", "A27_004": "湖南学園小学校", "A27_005": "鳥取市六反田1-5"}}, {"type": "Feature", "geometry": {"type": "Polygon", "coordinates": [[[133.351957, 35.236301], [133.35149, 35.226454], [133.353872, 35.224521], [133.353981, 35.219715], [133.350452, 35.214845], [133.345227, 35.21353], [133.334724, 35.215058], [133.330856, 35.208873], [133.327319, 35.206808], [133.324949, 35.207586], [133.323447, 35.205558], [133.317477, 35.206502], [133.311666, 35.202684], [133.30689, 35.203615], [133.305696, 35.208356], [133.307237, 35.211107], [133.3038, 35.213172], [133.298642, 35.209694], [133.293335, 35.201481], [133.295767, 35.193102], [133.299983, 35.189669], [133.304877, 35.189675], [133.308661, 35.184513], [133.32912, 35.176642], [133.334801, 35.165797], [133.343796, 35.16268], [133.353104, 35.167346], [133.356811, 35.16689], [133.359294, 35.161909], [133.363989, 35.160912], [133.365269, 35.158752], [133.369802, 35.160771], [133.371759, 35.165388], [133.37133, 35.169076], [133.374074, 35.170895], [133.374953, 35.175776], [133.378156, 35.177119], [133.384144, 35.174252], [133.392491, 35.175936], [133.396326, 35.180781], [133.401674, 35.181395], [133.407439, 35.185882], [133.410329, 35.18412], [133.415893, 35.184607], [133.420964, 35.180833], [133.42218, 35.176113], [133.428335, 35.177392], [133.437916, 35.173097], [133.445964, 35.172882], [133.447556, 35.171296], [133.456515, 35.173109], [133.46001, 35.177849], [133.463521, 35.177781], [133.466972, 35.175157], [133.470374, 35.177481], [133.472077, 35.177], [133.474587, 35.181929], [133.482562, 35.182412], [133.485438, 35.186401], [133.489742, 35.187681], [133.496039, 35.186667], [133.501136, 35.192768], [133.502936, 35.191677], [133.507974, 35.193116], [133.511897, 35.189665], [133.516174, 35.190718], [133.519182, 35.182911], [133.520822, 35.182087], [133.526192, 35.182926], [133.529076, 35.186937], [133.526182, 35.19051], [133.526791, 35.193862], [133.523032, 35.196451], [133.523462, 35.199594], [133.520682, 35.206016], [133.522404, 35.208357], [133.518356, 35.214173], [133.518815, 35.216164], [133.51541, 35.220534], [133.511312, 35.221516], [133.505571, 35.227658], [133.508087, 35.233031], [133.505978, 35.235952], [133.500271, 35.236671], [133.495418, 35.239786], [133.489549, 35.236077], [133.48743, 35.232254], [133.482332, 35.233326], [133.470007, 35.22984], [133.467687, 35.233049], [133.46569, 35.242971], [133.469475, 35.245313], [133.467984, 35.248813], [133.464326, 35.251328], [133.460799, 35.257552], [133.455215, 35.25448], [133.444912, 35.266466], [133.44461693842118, 35.27060972086207], [133.441389, 35.27098], [133.430012, 35.265327], [133.428543, 35.261897], [133.424489, 35.259795], [133.423959, 35.25784], [133.412375, 35.254714], [133.410831, 35.251427], [133.405128, 35.249211], [133.404809, 35.247096], [133.399801, 35.244015], [133.399581, 35.239861], [133.391696, 35.236194], [133.38014, 35.234988], [133.375599, 35.240127], [133.374843, 35.245464], [133.369355, 35.248285], [133.369964, 35.25252], [133.362076, 35.254273], [133.359622, 35.259666], [133.3580758371304, 35.26103027912427], [133.355398, 35.260531], [133.352566, 35.25707], [133.357386, 35.25263], [133.360285, 35.247234], [133.355864, 35.245228], [133.357254, 35.24004], [133.352244, 35.236424], [133.351957, 35.236301]]]}, "properties": {"A27_001": "31402", "A27_002": "日野町立", "A27_003": "C231210000064", "A27_004": "日野学園", "A27_005": "日野郡日野町野田271"}}, {"type": "Feature", "geometry": {"type": "Polygon", "coordinates": [[[133.637647, 35.444833], [133.633631, 35.440087], [133.632557, 35.434162], [133.628307, 35.425505], [133.628582, 35.416464], [133.622799, 35.407562], [133.615546, 35.402332], [133.610996, 35.402257], [133.602236, 35.393983], [133.598124, 35.393626], [133.585358, 35.387338], [133.582602, 35.388138], [133.580085, 35.386648], [133.576572, 35.382271], [133.578501, 35.378947], [133.560843, 35.381052], [133.55894, 35.363649], [133.566819, 35.361302], [133.571951, 35.355098], [133.576561, 35.359928], [133.576351, 35.365972], [133.584564, 35.368093], [133.588219, 35.367306], [133.593875, 35.370543], [133.595666, 35.369243], [133.600856, 35.370316], [133.61183, 35.376497], [133.621817, 35.377547], [133.636372, 35.384704], [133.644279, 35.395668], [133.644446, 35.400951], [133.648283, 35.405543], [133.659664, 35.410901], [133.658863, 35.412511], [133.665911, 35.418763], [133.669944, 35.419416], [133.672645, 35.424071], [133.687295, 35.431823], [133.70043, 35.445315], [133.711019, 35.45017], [133.714313, 35.455333], [133.723818, 35.461898], [133.724312, 35.464112], [133.716754, 35.466905], [133.712596, 35.47183], [133.701333, 35.473935], [133.702871, 35.485214], [133.693997, 35.485928], [133.693653, 35.487554], [133.686569, 35.486993], [133.681216, 35.481997], [133.682172, 35.4789], [133.671696, 35.469778], [133.654934, 35.458486], [133.648618, 35.451305], [133.638606, 35.445152], [133.637647, 35.444833]]]}, "properties": {"A27_001": "31371", "A27_002": "琴浦町立", "A27_003": "B131210001119", "A27_004": "聖郷小学校", "A27_005": "東伯郡琴浦町釛529"}}, {"type": "Feature", "geometry": {"type": "MultiPolygon", "coordinates": [[[[134.223868, 35.257559], [134.2203, 35.22141], [134.182918, 35.218304], [134.170644, 35.207461], [134.195519, 35.210326], [134.196321, 35.196828], [134.223812, 35.215335], [134.239503, 35.208069], [134.22287, 35.219703], [134.24621, 35.236739], [134.241155, 35.275431], [134.251562, 35.292826], [134.223464, 35.290786], [134.220088, 35.267284], [134.192989, 35.266764], [134.199122, 35.256195], [134.169429, 35.267028], [134.178849, 35.249506], [134.163282, 35.247466], [134.179464, 35.237926], [134.222777, 35.257189], [134.223868, 35.257559]]], [[[134.286147, 35.268386], [134.298136, 35.27579], [134.2986, 35.286257], [134.32036, 35.287171], [134.303347, 35.294237], [134.316478, 35.301261], [134.301344, 35.30249], [134.284744, 35.27268], [134.2527, 35.259868], [134.272806, 35.257787], [134.284787, 35.249477], [134.285316, 35.231419], [134.271532, 35.214634], [134.292422, 35.230403], [134.320807, 35.220398], [134.289525, 35.237113], [134.290118, 35.248765], [134.280072, 35.26233], [134.284508, 35.267762], [134.286147, 35.268386]]]]}, "properties": {"A27_001": "31328", "A27_002": "智頭町立", "A27_003": "B131210001100", "A27_004": "智頭小学校", "A27_005": "八頭郡智頭町智頭320"}}, {"type": "Feature", "geometry": {"type": "Polygon", "coordinates": [[[133.762338, 35.311087], [133.763308, 35.30915], [133.767035, 35.308613], [133.769614, 35.304433], [133.775705, 35.299558], [133.782373, 35.297873], [133.783573, 35.294765], [133.789741, 35.297583], [133.789559, 35.293534], [133.797403, 35.294092], [133.800007, 35.292649], [133.798972, 35.289749], [133.801801, 35.287371], [133.801478, 35.284654], [133.809279, 35.276917], [133.807498, 35.270417], [133.815222, 35.264888], [133.818154, 35.259236], [133.818023, 35.252712], [133.826749, 35.249453], [133.832395, 35.248838], [133.838922, 35.251198], [133.844357, 35.249418], [133.843766, 35.253694], [133.851675, 35.261579], [133.853367, 35.265859], [133.855673, 35.268212], [133.865943, 35.272259], [133.863463, 35.277095], [133.865433, 35.279984], [133.86411, 35.28285], [133.866147, 35.283348], [133.866343, 35.284887], [133.860961, 35.28688], [133.862139, 35.292504], [133.870336, 35.292373], [133.876663, 35.29525], [133.881378, 35.293945], [133.884374, 35.295963], [133.88605, 35.294248], [133.892227, 35.300071], [133.896617, 35.301487], [133.898041, 35.304266], [133.906533, 35.304986], [133.908168, 35.307202], [133.925222, 35.306899], [133.926148, 35.310098], [133.929535, 35.311974], [133.93199, 35.316484], [133.931688, 35.318745], [133.927823, 35.322097], [133.930002, 35.330591], [133.932645, 35.334251], [133.937126, 35.335566], [133.938072, 35.333989], [133.941054, 35.33457], [133.945321, 35.332616], [133.953813, 35.338203], [133.955703, 35.342021], [133.969633, 35.347834], [133.979689, 35.343376], [133.989666, 35.348567], [133.992474, 35.348212], [133.997668, 35.3529], [134.012819, 35.349354], [134.017206, 35.351896], [134.01984, 35.355959], [134.017765, 35.361086], [134.019005, 35.363685], [134.024051, 35.364225], [134.02427, 35.368405], [134.027325, 35.369026], [134.033339, 35.36626], [134.037878, 35.372329], [134.041618, 35.373704], [134.042298, 35.377526], [134.031622, 35.379199], [134.016837, 35.386885], [134.014736, 35.386152], [134.010416, 35.388724], [134.008357, 35.387977], [134.00381, 35.390739], [133.999462, 35.3892], [133.991847, 35.393045], [133.991038, 35.396359], [133.995616, 35.401688], [133.995082, 35.403198], [134.000872, 35.406538], [133.998873, 35.411384], [133.994267, 35.415134], [133.993899, 35.418189], [133.996178, 35.422559], [133.993963, 35.423517], [133.989014, 35.420414], [133.9826, 35.425219], [133.978104, 35.425174], [133.970958, 35.422044], [133.965529, 35.424462], [133.96468, 35.426714], [133.952124, 35.427695], [133.943844, 35.431718], [133.941249, 35.429975], [133.932966, 35.430304], [133.921389, 35.426697], [133.909165, 35.428633], [133.898458, 35.422152], [133.893508, 35.423707], [133.88393, 35.423459], [133.874686, 35.41917], [133.867374, 35.421934], [133.863574, 35.416781], [133.863985, 35.415296], [133.861029, 35.414027], [133.85974, 35.410056], [133.856929, 35.407896], [133.850944, 35.408099], [133.847777, 35.404027], [133.845207, 35.403211], [133.845724, 35.401269], [133.841719, 35.391883], [133.837962, 35.390621], [133.838348, 35.388669], [133.832261, 35.377459], [133.832443, 35.373383], [133.830666, 35.372122], [133.834518, 35.367174], [133.83146, 35.36469], [133.829137, 35.355453], [133.825293, 35.352746], [133.821965, 35.352841], [133.819869, 35.348461], [133.813126, 35.348887], [133.807629, 35.347304], [133.798287, 35.336893], [133.786443, 35.334162], [133.786479, 35.332036], [133.781723, 35.327098], [133.782043, 35.325684], [133.777976, 35.32473], [133.775444, 35.326521], [133.773176, 35.320854], [133.767073, 35.316572], [133.763873, 35.316622], [133.762343, 35.311125], [133.762338, 35.311087]]]}, "properties": {"A27_001": "31364", "A27_002": "三朝町立", "A27_003": "B131210001173", "A27_004": "三朝小学校", "A27_005": "東伯郡三朝町大瀬1110"}}, {"type": "Feature", "geometry": {"type": "Polygon", "coordinates": [[[134.354133, 35.307261], [134.355914, 35.31198], [134.354378, 35.313547], [134.359463, 35.319852], [134.359097, 35.326261], [134.36135, 35.331621], [134.358255, 35.333981], [134.35805, 35.337263], [134.364603, 35.337599], [134.375422, 35.342567], [134.373839, 35.356984], [134.374973, 35.361045], [134.378125, 35.361463], [134.386994, 35.353056], [134.387181, 35.355209], [134.388851, 35.354025], [134.390308, 35.355097], [134.387293, 35.363309], [134.388601, 35.368115], [134.391928, 35.372461], [134.388289, 35.376879], [134.391888, 35.38002], [134.390631, 35.384789], [134.387533, 35.386068], [134.384848, 35.383637], [134.382136, 35.385893], [134.377869, 35.385987], [134.376994, 35.391137], [134.378393, 35.398152], [134.37522, 35.398091], [134.370909, 35.393346], [134.365226, 35.391265], [134.36541, 35.385193], [134.358683, 35.381774], [134.357049, 35.379528], [134.358819, 35.377499], [134.352228, 35.37312], [134.345774, 35.373608], [134.345133, 35.378195], [134.340174, 35.379812], [134.337122, 35.385935], [134.330898, 35.384409], [134.322781, 35.386037], [134.316587, 35.385457], [134.312422, 35.382975], [134.300261, 35.384348], [134.29134, 35.379454], [134.284158, 35.383036], [134.279385, 35.379705], [134.280835, 35.374272], [134.284072, 35.369906], [134.295784, 35.365049], [134.299459, 35.359983], [134.308683, 35.353959], [134.306708, 35.35255], [134.304921, 35.346118], [134.306283, 35.341677], [134.31472, 35.34181], [134.320495, 35.336561], [134.321495, 35.332236], [134.314983, 35.328553], [134.314858, 35.327003], [134.319495, 35.320163], [134.319992, 35.314091], [134.33075, 35.308803], [134.338025, 35.308286], [134.339312, 35.306792], [134.347014, 35.308091], [134.353773, 35.307261], [134.354133, 35.307261]]]}, "properties": {"A27_001": "31329", "A27_002": "八頭町立", "A27_003": "B131210001164", "A27_004": "八東小学校", "A27_005": "八頭郡八頭町富枝6-1"}}, {"type": "Feature", "geometry": {"type": "Polygon", "coordinates": [[[134.22887, 35.391417], [134.23219, 35.391132], [134.235915, 35.386357], [134.232357, 35.381709], [134.233799, 35.378931], [134.230776, 35.371634], [134.232423, 35.365782], [134.234867, 35.363009], [134.234293, 35.360868], [134.242096, 35.354099], [134.238388, 35.347898], [134.238567, 35.342289], [134.24181, 35.33442], [134.244346, 35.332251], [134.245009, 35.3281], [134.248949, 35.326415], [134.254213, 35.327324], [134.254629, 35.320495], [134.257373, 35.315375], [134.262676, 35.312664], [134.269264, 35.312327], [134.269509, 35.310187], [134.273382, 35.307445], [134.274689, 35.303281], [134.28349, 35.302041], [134.288434, 35.303601], [134.291094, 35.309517], [134.298637, 35.311348], [134.304349, 35.31026], [134.307923, 35.313981], [134.316993, 35.311833], [134.319346, 35.313336], [134.320295, 35.317988], [134.314858, 35.327003], [134.314983, 35.328553], [134.321495, 35.332236], [134.320495, 35.336561], [134.31472, 35.34181], [134.306283, 35.341677], [134.304921, 35.346118], [134.306708, 35.35255], [134.308683, 35.353959], [134.299459, 35.359983], [134.295784, 35.365049], [134.286535, 35.368348], [134.281998, 35.371973], [134.279385, 35.379705], [134.284185, 35.382938], [134.279666, 35.388324], [134.268355, 35.393656], [134.266188, 35.392868], [134.264568, 35.394214], [134.264134, 35.399044], [134.256552, 35.399943], [134.250664, 35.39701], [134.240129, 35.399592], [134.229192, 35.398611], [134.228311, 35.396026], [134.229599, 35.395086], [134.227292, 35.39545], [134.226147, 35.393808], [134.230833, 35.394208], [134.229044, 35.39151], [134.22887, 35.391417]]]}, "properties": {"A27_001": "31329", "A27_002": "八頭町立", "A27_003": "B131210001155", "A27_004": "船岡小学校", "A27_005": "八頭郡八頭町坂田11"}}, {"type": "Feature", "geometry": {"type": "Polygon", "coordinates": [[[133.4462696139865, 35.29664962317701], [133.45022936952637, 35.30087360480378], [133.4528961220936, 35.300193603209], [133.45906005304593, 35.302777271195204], [133.46369799790904, 35.30932778984864], [133.47576690073487, 35.31378295063147], [133.47935241377525, 35.3174245464775], [133.47971860869103, 35.320109825446096], [133.484601082654, 35.322551055604116], [133.50806801801198, 35.32720968509667], [133.50602329885723, 35.328674601634695], [133.5069080500637, 35.331848056878016], [133.51102745941407, 35.33453353135096], [133.5105698377817, 35.33264164487861], [133.5139570120085, 35.334248897766535], [133.5085861136675, 35.33439130042481], [133.5145668839528, 35.34291535505654], [133.5137734458957, 35.34484800697878], [133.51874773413462, 35.347024774922616], [133.51920540642098, 35.35202933999169], [133.52427106635196, 35.35481633147869], [133.52745962460446, 35.35962059682979], [133.5210795522366, 35.369692233006525], [133.52249174029168, 35.37746652719721], [133.52071672578313, 35.37855808079725], [133.51847949914202, 35.37642492374093], [133.51515461063434, 35.37875805913344], [133.51477966111023, 35.376258314020276], [133.50739253008243, 35.37721654488783], [133.49433043151402, 35.373649942304965], [133.4606985997361, 35.37258214601428], [133.4509707901759, 35.36444080723254], [133.4266954203383, 35.367766548814586], [133.4267842060061, 35.36503206683548], [133.43162152016166, 35.36114920640686], [133.43245608531902, 35.35686018874431], [133.42917212866365, 35.356741261234205], [133.426385108066, 35.35326661327055], [133.42732307027885, 35.34475922056526], [133.4185991692663, 35.339259602012554], [133.41498536723293, 35.33343564157578], [133.41903865239647, 35.31981391976379], [133.43342208054275, 35.3146618564553], [133.44392352906814, 35.30085907034866], [133.4462696139865, 35.29664962317701]]]}, "properties": {"A27_001": "31390", "A27_002": "伯耆町立", "A27_003": "B131210001146", "A27_004": "溝口小学校", "A27_005": "西伯郡伯耆町溝口309"}}, {"type": "Feature", "geometry": {"type": "Polygon", "coordinates": [[[133.596414, 35.344896], [133.603173, 35.34333], [133.60556, 35.341022], [133.616157, 35.340868], [133.622191, 35.336709], [133.632836, 35.339824], [133.638494, 35.339151], [133.640692, 35.336661], [133.649628, 35.336215], [133.663521, 35.325164], [133.669623, 35.322934], [133.674096, 35.323325], [133.678351, 35.318942], [133.69124, 35.32014], [133.691669, 35.324085], [133.697109, 35.327144], [133.703568, 35.32447], [133.708897, 35.325106], [133.717206, 35.31992], [133.724661, 35.319679], [133.728902, 35.316724], [133.73208, 35.317413], [133.735004, 35.316003], [133.735084, 35.318484], [133.737586, 35.318982], [133.742309, 35.316523], [133.745013, 35.319602], [133.748685, 35.317062], [133.750569, 35.311486], [133.75696, 35.308198], [133.762338, 35.311087], [133.763989, 35.316724], [133.767073, 35.316572], [133.773176, 35.320854], [133.775444, 35.326521], [133.777976, 35.32473], [133.781868, 35.325583], [133.786479, 35.332036], [133.786325, 35.333859], [133.784231, 35.333584], [133.783193, 35.335751], [133.784767, 35.344708], [133.783642, 35.347201], [133.777317, 35.346699], [133.773729, 35.351223], [133.773801, 35.359377], [133.770621, 35.362242], [133.767118, 35.37187], [133.768687, 35.374671], [133.76565, 35.377996], [133.762256, 35.378733], [133.760346, 35.381883], [133.757562, 35.381711], [133.757785, 35.386193], [133.747415, 35.379824], [133.685486, 35.371096], [133.678835, 35.373769], [133.671383, 35.378881], [133.669487, 35.382142], [133.661575, 35.386732], [133.65742, 35.38801], [133.644234, 35.386215], [133.638859, 35.386984], [133.626346, 35.379237], [133.61183, 35.376497], [133.600856, 35.370316], [133.595666, 35.369243], [133.593875, 35.370543], [133.588219, 35.367306], [133.584564, 35.368093], [133.576235, 35.365865], [133.576561, 35.359928], [133.580388, 35.358971], [133.585666, 35.351724], [133.593722, 35.351269], [133.595664, 35.345486], [133.596414, 35.344896]]]}, "properties": {"A27_001": "31203", "A27_002": "倉吉市立", "A27_003": "B131210001137", "A27_004": "関金小学校", "A27_005": "倉吉市関金町関金宿666"}}, {"type": "Feature", "geometry": {"type": "Polygon", "coordinates": [[[133.6478, 35.481302], [133.642685, 35.48325], [133.642687, 35.488084], [133.639568, 35.492542], [133.641382, 35.497025], [133.640134, 35.505674], [133.636684, 35.506979], [133.632972, 35.50186], [133.632163, 35.505912], [133.635297, 35.506254], [133.634835, 35.507849], [133.634191, 35.509412], [133.62853, 35.507146], [133.629171, 35.514289], [133.62731, 35.513723], [133.626087, 35.519217], [133.607627, 35.522287], [133.605431, 35.518862], [133.60665, 35.516966], [133.598336, 35.511482], [133.600826, 35.510197], [133.601443, 35.505519], [133.603168, 35.504511], [133.597587, 35.474504], [133.597544, 35.46646], [133.600023, 35.458541], [133.597938, 35.458672], [133.598507, 35.451484], [133.597356, 35.450327], [133.598579, 35.449182], [133.594114, 35.442884], [133.589355, 35.440039], [133.586478, 35.431389], [133.583799, 35.430816], [133.583566, 35.427321], [133.58138, 35.427286], [133.580782, 35.42973], [133.574764, 35.429742], [133.577198, 35.426616], [133.577155, 35.422003], [133.58188, 35.415842], [133.58367, 35.408607], [133.583845, 35.40212], [133.580842, 35.396182], [133.582602, 35.388138], [133.585358, 35.387338], [133.598124, 35.393626], [133.602236, 35.393983], [133.610996, 35.402257], [133.615546, 35.402332], [133.624633, 35.409706], [133.624631, 35.412058], [133.628582, 35.416464], [133.628307, 35.425505], [133.630582, 35.432196], [133.632557, 35.434162], [133.633631, 35.440087], [133.637781, 35.445244], [133.637181, 35.45496], [133.635718, 35.457593], [133.637592, 35.470959], [133.644079, 35.47555], [133.647216, 35.480166], [133.6478, 35.481302]]]}, "properties": {"A27_001": "31371", "A27_002": "琴浦町立", "A27_003": "B131210001128", "A27_004": "船上小学校", "A27_005": "東伯郡琴浦町佐崎16"}}, {"type": "Feature", "geometry": {"type": "Polygon", "coordinates": [[[133.508087, 35.233031], [133.514492, 35.235489], [133.517012, 35.240745], [133.526001, 35.239361], [133.528506, 35.236614], [133.534831, 35.236717], [133.538569, 35.238992], [133.539039, 35.240891], [133.5444, 35.243335], [133.548588, 35.243738], [133.55491, 35.24181], [133.557428, 35.24557], [133.560927, 35.246962], [133.562414, 35.254403], [133.568131, 35.256845], [133.56687, 35.266266], [133.571916, 35.272569], [133.568674, 35.276846], [133.572268, 35.281214], [133.570464, 35.286913], [133.573561, 35.288702], [133.574002, 35.292373], [133.577553, 35.297261], [133.575681, 35.300388], [133.577029, 35.301956], [133.575755, 35.304059], [133.576786, 35.314414], [133.581306, 35.316927], [133.582719, 35.321321], [133.587933, 35.324891], [133.59016, 35.327419], [133.589311, 35.328783], [133.592396, 35.33063], [133.592114, 35.332747], [133.589205, 35.333665], [133.588366, 35.336964], [133.594528, 35.340786], [133.596414, 35.344896], [133.593722, 35.351269], [133.585666, 35.351724], [133.580388, 35.358971], [133.576395, 35.359974], [133.574284, 35.356456], [133.571063, 35.355312], [133.566819, 35.361302], [133.55894, 35.363649], [133.556129, 35.356581], [133.552954, 35.356212], [133.549408, 35.345989], [133.549438, 35.347694], [133.545081, 35.350101], [133.54527, 35.352674], [133.542591, 35.349551], [133.536929, 35.355339], [133.527486, 35.359668], [133.524185, 35.354676], [133.51946, 35.352075], [133.519009, 35.347039], [133.513819, 35.344806], [133.514693, 35.34293], [133.508531, 35.334457], [133.514049, 35.334514], [133.510451, 35.332709], [133.510983, 35.334631], [133.50706, 35.332029], [133.506036, 35.328782], [133.508143, 35.328474], [133.5081, 35.327181], [133.484752, 35.322554], [133.479699, 35.320011], [133.479506, 35.317488], [133.476598, 35.316067], [133.475939, 35.31376], [133.463719, 35.309314], [133.459067, 35.302658], [133.453138, 35.300168], [133.450399, 35.300951], [133.445161, 35.296374], [133.445289, 35.292828], [133.443795, 35.29114], [133.447177, 35.289061], [133.449251, 35.284687], [133.44811, 35.281975], [133.449403, 35.279681], [133.445065, 35.273371], [133.444825, 35.266672], [133.455215, 35.25448], [133.460799, 35.257552], [133.464326, 35.251328], [133.467916, 35.248914], [133.469475, 35.245313], [133.46569, 35.242971], [133.467687, 35.233049], [133.469849, 35.22994], [133.482332, 35.233326], [133.48743, 35.232254], [133.489549, 35.236077], [133.495418, 35.239786], [133.500271, 35.236671], [133.505826, 35.236048], [133.508079, 35.233038], [133.508087, 35.233031]]]}, "properties": {"A27_001": "31403", "A27_002": "江府町立", "A27_003": "B131210001093", "A27_004": "江府小学校", "A27_005": "日野郡江府町小江尾62"}}, {"type": "Feature", "geometry": {"type": "Polygon", "coordinates": [[[134.300533, 35.589627], [134.295376, 35.590035], [134.293525, 35.589323], [134.293815, 35.587885], [134.291079, 35.587803], [134.292266, 35.58671], [134.290471, 35.584744], [134.291409, 35.579728], [134.289549, 35.577501], [134.286229, 35.579372], [134.28728, 35.580917], [134.28574, 35.579076], [134.291161, 35.576018], [134.289868, 35.574432], [134.287535, 35.573446], [134.282795, 35.574697], [134.277788, 35.572717], [134.282042, 35.567432], [134.286636, 35.567859], [134.291519, 35.562195], [134.295112, 35.561707], [134.298012, 35.553843], [134.307641, 35.559809], [134.311113, 35.559373], [134.312213, 35.561519], [134.310358, 35.56492], [134.312628, 35.575218], [134.315367, 35.575979], [134.31532, 35.577492], [134.317374, 35.577186], [134.314175, 35.58074], [134.315085, 35.583695], [134.313677, 35.586332], [134.300624, 35.585494], [134.300529, 35.589454], [134.300533, 35.589627]]]}, "properties": {"A27_001": "31302", "A27_002": "岩美町立", "A27_003": "B131210001002", "A27_004": "岩美西小学校", "A27_005": "岩美郡岩美町大谷2343"}}, {"type": "Feature", "geometry": {"type": "Polygon", "coordinates": [[[133.310467, 35.268377], [133.302537, 35.263121], [133.295662, 35.264145], [133.291728, 35.260742], [133.282131, 35.262406], [133.275661, 35.257856], [133.264064, 35.258419], [133.258534, 35.261417], [133.253282, 35.260027], [133.250205, 35.256529], [133.245836, 35.254664], [133.243357, 35.250412], [133.239974, 35.250649], [133.23223, 35.246576], [133.227837, 35.246921], [133.225607, 35.24956], [133.222616, 35.249053], [133.212022, 35.241697], [133.206323, 35.242057], [133.198121, 35.239872], [133.192436, 35.235936], [133.189613, 35.236826], [133.181624, 35.23444], [133.177265, 35.230374], [133.171685, 35.228991], [133.172251, 35.227277], [133.163339, 35.222589], [133.162129, 35.223652], [133.157718, 35.222274], [133.155188, 35.219186], [133.152573, 35.218987], [133.151391, 35.212759], [133.153424, 35.209808], [133.151043, 35.206917], [133.152742, 35.203812], [133.158092, 35.203966], [133.159724, 35.206599], [133.163864, 35.206431], [133.168819, 35.209354], [133.171972, 35.2087], [133.173513, 35.205463], [133.176298, 35.205232], [133.182029, 35.20136], [133.184658, 35.195372], [133.182084, 35.188146], [133.185327, 35.185154], [133.189356, 35.184582], [133.190517, 35.18026], [133.193699, 35.177415], [133.193443, 35.172659], [133.194905, 35.16989], [133.191862, 35.16273], [133.188584, 35.161736], [133.183912, 35.156727], [133.170608, 35.153449], [133.165892, 35.1491], [133.157455, 35.148906], [133.155135, 35.147377], [133.154891, 35.143902], [133.148451, 35.139983], [133.14861, 35.137176], [133.145142, 35.131275], [133.146625, 35.123622], [133.140223, 35.11806], [133.142148, 35.112738], [133.144224, 35.111247], [133.145531, 35.105047], [133.139819, 35.100005], [133.140984, 35.097477], [133.138571, 35.095785], [133.13665, 35.090573], [133.13812, 35.087813], [133.137497, 35.08513], [133.142257, 35.081176], [133.139507, 35.079246], [133.141367, 35.076245], [133.136419, 35.07426], [133.136105, 35.072468], [133.136283, 35.069572], [133.140204, 35.066136], [133.142139, 35.064725], [133.146302, 35.067813], [133.148203, 35.066862], [133.152776, 35.06906], [133.153947, 35.071871], [133.15827, 35.071646], [133.16104, 35.074175], [133.168257, 35.067454], [133.173207, 35.069257], [133.179534, 35.067297], [133.180444, 35.068891], [133.21092, 35.074214], [133.230073, 35.068023], [133.233429, 35.069892], [133.232345, 35.077416], [133.235814, 35.077235], [133.239196, 35.079549], [133.243896, 35.078176], [133.249577, 35.079036], [133.253785, 35.075218], [133.260814, 35.063439], [133.265427, 35.061643], [133.269139, 35.057678], [133.272525, 35.059537], [133.272324, 35.061541], [133.276912, 35.066109], [133.284265, 35.065413], [133.290824, 35.070944], [133.288478, 35.0753], [133.290718, 35.082886], [133.290219, 35.090411], [133.287744, 35.094093], [133.290847, 35.097743], [133.29094, 35.100359], [133.293136, 35.101596], [133.298854, 35.103919], [133.302829, 35.099581], [133.308341, 35.099447], [133.310436, 35.096211], [133.313066, 35.098143], [133.316088, 35.097531], [133.319428, 35.093856], [133.325517, 35.093469], [133.333056, 35.099549], [133.332359, 35.101272], [133.338222, 35.106563], [133.346959, 35.105741], [133.354874, 35.100771], [133.358396, 35.102126], [133.359218, 35.104442], [133.362457, 35.105402], [133.366681, 35.110155], [133.372952, 35.112979], [133.381772, 35.115], [133.387893, 35.112747], [133.399988, 35.115058], [133.403363, 35.114321], [133.405764, 35.118024], [133.411826, 35.121146], [133.412618, 35.133493], [133.411224, 35.138752], [133.404877, 35.143286], [133.404514, 35.148668], [133.400214, 35.153701], [133.400722, 35.158433], [133.398048, 35.164759], [133.393217, 35.16769], [133.396947, 35.172461], [133.394814, 35.174123], [133.394639, 35.17733], [133.38648, 35.174344], [133.379688, 35.175436], [133.378156, 35.177119], [133.374953, 35.175776], [133.374074, 35.170895], [133.37133, 35.169076], [133.371759, 35.165388], [133.369802, 35.160771], [133.365269, 35.158752], [133.363989, 35.160912], [133.359294, 35.161909], [133.356811, 35.16689], [133.352846, 35.167256], [133.34477, 35.162635], [133.334801, 35.165797], [133.32912, 35.176642], [133.308661, 35.184513], [133.304944, 35.189631], [133.300096, 35.189601], [133.295767, 35.193102], [133.293394, 35.198689], [133.293812, 35.203067], [133.298642, 35.209694], [133.303582, 35.213101], [133.307237, 35.211107], [133.305696, 35.208356], [133.30689, 35.203615], [133.311666, 35.202684], [133.317477, 35.206502], [133.323447, 35.205558], [133.324949, 35.207586], [133.327319, 35.206808], [133.330856, 35.208873], [133.334724, 35.215058], [133.345227, 35.21353], [133.350217, 35.214712], [133.353981, 35.219715], [133.353872, 35.224521], [133.35149, 35.226454], [133.351756, 35.236989], [133.346399, 35.238109], [133.343098, 35.232353], [133.340002, 35.232208], [133.338801, 35.234876], [133.336192, 35.234448], [133.335063, 35.238451], [133.330207, 35.244731], [133.330235, 35.246937], [133.333687, 35.249315], [133.332261, 35.257466], [133.327451, 35.262749], [133.320037, 35.263583], [133.312189, 35.26906], [133.310592, 35.268479], [133.310467, 35.268377]]]}, "properties": {"A27_001": "31401", "A27_002": "日南町立", "A27_003": "B131210001084", "A27_004": "日南小学校", "A27_005": "日野郡日南町生山450-2"}}, {"type": "Feature", "geometry": {"type": "Polygon", "coordinates": [[[133.903572, 35.510297], [133.896601, 35.507486], [133.890819, 35.50735], [133.886977, 35.509203], [133.88506, 35.5074], [133.855532, 35.505036], [133.85491, 35.496531], [133.852029, 35.491421], [133.853394, 35.489928], [133.849448, 35.485045], [133.850047, 35.481742], [133.846635, 35.478431], [133.854579, 35.476469], [133.855875, 35.481116], [133.862299, 35.475626], [133.86257, 35.478225], [133.875613, 35.478063], [133.875645, 35.476227], [133.879002, 35.47517], [133.887157, 35.477478], [133.881718, 35.48113], [133.884494, 35.485748], [133.884616, 35.491586], [133.88901, 35.490162], [133.889437, 35.491505], [133.892257, 35.491375], [133.891646, 35.493332], [133.896961, 35.495766], [133.901447, 35.494702], [133.90581, 35.496114], [133.907649, 35.500665], [133.904336, 35.50581], [133.903565, 35.510281], [133.903572, 35.510297]]]}, "properties": {"A27_001": "31370", "A27_002": "湯梨浜町立", "A27_003": "B131210001075", "A27_004": "羽合小学校", "A27_005": "東伯郡湯梨浜町はわい長瀬535"}}, {"type": "Feature", "geometry": {"type": "Polygon", "coordinates": [[[133.862299, 35.475626], [133.865804, 35.471737], [133.865256, 35.467116], [133.866699, 35.463567], [133.865789, 35.460641], [133.862838, 35.459121], [133.863166, 35.452291], [133.861701, 35.4511], [133.860494, 35.443167], [133.865083, 35.440408], [133.867772, 35.440646], [133.870834, 35.435177], [133.881244, 35.432547], [133.882168, 35.43017], [133.887434, 35.427254], [133.887477, 35.423455], [133.898571, 35.422167], [133.909165, 35.428633], [133.921389, 35.426697], [133.932966, 35.430304], [133.941249, 35.429975], [133.943649, 35.431708], [133.951384, 35.428148], [133.949939, 35.430901], [133.951706, 35.435949], [133.9482, 35.436991], [133.947418, 35.441292], [133.949798, 35.44407], [133.951659, 35.450603], [133.953691, 35.450804], [133.952214, 35.454125], [133.948011, 35.455216], [133.946034, 35.461757], [133.953329, 35.481783], [133.951505, 35.483584], [133.945821, 35.484082], [133.942203, 35.488278], [133.935301, 35.491193], [133.933868, 35.494496], [133.929379, 35.493491], [133.927708, 35.489136], [133.921931, 35.495258], [133.918902, 35.496153], [133.916716, 35.489272], [133.911444, 35.48794], [133.906793, 35.490438], [133.906503, 35.495533], [133.901173, 35.494707], [133.897755, 35.495958], [133.891646, 35.493332], [133.892257, 35.491375], [133.895422, 35.491594], [133.897249, 35.493697], [133.899474, 35.493163], [133.89376, 35.483932], [133.894966, 35.481423], [133.901575, 35.479126], [133.902958, 35.474934], [133.904407, 35.474904], [133.901, 35.46984], [133.891868, 35.468736], [133.893711, 35.467562], [133.889746, 35.464061], [133.876983, 35.471802], [133.878966, 35.475181], [133.875645, 35.476227], [133.875613, 35.478063], [133.86257, 35.478225], [133.86225, 35.4761], [133.862299, 35.475626]]]}, "properties": {"A27_001": "31370", "A27_002": "湯梨浜町立", "A27_003": "B131210001066", "A27_004": "東郷小学校", "A27_005": "東伯郡湯梨浜町小鹿谷820"}}, {"type": "Feature", "geometry": {"type": "Polygon", "coordinates": [[[134.317527, 35.487747], [134.31113, 35.493926], [134.306155, 35.496384], [134.296519, 35.496783], [134.291606, 35.499533], [134.283948, 35.496672], [134.277462, 35.485021], [134.278168, 35.482464], [134.276866, 35.480835], [134.279801, 35.476736], [134.278196, 35.471426], [134.284864, 35.46753], [134.28399, 35.452872], [134.278276, 35.451955], [134.276851, 35.450323], [134.281776, 35.44279], [134.288836, 35.441861], [134.289869, 35.443677], [134.296853, 35.44508], [134.30355, 35.440197], [134.312256, 35.439191], [134.314634, 35.43555], [134.325649, 35.429647], [134.333008, 35.428192], [134.340948, 35.430331], [134.349003, 35.424457], [134.351739, 35.425782], [134.363041, 35.426017], [134.363583, 35.427629], [134.365714, 35.427019], [134.372275, 35.43084], [134.377296, 35.431595], [134.380029, 35.440094], [134.384523, 35.435727], [134.3998, 35.440556], [134.408573, 35.43804], [134.408906, 35.436351], [134.415341, 35.433871], [134.422458, 35.436116], [134.427987, 35.434911], [134.440739, 35.439764], [134.437453, 35.456956], [134.438182, 35.461229], [134.434429, 35.463906], [134.434344, 35.471577], [134.430219, 35.475622], [134.430726, 35.478566], [134.427999, 35.479985], [134.427064, 35.486144], [134.413569, 35.489816], [134.407965, 35.486741], [134.402582, 35.488332], [134.393743, 35.500511], [134.387293, 35.49812], [134.385278, 35.500187], [134.376411, 35.500359], [134.372026, 35.492477], [134.36537, 35.489683], [134.362949, 35.486319], [134.360807, 35.485976], [134.360212, 35.483272], [134.356626, 35.481634], [134.352688, 35.482027], [134.350431, 35.477892], [134.338853, 35.479347], [134.335916, 35.478165], [134.328452, 35.485083], [134.319017, 35.486852], [134.317527, 35.487747]]]}, "properties": {"A27_001": "31201", "A27_002": "鳥取市立", "A27_003": "B131210001057", "A27_004": "国府東小学校", "A27_005": "鳥取市国府町谷3"}}, {"type": "Feature", "geometry": {"type": "Polygon", "coordinates": [[[134.298112, 35.553755], [134.297417, 35.551155], [134.299348, 35.548651], [134.306076, 35.547145], [134.307953, 35.538981], [134.316866, 35.538391], [134.317547, 35.535653], [134.327489, 35.533462], [134.326657, 35.532226], [134.328782, 35.527827], [134.32305, 35.513007], [134.326683, 35.509958], [134.32347, 35.502448], [134.324332, 35.497639], [134.321656, 35.496393], [134.318737, 35.491222], [134.320376, 35.489787], [134.319878, 35.486333], [134.328209, 35.485207], [134.335916, 35.478165], [134.338853, 35.479347], [134.350431, 35.477892], [134.352688, 35.482027], [134.356626, 35.481634], [134.360212, 35.483272], [134.360807, 35.485976], [134.362949, 35.486319], [134.36537, 35.489683], [134.372026, 35.492477], [134.376411, 35.500359], [134.385278, 35.500187], [134.387293, 35.49812], [134.393294, 35.500631], [134.402389, 35.488418], [134.407965, 35.486741], [134.413569, 35.489816], [134.422057, 35.486706], [134.425967, 35.487279], [134.427148, 35.48173], [134.430831, 35.478408], [134.430219, 35.475622], [134.432397, 35.472591], [134.434438, 35.470831], [134.437867, 35.473962], [134.438083, 35.476202], [134.435716, 35.478327], [134.427654, 35.495726], [134.428188, 35.500007], [134.430876, 35.502469], [134.427793, 35.508423], [134.424426, 35.50875], [134.41853, 35.514103], [134.412702, 35.514904], [134.417373, 35.525], [134.420336, 35.527422], [134.420032, 35.533161], [134.423296, 35.534587], [134.422653, 35.537517], [134.425601, 35.541806], [134.420933, 35.544737], [134.425077, 35.551861], [134.422284, 35.556566], [134.421499, 35.562911], [134.414646, 35.564071], [134.410038, 35.562822], [134.407453, 35.566623], [134.402056, 35.568751], [134.391371, 35.566063], [134.386622, 35.56204], [134.380894, 35.562993], [134.375624, 35.566434], [134.373813, 35.575], [134.371464, 35.576598], [134.361782, 35.576841], [134.35532, 35.571323], [134.353002, 35.567138], [134.346975, 35.569914], [134.343658, 35.573873], [134.341713, 35.57404], [134.340501, 35.569987], [134.337117, 35.569638], [134.332749, 35.57054], [134.332978, 35.572839], [134.330635, 35.571807], [134.330068, 35.573806], [134.3276, 35.574666], [134.323437, 35.573692], [134.322269, 35.57144], [134.318924, 35.573269], [134.318259, 35.571543], [134.312619, 35.572673], [134.310358, 35.56492], [134.312213, 35.561519], [134.311113, 35.559373], [134.307641, 35.559809], [134.298012, 35.553843], [134.298112, 35.553755]]]}, "properties": {"A27_001": "31302", "A27_002": "岩美町立", "A27_003": "B131210001048", "A27_004": "岩美南小学校", "A27_005": "岩美郡岩美町新井419-2"}}, {"type": "Feature", "geometry": {"type": "Polygon", "coordinates": [[[134.264797, 35.454708], [134.260766, 35.451462], [134.264215, 35.448621], [134.253726, 35.449233], [134.256773, 35.437198], [134.259786, 35.43791], [134.259598, 35.440634], [134.26244, 35.440229], [134.260782, 35.442374], [134.26285, 35.444922], [134.26591, 35.441989], [134.267222, 35.445524], [134.269898, 35.444677], [134.270595, 35.446669], [134.267656, 35.446735], [134.267262, 35.449257], [134.270277, 35.448866], [134.268051, 35.451802], [134.269685, 35.452382], [134.265058, 35.454788], [134.264797, 35.454708]]]}, "properties": {"A27_001": "31201", "A27_002": "鳥取市立", "A27_003": "B131210001039", "A27_004": "若葉台小学校", "A27_005": "鳥取市若葉台南2-17-1"}}, {"type": "Feature", "geometry": {"type": "Polygon", "coordinates": [[[134.407453, 35.566623], [134.405024, 35.570614], [134.407127, 35.577164], [134.405657, 35.584677], [134.408304, 35.589065], [134.405204, 35.58977], [134.400916, 35.595578], [134.393132, 35.598141], [134.392949, 35.601457], [134.386927, 35.603868], [134.381804, 35.603275], [134.374841, 35.608251], [134.371523, 35.60857], [134.369944, 35.614589], [134.369322, 35.608386], [134.37066, 35.605758], [134.366428, 35.602312], [134.349245, 35.600742], [134.344713, 35.604467], [134.345966, 35.605677], [134.344628, 35.606174], [134.34612, 35.607437], [134.345478, 35.60902], [134.343196, 35.607126], [134.339759, 35.608428], [134.338443, 35.606321], [134.340712, 35.60454], [134.340447, 35.60264], [134.337292, 35.600685], [134.340608, 35.59846], [134.338975, 35.596574], [134.337159, 35.596961], [134.337282, 35.594201], [134.338725, 35.593986], [134.327096, 35.590691], [134.320756, 35.590979], [134.318474, 35.593576], [134.312815, 35.59326], [134.319118, 35.596026], [134.316447, 35.596592], [134.313972, 35.594202], [134.310718, 35.593934], [134.31039, 35.59193], [134.302313, 35.592374], [134.302725, 35.589789], [134.300533, 35.589627], [134.300624, 35.585494], [134.313832, 35.58617], [134.315085, 35.583695], [134.314175, 35.58074], [134.317374, 35.577186], [134.31532, 35.577492], [134.315367, 35.575979], [134.312628, 35.575218], [134.312747, 35.572683], [134.3164, 35.571597], [134.318259, 35.571543], [134.318924, 35.573269], [134.322269, 35.57144], [134.323437, 35.573692], [134.327852, 35.574668], [134.330635, 35.571807], [134.332978, 35.572839], [134.332749, 35.57054], [134.337621, 35.569647], [134.340501, 35.569987], [134.341713, 35.57404], [134.343256, 35.573954], [134.346975, 35.569914], [134.353002, 35.567138], [134.35532, 35.571323], [134.361782, 35.576841], [134.371158, 35.576633], [134.373813, 35.575], [134.375624, 35.566434], [134.380894, 35.562993], [134.386622, 35.56204], [134.391371, 35.566063], [134.4014, 35.568717], [134.406842, 35.566907], [134.407453, 35.566623]]]}, "properties": {"A27_001": "31302", "A27_002": "岩美町立", "A27_003": "B131210001020", "A27_004": "岩美北小学校", "A27_005": "岩美郡岩美町浦富2128"}}, {"type": "Feature", "geometry": {"type": "Polygon", "coordinates": [[[134.226514, 35.520828], [134.227486, 35.516547], [134.234797, 35.513965], [134.239855, 35.514221], [134.240727, 35.510189], [134.246839, 35.509887], [134.25186, 35.51172], [134.253035, 35.514132], [134.256078, 35.514199], [134.256288, 35.512871], [134.263372, 35.517924], [134.265934, 35.523555], [134.272641, 35.525277], [134.272892, 35.530488], [134.270068, 35.532462], [134.267214, 35.531612], [134.264282, 35.533062], [134.26147, 35.530829], [134.254788, 35.532462], [134.251736, 35.530853], [134.245559, 35.533395], [134.231906, 35.527719], [134.228442, 35.522536], [134.224482, 35.52364], [134.225939, 35.522337], [134.223688, 35.521452], [134.226465, 35.520893], [134.226514, 35.520828]]]}, "properties": {"A27_001": "31201", "A27_002": "鳥取市立", "A27_003": "B131210001011", "A27_004": "中ノ郷小学校", "A27_005": "鳥取市円護寺268"}}, {"type": "Feature", "geometry": {"type": "Polygon", "coordinates": [[[134.236563, 35.498419], [134.238548, 35.500734], [134.237226, 35.503287], [134.234477, 35.501425], [134.231384, 35.503808], [134.226355, 35.501149], [134.236639, 35.495563], [134.237709, 35.496453], [134.236509, 35.498382], [134.236563, 35.498419]]]}, "properties": {"A27_001": "31201", "A27_002": "鳥取市立", "A27_003": "B131210000030", "A27_004": "遷喬小学校", "A27_005": "鳥取市本町1-108-1"}}, {"type": "Feature", "geometry": {"type": "Polygon", "coordinates": [[[134.229026, 35.511061], [134.226472, 35.513138], [134.22327, 35.511262], [134.223216, 35.509617], [134.214477, 35.511241], [134.213195, 35.509441], [134.218537, 35.501094], [134.223645, 35.503122], [134.225142, 35.499266], [134.227345, 35.501734], [134.233527, 35.503814], [134.231847, 35.505473], [134.233916, 35.50664], [134.229586, 35.510642], [134.229026, 35.511061]]]}, "properties": {"A27_001": "31201", "A27_002": "鳥取市立", "A27_003": "B131210000021", "A27_004": "醇風小学校", "A27_005": "鳥取市西町5-353"}}, {"type": "Feature", "geometry": {"type": "Polygon", "coordinates": [[[134.256288, 35.512871], [134.256078, 35.514199], [134.253035, 35.514132], [134.250925, 35.511259], [134.242001, 35.509879], [134.240569, 35.510349], [134.239855, 35.514221], [134.234797, 35.513965], [134.227486, 35.516547], [134.226514, 35.520828], [134.222799, 35.517723], [134.228553, 35.513958], [134.229026, 35.511061], [134.233916, 35.50664], [134.231847, 35.505473], [134.233527, 35.503814], [134.232394, 35.503049], [134.234477, 35.501425], [134.237226, 35.503287], [134.238548, 35.500734], [134.236509, 35.498382], [134.24202, 35.495102], [134.248311, 35.498563], [134.251275, 35.496815], [134.254313, 35.49894], [134.255623, 35.501015], [134.254673, 35.50693], [134.257199, 35.509067], [134.256289, 35.512704], [134.256288, 35.512871]]]}, "properties": {"A27_001": "31201", "A27_002": "鳥取市立", "A27_003": "B131210000012", "A27_004": "久松小学校", "A27_005": "鳥取市東町2-201"}}, {"type": "Feature", "geometry": {"type": "MultiPolygon", "coordinates": [[[[134.222885, 35.493961], [134.21853, 35.493708], [134.217103, 35.496231], [134.214112, 35.496657], [134.213577, 35.490564], [134.224761, 35.480149], [134.233699, 35.476514], [134.234387, 35.481798], [134.236889, 35.48373], [134.234176, 35.483656], [134.232259, 35.488493], [134.229607, 35.488951], [134.231902, 35.491729], [134.222901, 35.494288], [134.222885, 35.493961]]], [[[134.218537, 35.501094], [134.214055, 35.506214], [134.215469, 35.499521], [134.218491, 35.50095], [134.218537, 35.501094]]]]}, "properties": {"A27_001": "31201", "A27_002": "鳥取市立", "A27_003": "B131210000094", "A27_004": "美保小学校", "A27_005": "鳥取市吉成1-10-25"}}, {"type": "Feature", "geometry": {"type": "Polygon", "coordinates": [[[134.224529, 35.522463], [134.220969, 35.520178], [134.220284, 35.522667], [134.215772, 35.523373], [134.214203, 35.521197], [134.195696, 35.519753], [134.195398, 35.514116], [134.197376, 35.513895], [134.197161, 35.510088], [134.201798, 35.509758], [134.201518, 35.505389], [134.207084, 35.502466], [134.208599, 35.504337], [134.214717, 35.503543], [134.215542, 35.506111], [134.219152, 35.500796], [134.223645, 35.503122], [134.220979, 35.507218], [134.225204, 35.507063], [134.226717, 35.509849], [134.22327, 35.511262], [134.226472, 35.513138], [134.229026, 35.511061], [134.222799, 35.517723], [134.226514, 35.520828], [134.22455, 35.522006], [134.224529, 35.522463]]]}, "properties": {"A27_001": "31201", "A27_002": "鳥取市立", "A27_003": "B131210000085", "A27_004": "城北小学校", "A27_005": "鳥取市田園町4-324"}}, {"type": "Feature", "geometry": {"type": "Polygon", "coordinates": [[[134.289419, 35.499025], [134.290906, 35.501991], [134.289607, 35.50879], [134.285756, 35.51309], [134.281907, 35.513473], [134.278296, 35.515933], [134.277034, 35.523759], [134.272641, 35.525277], [134.265934, 35.523555], [134.263706, 35.518217], [134.256288, 35.512871], [134.257199, 35.509067], [134.254673, 35.50693], [134.255623, 35.501015], [134.254313, 35.49894], [134.251275, 35.496815], [134.249121, 35.498487], [134.24693, 35.497951], [134.243091, 35.494012], [134.24362, 35.490953], [134.239185, 35.491124], [134.24076, 35.487741], [134.250941, 35.4835], [134.2533, 35.486241], [134.253747, 35.490288], [134.255202, 35.490781], [134.255966, 35.488715], [134.256506, 35.490364], [134.261347, 35.489741], [134.268421, 35.494964], [134.271197, 35.492547], [134.277559, 35.493376], [134.279793, 35.493993], [134.27971, 35.495996], [134.288999, 35.498847], [134.289419, 35.499025]]]}, "properties": {"A27_001": "31201", "A27_002": "鳥取市立", "A27_003": "B131210000076", "A27_004": "修立小学校", "A27_005": "鳥取市卯垣2-657"}}, {"type": "Feature", "geometry": {"type": "Polygon", "coordinates": [[[134.218537, 35.501094], [134.217535, 35.499154], [134.225142, 35.499266], [134.220876, 35.507052], [134.225204, 35.507063], [134.223894, 35.507942], [134.226717, 35.509849], [134.223216, 35.509617], [134.220735, 35.514197], [134.217879, 35.511703], [134.216725, 35.513754], [134.210264, 35.513886], [134.210733, 35.512467], [134.205561, 35.512992], [134.205653, 35.514554], [134.197376, 35.513895], [134.197161, 35.510088], [134.20673, 35.50814], [134.21348, 35.509845], [134.218523, 35.501143], [134.218537, 35.501094]]]}, "properties": {"A27_001": "31201", "A27_002": "鳥取市立", "A27_003": "B131210000067", "A27_004": "富桑小学校", "A27_005": "鳥取市西品治134"}}, {"type": "Feature", "geometry": {"type": "Polygon", "coordinates": [[[134.236889, 35.48373], [134.234813, 35.4881], [134.238423, 35.487516], [134.23592, 35.490725], [134.238502, 35.491734], [134.237546, 35.497387], [134.229424, 35.498915], [134.226145, 35.494786], [134.231902, 35.491729], [134.229607, 35.488951], [134.235468, 35.483691], [134.236889, 35.48373]]]}, "properties": {"A27_001": "31201", "A27_002": "鳥取市立", "A27_003": "B131210000058", "A27_004": "日進小学校", "A27_005": "鳥取市吉方温泉1-131"}}, {"type": "Feature", "geometry": {"type": "Polygon", "coordinates": [[[134.239229, 35.497576], [134.236639, 35.495563], [134.238415, 35.494974], [134.237104, 35.492688], [134.238502, 35.491734], [134.235954, 35.491217], [134.238423, 35.487516], [134.234813, 35.4881], [134.236889, 35.48373], [134.244299, 35.483374], [134.24463, 35.486139], [134.249084, 35.484534], [134.246734, 35.485779], [134.247232, 35.488159], [134.250943, 35.490186], [134.243215, 35.491991], [134.246151, 35.497443], [134.240179, 35.495848], [134.23963, 35.50117], [134.239224, 35.498032], [134.239229, 35.497576]]]}, "properties": {"A27_001": "31201", "A27_002": "鳥取市立", "A27_003": "B131210000049", "A27_004": "修立小学校", "A27_005": "鳥取市立川町5-339"}}, {"type": "Feature", "geometry": {"type": "Polygon", "coordinates": [[[133.368048, 35.43597], [133.374136, 35.456674], [133.366864, 35.458978], [133.36519, 35.449599], [133.357587, 35.451422], [133.350582, 35.446042], [133.349248, 35.43943], [133.35718, 35.434604], [133.362061, 35.43681], [133.367634, 35.436051], [133.368048, 35.43597]]]}, "properties": {"A27_001": "31202", "A27_002": "米子市立", "A27_003": "B131210000307", "A27_004": "福生東小学校", "A27_005": "米子市皆生5-18-32"}}, {"type": "Feature", "geometry": {"type": "Polygon", "coordinates": [[[133.348487, 35.434908], [133.332814, 35.443784], [133.331587, 35.43885], [133.329497, 35.438869], [133.32824, 35.441082], [133.326105, 35.439463], [133.331768, 35.434923], [133.330037, 35.431815], [133.335401, 35.429112], [133.348486, 35.428539], [133.3483, 35.433863], [133.348487, 35.434908]]]}, "properties": {"A27_001": "31202", "A27_002": "米子市立", "A27_003": "B131210000272", "A27_004": "啓成小学校", "A27_005": "米子市博労町4-290"}}, {"type": "Feature", "geometry": {"type": "Polygon", "coordinates": [[[133.322106, 35.447058], [133.320714, 35.445724], [133.321909, 35.441249], [133.318424, 35.441331], [133.31828, 35.442641], [133.314969, 35.436147], [133.317597, 35.434446], [133.315502, 35.431908], [133.318653, 35.433941], [133.322416, 35.432728], [133.3224, 35.430867], [133.325434, 35.432066], [133.329009, 35.430669], [133.331768, 35.434923], [133.326105, 35.439463], [133.32824, 35.441082], [133.329497, 35.438869], [133.331587, 35.43885], [133.332636, 35.441946], [133.322125, 35.447103], [133.322106, 35.447058]]]}, "properties": {"A27_001": "31202", "A27_002": "米子市立", "A27_003": "B131210000263", "A27_004": "義方小学校", "A27_005": "米子市義方町9-20"}}, {"type": "Feature", "geometry": {"type": "Polygon", "coordinates": [[[133.333205, 35.430797], [133.331216, 35.429289], [133.334248, 35.426997], [133.332711, 35.425842], [133.336226, 35.424401], [133.333932, 35.421417], [133.335238, 35.420208], [133.337335, 35.421172], [133.33816, 35.424086], [133.34058, 35.424309], [133.346696, 35.422906], [133.347879, 35.415781], [133.352378, 35.418076], [133.356925, 35.414319], [133.360741, 35.415626], [133.360626, 35.418124], [133.357828, 35.418034], [133.35188, 35.428167], [133.335401, 35.429112], [133.333375, 35.43066], [133.333205, 35.430797]]]}, "properties": {"A27_001": "31202", "A27_002": "米子市立", "A27_003": "B131210000254", "A27_004": "明道小学校", "A27_005": "米子市陽田町74-2"}}, {"type": "Feature", "geometry": {"type": "Polygon", "coordinates": [[[134.215484, 35.488568], [134.214923, 35.474688], [134.213775, 35.474792], [134.213103, 35.469655], [134.215548, 35.467437], [134.218845, 35.470173], [134.222019, 35.470243], [134.224803, 35.469501], [134.223814, 35.465527], [134.229923, 35.466273], [134.232314, 35.473156], [134.236749, 35.473872], [134.225027, 35.479965], [134.215564, 35.488505], [134.215484, 35.488568]]]}, "properties": {"A27_001": "31201", "A27_002": "鳥取市立", "A27_003": "B131210000245", "A27_004": "美保南小学校", "A27_005": "鳥取市宮長200-1"}}, {"type": "Feature", "geometry": {"type": "MultiPolygon", "coordinates": [[[[134.283948, 35.496672], [134.27971, 35.495996], [134.279793, 35.493993], [134.271197, 35.492547], [134.268196, 35.494918], [134.261347, 35.489741], [134.256506, 35.490364], [134.255966, 35.488715], [134.255202, 35.490781], [134.253136, 35.487377], [134.250084, 35.489118], [134.247232, 35.488159], [134.248442, 35.487723], [134.246734, 35.485779], [134.249084, 35.484534], [134.24463, 35.486139], [134.244299, 35.483374], [134.23993, 35.48381], [134.239888, 35.482339], [134.241918, 35.482445], [134.243324, 35.477157], [134.248781, 35.475056], [134.246057, 35.47367], [134.244603, 35.468228], [134.25068, 35.467611], [134.25375, 35.468579], [134.255213, 35.472287], [134.257626, 35.472311], [134.25759, 35.473446], [134.252656, 35.473496], [134.249176, 35.477472], [134.245869, 35.476382], [134.246461, 35.478121], [134.24414, 35.479371], [134.245818, 35.480441], [134.244863, 35.483285], [134.254682, 35.478787], [134.25746, 35.482886], [134.260377, 35.481221], [134.262391, 35.482146], [134.260169, 35.484555], [134.264974, 35.487202], [134.268582, 35.487799], [134.277536, 35.485039], [134.283889, 35.496557], [134.283948, 35.496672]]], [[[134.251424, 35.479027], [134.251395, 35.478764], [134.252239, 35.478268], [134.251424, 35.479027]]]]}, "properties": {"A27_001": "31201", "A27_002": "鳥取市立", "A27_003": "B131210000236", "A27_004": "岩倉小学校", "A27_005": "鳥取市立川町7-110"}}, {"type": "Feature", "geometry": {"type": "Polygon", "coordinates": [[[134.230902, 35.546734], [134.197457, 35.540349], [134.198745, 35.538295], [134.197426, 35.537797], [134.201004, 35.532191], [134.205991, 35.5299], [134.204719, 35.528404], [134.204973, 35.521971], [134.214203, 35.521197], [134.215772, 35.523373], [134.220284, 35.522667], [134.220969, 35.520178], [134.223951, 35.522576], [134.225939, 35.522337], [134.224482, 35.52364], [134.228442, 35.522536], [134.234874, 35.529521], [134.243086, 35.531582], [134.231031, 35.546557], [134.230902, 35.546734]]]}, "properties": {"A27_001": "31201", "A27_002": "鳥取市立", "A27_003": "B131210000227", "A27_004": "浜坂小学校", "A27_005": "鳥取市浜坂1-14-1"}}, {"type": "Feature", "geometry": {"type": "Polygon", "coordinates": [[[134.274358, 35.449311], [134.265862, 35.455275], [134.264422, 35.461754], [134.261217, 35.463545], [134.263788, 35.465931], [134.257082, 35.468119], [134.25853, 35.473838], [134.257626, 35.472311], [134.255213, 35.472287], [134.25375, 35.468579], [134.241845, 35.467806], [134.243987, 35.466497], [134.244258, 35.462828], [134.241916, 35.462704], [134.241835, 35.459983], [134.239184, 35.458202], [134.239558, 35.456303], [134.241838, 35.455849], [134.240039, 35.449855], [134.242997, 35.446867], [134.239458, 35.43775], [134.242716, 35.428504], [134.262094, 35.431362], [134.26506, 35.440087], [134.272866, 35.443359], [134.274301, 35.449263], [134.274358, 35.449311]], [[134.264797, 35.454708], [134.269685, 35.452382], [134.268051, 35.451802], [134.270277, 35.448866], [134.267262, 35.449257], [134.267656, 35.446735], [134.270595, 35.446669], [134.269898, 35.444677], [134.267222, 35.445524], [134.26591, 35.441989], [134.26285, 35.444922], [134.260782, 35.442374], [134.26244, 35.440229], [134.259598, 35.440634], [134.259786, 35.43791], [134.256773, 35.437198], [134.253726, 35.449233], [134.264215, 35.448621], [134.260766, 35.451462], [134.264136, 35.454472], [134.264797, 35.454708]]]}, "properties": {"A27_001": "31201", "A27_002": "鳥取市立", "A27_003": "B131210000218", "A27_004": "津ノ井小学校", "A27_005": "鳥取市桂木238-1"}}, {"type": "Feature", "geometry": {"type": "Polygon", "coordinates": [[[134.150952, 35.530466], [134.118581, 35.526294], [134.110253, 35.527196], [134.108664, 35.525312], [134.105174, 35.52558], [134.105083, 35.527047], [134.103391, 35.52531], [134.101317, 35.526827], [134.099985, 35.52467], [134.100049, 35.517962], [134.09716, 35.510871], [134.099857, 35.503149], [134.113404, 35.500223], [134.128031, 35.511313], [134.137353, 35.511296], [134.136039, 35.513416], [134.142657, 35.517448], [134.148662, 35.518626], [134.150605, 35.51761], [134.151061, 35.519191], [134.157828, 35.52098], [134.157103, 35.522895], [134.152561, 35.523244], [134.150973, 35.529375], [134.150952, 35.530466]]]}, "properties": {"A27_001": "31201", "A27_002": "鳥取市立", "A27_003": "B131210000209", "A27_004": "末恒小学校", "A27_005": "鳥取市伏野2256-61"}}, {"type": "Feature", "geometry": {"type": "Polygon", "coordinates": [[[133.349248, 35.43943], [133.347745, 35.430714], [133.352058, 35.428048], [133.357828, 35.418034], [133.360626, 35.418124], [133.362066, 35.415181], [133.364117, 35.419065], [133.366644, 35.419112], [133.366071, 35.428014], [133.368048, 35.43597], [133.362061, 35.43681], [133.35718, 35.434604], [133.350286, 35.439169], [133.349248, 35.43943]]]}, "properties": {"A27_001": "31202", "A27_002": "米子市立", "A27_003": "B131210000290", "A27_004": "車尾小学校", "A27_005": "米子市車尾2-27-1"}}, {"type": "Feature", "geometry": {"type": "Polygon", "coordinates": [[[133.3224, 35.430867], [133.321155, 35.430617], [133.319995, 35.425553], [133.325261, 35.422102], [133.322425, 35.420918], [133.322869, 35.419048], [133.320735, 35.420756], [133.317492, 35.416688], [133.321424, 35.413362], [133.319172, 35.412489], [133.321614, 35.407681], [133.320573, 35.403878], [133.321629, 35.40031], [133.32528, 35.398172], [133.329498, 35.399627], [133.330985, 35.398623], [133.335127, 35.401272], [133.334209, 35.402538], [133.336147, 35.403842], [133.340138, 35.412578], [133.343627, 35.414199], [133.340781, 35.419139], [133.343741, 35.423652], [133.33816, 35.424086], [133.337335, 35.421172], [133.335238, 35.420208], [133.333932, 35.421417], [133.336226, 35.424401], [133.332711, 35.425842], [133.334248, 35.426997], [133.331216, 35.429289], [133.333205, 35.430797], [133.330069, 35.43185], [133.32795, 35.430578], [133.325434, 35.432066], [133.3243, 35.430391], [133.32282, 35.430922], [133.3224, 35.430867]]]}, "properties": {"A27_001": "31202", "A27_002": "米子市立", "A27_003": "B131210000281", "A27_004": "就将小学校", "A27_005": "米子市愛宕町94"}}, {"type": "Feature", "geometry": {"type": "Polygon", "coordinates": [[[134.215484, 35.488568], [134.213543, 35.491609], [134.215492, 35.500715], [134.21348, 35.509845], [134.211862, 35.510552], [134.20702, 35.499379], [134.203936, 35.499208], [134.20243, 35.495061], [134.199832, 35.495318], [134.195806, 35.492094], [134.195086, 35.488907], [134.202583, 35.487923], [134.203784, 35.485775], [134.200665, 35.483126], [134.200312, 35.479749], [134.194407, 35.477731], [134.195127, 35.476084], [134.200641, 35.475776], [134.203365, 35.470354], [134.208395, 35.471236], [134.208814, 35.474949], [134.211909, 35.47469], [134.211596, 35.47263], [134.213473, 35.472397], [134.215459, 35.487382], [134.215484, 35.488568]]]}, "properties": {"A27_001": "31201", "A27_002": "鳥取市立", "A27_003": "B131210000156", "A27_004": "大正小学校", "A27_005": "鳥取市古海291-3"}}, {"type": "Feature", "geometry": {"type": "Polygon", "coordinates": [[[134.24463, 35.486139], [134.244299, 35.483374], [134.236889, 35.48373], [134.234587, 35.48028], [134.238471, 35.480521], [134.241776, 35.47375], [134.240581, 35.472581], [134.241845, 35.467806], [134.25375, 35.468579], [134.255213, 35.472287], [134.257626, 35.472311], [134.257063, 35.479462], [134.251836, 35.480093], [134.251098, 35.48114], [134.252933, 35.48242], [134.244891, 35.486028], [134.24463, 35.486139]], [[134.251424, 35.479027], [134.252239, 35.478268], [134.251419, 35.478983], [134.251424, 35.479027]]]}, "properties": {"A27_001": "31201", "A27_002": "鳥取市立", "A27_003": "B131210000147", "A27_004": "面影小学校", "A27_005": "鳥取市雲山42"}}, {"type": "Feature", "geometry": {"type": "Polygon", "coordinates": [[[134.232452, 35.476273], [134.23656, 35.473151], [134.232314, 35.473156], [134.232297, 35.4701], [134.230179, 35.47002], [134.229554, 35.467154], [134.232727, 35.465715], [134.233142, 35.461826], [134.232104, 35.461869], [134.231804, 35.456931], [134.229195, 35.457028], [134.225838, 35.453153], [134.228866, 35.447646], [134.2213, 35.442366], [134.221764, 35.434288], [134.220114, 35.432291], [134.220247, 35.430098], [134.224139, 35.427682], [134.229889, 35.416919], [134.238159, 35.421116], [134.238754, 35.426869], [134.242716, 35.428504], [134.239458, 35.43775], [134.242997, 35.446867], [134.240039, 35.449855], [134.241838, 35.455849], [134.239558, 35.456303], [134.239184, 35.458202], [134.241835, 35.459983], [134.241916, 35.462704], [134.244258, 35.462828], [134.244301, 35.465523], [134.24196, 35.466753], [134.240581, 35.472581], [134.241776, 35.47375], [134.238471, 35.480521], [134.233879, 35.479954], [134.232951, 35.476681], [134.232452, 35.476273]]]}, "properties": {"A27_001": "31201", "A27_002": "鳥取市立", "A27_003": "B131210000138", "A27_004": "米里小学校", "A27_005": "鳥取市古郡家75-1"}}, {"type": "Feature", "geometry": {"type": "Polygon", "coordinates": [[[134.229923, 35.466273], [134.223814, 35.465527], [134.224803, 35.469501], [134.222019, 35.470243], [134.218845, 35.470173], [134.215548, 35.467437], [134.21398, 35.468243], [134.21294, 35.450082], [134.21175, 35.450449], [134.207601, 35.443803], [134.210033, 35.435119], [134.206394, 35.435423], [134.204891, 35.434106], [134.204547, 35.430094], [134.212282, 35.431699], [134.21376, 35.426865], [134.216387, 35.426594], [134.21999, 35.42902], [134.221764, 35.434288], [134.2213, 35.442366], [134.228866, 35.447646], [134.225838, 35.453153], [134.229195, 35.457028], [134.231804, 35.456931], [134.233142, 35.464777], [134.230388, 35.46626], [134.229923, 35.466273]]]}, "properties": {"A27_001": "31201", "A27_002": "鳥取市立", "A27_003": "B131210000129", "A27_004": "倉田小学校", "A27_005": "鳥取市八坂54-1"}}, {"type": "Feature", "geometry": {"type": "Polygon", "coordinates": [[[134.227652, 35.49299], [134.226545, 35.496354], [134.229424, 35.498915], [134.224399, 35.503685], [134.219986, 35.50266], [134.214112, 35.496657], [134.21853, 35.493708], [134.222885, 35.493961], [134.226145, 35.490383], [134.227375, 35.493101], [134.227652, 35.49299]]]}, "properties": {"A27_001": "31201", "A27_002": "鳥取市立", "A27_003": "B131210000110", "A27_004": "明徳小学校", "A27_005": "鳥取市行徳1-201-3"}}, {"type": "Feature", "geometry": {"type": "Polygon", "coordinates": [[[134.204973, 35.521971], [134.205991, 35.5299], [134.201004, 35.532191], [134.193191, 35.54302], [134.18986, 35.540791], [134.187134, 35.542948], [134.187327, 35.539823], [134.194579, 35.537101], [134.196417, 35.532704], [134.184729, 35.539541], [134.17924, 35.53823], [134.18426, 35.541039], [134.177908, 35.54032], [134.177615, 35.535736], [134.150952, 35.530466], [134.182357, 35.525544], [134.184307, 35.522608], [134.179367, 35.519151], [134.183286, 35.517974], [134.188194, 35.52179], [134.188334, 35.517216], [134.192157, 35.517056], [134.191997, 35.514497], [134.201991, 35.513373], [134.202473, 35.520715], [134.204898, 35.520598], [134.204973, 35.521971]]]}, "properties": {"A27_001": "31201", "A27_002": "鳥取市立", "A27_003": "B131210000101", "A27_004": "賀露小学校", "A27_005": "鳥取市賀露町778"}}, {"type": "Feature", "geometry": {"type": "Polygon", "coordinates": [[[134.179367, 35.519151], [134.174955, 35.518694], [134.174731, 35.517462], [134.171779, 35.518464], [134.16969, 35.515101], [134.164029, 35.515259], [134.162822, 35.510986], [134.165999, 35.507908], [134.174935, 35.511656], [134.173993, 35.507125], [134.189471, 35.505861], [134.189491, 35.508884], [134.190885, 35.509794], [134.195541, 35.508536], [134.195421, 35.51058], [134.197161, 35.510088], [134.197376, 35.513895], [134.201991, 35.513373], [134.202224, 35.516654], [134.195544, 35.516937], [134.195696, 35.519753], [134.19154, 35.520358], [134.184372, 35.524453], [134.183848, 35.521811], [134.179704, 35.519463], [134.179367, 35.519151]]]}, "properties": {"A27_001": "31201", "A27_002": "鳥取市立", "A27_003": "B131210000192", "A27_004": "湖山小学校", "A27_005": "鳥取市湖山町南1-656"}}, {"type": "Feature", "geometry": {"type": "Polygon", "coordinates": [[[134.197161, 35.510088], [134.195421, 35.51058], [134.195541, 35.508536], [134.190885, 35.509794], [134.189491, 35.508884], [134.189471, 35.505861], [134.173993, 35.507125], [134.171993, 35.503163], [134.165972, 35.501573], [134.163595, 35.497741], [134.158142, 35.49894], [134.152067, 35.496148], [134.148505, 35.498938], [134.144113, 35.498181], [134.142778, 35.496932], [134.144304, 35.493518], [134.140902, 35.490046], [134.139513, 35.48403], [134.149749, 35.485496], [134.158384, 35.481288], [134.155831, 35.478959], [134.149127, 35.479455], [134.146368, 35.476824], [134.141929, 35.477656], [134.1348, 35.473474], [134.133606, 35.468443], [134.140923, 35.465104], [134.14152, 35.461215], [134.137135, 35.457929], [134.138465, 35.455462], [134.143484, 35.454513], [134.151642, 35.448606], [134.155502, 35.456153], [134.165588, 35.467447], [134.19596, 35.488619], [134.195806, 35.492094], [134.198992, 35.493303], [134.199832, 35.495318], [134.20243, 35.495061], [134.203936, 35.499208], [134.20702, 35.499379], [134.208713, 35.501587], [134.215182, 35.498638], [134.214717, 35.503543], [134.208599, 35.504337], [134.210952, 35.509227], [134.20673, 35.50814], [134.198346, 35.509946], [134.197161, 35.510088]]]}, "properties": {"A27_001": "31201", "A27_002": "鳥取市立", "A27_003": "B131210000183", "A27_004": "世紀小学校", "A27_005": "鳥取市徳尾407"}}, {"type": "Feature", "geometry": {"type": "Polygon", "coordinates": [[[134.122301, 35.420092], [134.132276, 35.429961], [134.140051, 35.431651], [134.142514, 35.439997], [134.148677, 35.44484], [134.155502, 35.456153], [134.162666, 35.462864], [134.163658, 35.465234], [134.151342, 35.470596], [134.155544, 35.474068], [134.138529, 35.47309], [134.133942, 35.471731], [134.133606, 35.468443], [134.131664, 35.46793], [134.12582, 35.469196], [134.114815, 35.45582], [134.104146, 35.449067], [134.099391, 35.441042], [134.084064, 35.435364], [134.07909, 35.427023], [134.064499, 35.420363], [134.055078, 35.42248], [134.047153, 35.418107], [134.046959, 35.413453], [134.042287, 35.408888], [134.03995, 35.401444], [134.039861, 35.393003], [134.048413, 35.385029], [134.053674, 35.386512], [134.064557, 35.385425], [134.064872, 35.387777], [134.072544, 35.395402], [134.077873, 35.395672], [134.077593, 35.406202], [134.082005, 35.410617], [134.090635, 35.407686], [134.0965, 35.413447], [134.107053, 35.417067], [134.114609, 35.426583], [134.122301, 35.420092]]]}, "properties": {"A27_001": "31201", "A27_002": "鳥取市立", "A27_003": "B131210000174", "A27_004": "明治小学校", "A27_005": "鳥取市松上159"}}, {"type": "Feature", "geometry": {"type": "Polygon", "coordinates": [[[134.199727, 35.475048], [134.194407, 35.477731], [134.200312, 35.479749], [134.203784, 35.485775], [134.202583, 35.487923], [134.19596, 35.488619], [134.165588, 35.467447], [134.148677, 35.44484], [134.142514, 35.439997], [134.140051, 35.431651], [134.132276, 35.429961], [134.120228, 35.41804], [134.130593, 35.413281], [134.136945, 35.415607], [134.141507, 35.414111], [134.149958, 35.418511], [134.166679, 35.432468], [134.165874, 35.439261], [134.171841, 35.446639], [134.177491, 35.460096], [134.185879, 35.464201], [134.192642, 35.472118], [134.199444, 35.474911], [134.199727, 35.475048]]]}, "properties": {"A27_001": "31201", "A27_002": "鳥取市立", "A27_003": "B131210000165", "A27_004": "東郷小学校", "A27_005": "鳥取市篠坂6-1"}}, {"type": "Feature", "geometry": {"type": "Polygon", "coordinates": [[[133.748134, 35.452647], [133.736803, 35.446714], [133.730983, 35.440833], [133.726257, 35.440346], [133.717394, 35.433774], [133.709537, 35.432826], [133.686731, 35.421649], [133.665911, 35.418763], [133.658863, 35.412511], [133.659664, 35.410901], [133.649842, 35.406876], [133.645298, 35.402314], [133.643398, 35.397519], [133.644279, 35.395668], [133.639692, 35.390796], [133.638859, 35.386984], [133.644234, 35.386215], [133.65742, 35.38801], [133.662099, 35.38653], [133.708793, 35.398299], [133.737671, 35.409538], [133.739309, 35.413057], [133.745014, 35.415251], [133.750293, 35.416593], [133.757779, 35.414259], [133.761098, 35.415948], [133.761799, 35.414498], [133.772937, 35.419838], [133.774086, 35.422757], [133.771346, 35.424155], [133.77565, 35.425204], [133.769472, 35.429204], [133.762934, 35.43035], [133.759899, 35.440934], [133.756605, 35.442597], [133.754748, 35.44729], [133.750999, 35.447425], [133.74814, 35.452637], [133.748134, 35.452647]]]}, "properties": {"A27_001": "31203", "A27_002": "倉吉市立", "A27_003": "B131210000548", "A27_004": "高城小学校", "A27_005": "倉吉市上福田722-2"}}, {"type": "Feature", "geometry": {"type": "Polygon", "coordinates": [[[133.757785, 35.386193], [133.77224, 35.392486], [133.768794, 35.396807], [133.771689, 35.397464], [133.771874, 35.401612], [133.782494, 35.412075], [133.778994, 35.415587], [133.775976, 35.415532], [133.775965, 35.420138], [133.773308, 35.420795], [133.761799, 35.414498], [133.761098, 35.415948], [133.757779, 35.414259], [133.750293, 35.416593], [133.745014, 35.415251], [133.739309, 35.413057], [133.737671, 35.409538], [133.708793, 35.398299], [133.662099, 35.38653], [133.669487, 35.382142], [133.676191, 35.375509], [133.685486, 35.371096], [133.747415, 35.379824], [133.757585, 35.386093], [133.757785, 35.386193]]]}, "properties": {"A27_001": "31203", "A27_002": "倉吉市立", "A27_003": "B131210000539", "A27_004": "北谷小学校", "A27_005": "倉吉市沢谷204"}}, {"type": "Feature", "geometry": {"type": "Polygon", "coordinates": [[[133.757785, 35.386193], [133.757562, 35.381711], [133.760346, 35.381883], [133.762256, 35.378733], [133.76565, 35.377996], [133.768687, 35.374671], [133.767118, 35.37187], [133.770621, 35.362242], [133.773801, 35.359377], [133.773729, 35.351223], [133.777317, 35.346699], [133.783642, 35.347201], [133.784767, 35.344708], [133.78328, 35.340409], [133.784231, 35.333584], [133.798287, 35.336893], [133.807825, 35.347417], [133.813126, 35.348887], [133.818835, 35.348219], [133.821704, 35.350315], [133.821867, 35.352433], [133.816616, 35.357344], [133.809742, 35.369239], [133.80341, 35.3723], [133.798848, 35.379839], [133.799547, 35.388884], [133.793647, 35.398384], [133.798433, 35.401188], [133.793769, 35.404069], [133.792697, 35.403012], [133.788432, 35.403918], [133.779447, 35.408541], [133.771874, 35.401612], [133.771689, 35.397464], [133.768794, 35.396807], [133.77224, 35.392486], [133.758035, 35.386318], [133.757785, 35.386193]]]}, "properties": {"A27_001": "31203", "A27_002": "倉吉市立", "A27_003": "B131210000520", "A27_004": "上小鴨小学校", "A27_005": "倉吉市福山30"}}, {"type": "Feature", "geometry": {"type": "Polygon", "coordinates": [[[133.821867, 35.352433], [133.825293, 35.352746], [133.829225, 35.355548], [133.83146, 35.36469], [133.834518, 35.367174], [133.830659, 35.372002], [133.832443, 35.373383], [133.832261, 35.377459], [133.835363, 35.384533], [133.833172, 35.387109], [133.835062, 35.39265], [133.833606, 35.395514], [133.835122, 35.409917], [133.830526, 35.413084], [133.828315, 35.417442], [133.820531, 35.41649], [133.810424, 35.420282], [133.809921, 35.43152], [133.816699, 35.438837], [133.809861, 35.439172], [133.802852, 35.436924], [133.805907, 35.434231], [133.804035, 35.430988], [133.800606, 35.432751], [133.7998, 35.431658], [133.80338, 35.429128], [133.800811, 35.424181], [133.797237, 35.422142], [133.794595, 35.422925], [133.796035, 35.421824], [133.791318, 35.416621], [133.785404, 35.415019], [133.780286, 35.408928], [133.788432, 35.403918], [133.792697, 35.403012], [133.793769, 35.404069], [133.798433, 35.401188], [133.793647, 35.398384], [133.799547, 35.388884], [133.798848, 35.379839], [133.80341, 35.3723], [133.809742, 35.369239], [133.810577, 35.365874], [133.813285, 35.364171], [133.816616, 35.357344], [133.821195, 35.352691], [133.821867, 35.352433]]]}, "properties": {"A27_001": "31203", "A27_002": "倉吉市立", "A27_003": "B131210000511", "A27_004": "小鴨小学校", "A27_005": "倉吉市中河原775-1"}}, {"type": "Feature", "geometry": {"type": "Polygon", "coordinates": [[[133.835292, 35.38488], [133.838348, 35.388669], [133.838042, 35.390723], [133.841731, 35.391905], [133.845724, 35.401269], [133.845207, 35.403211], [133.847777, 35.404027], [133.850944, 35.408099], [133.856929, 35.407896], [133.857604, 35.409564], [133.85569, 35.41531], [133.851102, 35.420695], [133.845636, 35.440979], [133.840571, 35.446612], [133.840545, 35.449902], [133.834546, 35.453487], [133.83065, 35.448641], [133.825221, 35.44777], [133.826941, 35.443585], [133.822683, 35.442909], [133.819961, 35.437862], [133.829628, 35.435681], [133.833535, 35.436613], [133.834676, 35.434202], [133.833816, 35.427513], [133.828315, 35.417442], [133.830526, 35.413084], [133.835122, 35.409917], [133.833606, 35.395514], [133.835062, 35.39265], [133.833172, 35.387109], [133.835288, 35.384878], [133.835292, 35.38488]]]}, "properties": {"A27_001": "31203", "A27_002": "倉吉市立", "A27_003": "B131210000502", "A27_004": "上灘小学校", "A27_005": "倉吉市上灘町136"}}, {"type": "Feature", "geometry": {"type": "MultiPolygon", "coordinates": [[[[133.830432, 35.422002], [133.83455, 35.429977], [133.833535, 35.436613], [133.829628, 35.435681], [133.821054, 35.437549], [133.821126, 35.43414], [133.819152, 35.433145], [133.82013, 35.430783], [133.816026, 35.426357], [133.822094, 35.426358], [133.822947, 35.423848], [133.826559, 35.421813], [133.830246, 35.421861], [133.830432, 35.422002]]], [[[133.784666, 35.463298], [133.779606, 35.466105], [133.775798, 35.471919], [133.772219, 35.468351], [133.765274, 35.467534], [133.763199, 35.470772], [133.761069, 35.471114], [133.751672, 35.466004], [133.750686, 35.462937], [133.746986, 35.460531], [133.750921, 35.454391], [133.748134, 35.452647], [133.750999, 35.447425], [133.754748, 35.44729], [133.756605, 35.442597], [133.759899, 35.440934], [133.769604, 35.443995], [133.772003, 35.447671], [133.778978, 35.449362], [133.777845, 35.446469], [133.787899, 35.451169], [133.789335, 35.453392], [133.785542, 35.45606], [133.786201, 35.462233], [133.784666, 35.463298]]]]}, "properties": {"A27_001": "31203", "A27_002": "倉吉市立", "A27_003": "B131210000496", "A27_004": "成徳小学校", "A27_005": "倉吉市仲ノ町733"}}, {"type": "Feature", "geometry": {"type": "Polygon", "coordinates": [[[133.816699, 35.438837], [133.809921, 35.43152], [133.810424, 35.420282], [133.820531, 35.41649], [133.829173, 35.417742], [133.830432, 35.422002], [133.826559, 35.421813], [133.822947, 35.423848], [133.822094, 35.426358], [133.816026, 35.426357], [133.82013, 35.430783], [133.819302, 35.433628], [133.821126, 35.43414], [133.821054, 35.437549], [133.817927, 35.438473], [133.816699, 35.438837]]]}, "properties": {"A27_001": "31203", "A27_002": "倉吉市立", "A27_003": "B131210000487", "A27_004": "明倫小学校", "A27_005": "倉吉市余戸谷町3059"}}, {"type": "Feature", "geometry": {"type": "Polygon", "coordinates": [[[133.863072, 35.455173], [133.862838, 35.459121], [133.865789, 35.460641], [133.866699, 35.463567], [133.864725, 35.473443], [133.855875, 35.481116], [133.854579, 35.476469], [133.846019, 35.478363], [133.841244, 35.465707], [133.840571, 35.446612], [133.844936, 35.446706], [133.846721, 35.451437], [133.849389, 35.451528], [133.849367, 35.449458], [133.852834, 35.449716], [133.852839, 35.451608], [133.862921, 35.454976], [133.863072, 35.455173]]]}, "properties": {"A27_001": "31203", "A27_002": "倉吉市立", "A27_003": "B131210000478", "A27_004": "河北小学校", "A27_005": "倉吉市海田西町1-130"}}, {"type": "Feature", "geometry": {"type": "Polygon", "coordinates": [[[133.887477, 35.423455], [133.887434, 35.427254], [133.882168, 35.43017], [133.881244, 35.432547], [133.870834, 35.435177], [133.867772, 35.440646], [133.865083, 35.440408], [133.860494, 35.443167], [133.863072, 35.455173], [133.852839, 35.451608], [133.852834, 35.449716], [133.849367, 35.449458], [133.849389, 35.451528], [133.846721, 35.451437], [133.844936, 35.446706], [133.84169, 35.446781], [133.846216, 35.439664], [133.851102, 35.420695], [133.85569, 35.41531], [133.857342, 35.409519], [133.85974, 35.410056], [133.861094, 35.414111], [133.863985, 35.415296], [133.866968, 35.421802], [133.874823, 35.419181], [133.883715, 35.423414], [133.887424, 35.423455], [133.887477, 35.423455]]]}, "properties": {"A27_001": "31203", "A27_002": "倉吉市立", "A27_003": "B131210000469", "A27_004": "西郷小学校", "A27_005": "倉吉市下余戸114"}}, {"type": "Feature", "geometry": {"type": "Polygon", "coordinates": [[[133.381882, 35.387429], [133.382486, 35.388403], [133.38447, 35.385255], [133.388694, 35.383416], [133.389464, 35.385127], [133.386225, 35.386386], [133.387479, 35.392249], [133.390434, 35.393116], [133.389312, 35.396876], [133.397815, 35.394722], [133.39712, 35.397155], [133.392638, 35.401192], [133.376719, 35.407554], [133.368619, 35.414651], [133.366644, 35.419112], [133.364117, 35.419065], [133.362066, 35.415181], [133.363839, 35.411115], [133.361241, 35.41137], [133.363033, 35.410016], [133.363716, 35.404848], [133.36434, 35.406565], [133.365023, 35.404472], [133.366563, 35.404398], [133.365586, 35.402199], [133.366654, 35.401314], [133.364544, 35.400835], [133.372069, 35.398449], [133.374927, 35.395473], [133.372837, 35.392523], [133.381525, 35.38762], [133.381882, 35.387429]]]}, "properties": {"A27_001": "31202", "A27_002": "米子市立", "A27_003": "B131210000450", "A27_004": "五千石小学校", "A27_005": "米子市諏訪1695"}}, {"type": "Feature", "geometry": {"type": "Polygon", "coordinates": [[[133.316562, 35.449204], [133.314591, 35.449986], [133.315908, 35.452665], [133.312266, 35.457002], [133.310788, 35.464349], [133.308563, 35.466844], [133.294807, 35.452092], [133.301631, 35.447659], [133.307715, 35.452654], [133.316188, 35.448656], [133.316562, 35.449204]]]}, "properties": {"A27_001": "31202", "A27_002": "米子市立", "A27_003": "B131210000441", "A27_004": "河崎小学校", "A27_005": "米子市河崎2677"}}, {"type": "Feature", "geometry": {"type": "Polygon", "coordinates": [[[133.354214, 35.460798], [133.341117, 35.463089], [133.336067, 35.456914], [133.33634, 35.448507], [133.343319, 35.446135], [133.346353, 35.453879], [133.352071, 35.452485], [133.354191, 35.460635], [133.354214, 35.460798]]]}, "properties": {"A27_001": "31202", "A27_002": "米子市立", "A27_003": "B131210000432", "A27_004": "福米西小学校", "A27_005": "米子市西福原8-16-62"}}, {"type": "Feature", "geometry": {"type": "Polygon", "coordinates": [[[133.400023, 35.403955], [133.402032, 35.404194], [133.403287, 35.397639], [133.415006, 35.389546], [133.419318, 35.388589], [133.420817, 35.390138], [133.429941, 35.391682], [133.440436, 35.390378], [133.445369, 35.39238], [133.44676, 35.39462], [133.441835, 35.414563], [133.45225, 35.41672], [133.440049, 35.420835], [133.43292, 35.425657], [133.428898, 35.425746], [133.424562, 35.432592], [133.417265, 35.42691], [133.414404, 35.429802], [133.414358, 35.437192], [133.410522, 35.437308], [133.410609, 35.432102], [133.407976, 35.431215], [133.40608, 35.434054], [133.403816, 35.431661], [133.40334, 35.436736], [133.39903, 35.436513], [133.398811, 35.430958], [133.402435, 35.418715], [133.401262, 35.415087], [133.400068, 35.41766], [133.400491, 35.413247], [133.397948, 35.414894], [133.396924, 35.413774], [133.397366, 35.407051], [133.400024, 35.404097], [133.400023, 35.403955]]]}, "properties": {"A27_001": "31202", "A27_002": "米子市立", "A27_003": "B131210000423", "A27_004": "伯仙小学校", "A27_005": "米子市尾高418-1"}}, {"type": "Feature", "geometry": {"type": "Polygon", "coordinates": [[[133.321629, 35.40031], [133.319841, 35.39931], [133.32123, 35.395747], [133.315303, 35.391974], [133.313567, 35.387346], [133.315886, 35.386983], [133.315601, 35.385625], [133.319024, 35.383492], [133.323699, 35.377424], [133.323674, 35.374949], [133.326541, 35.374087], [133.329747, 35.375469], [133.335249, 35.382074], [133.338541, 35.382674], [133.339249, 35.385319], [133.341557, 35.3853], [133.345907, 35.391133], [133.350806, 35.393101], [133.351338, 35.395005], [133.355282, 35.394834], [133.355623, 35.400721], [133.358971, 35.400556], [133.357014, 35.40156], [133.356559, 35.404415], [133.359202, 35.404283], [133.359479, 35.40805], [133.361619, 35.407945], [133.361241, 35.41137], [133.363839, 35.411115], [133.363652, 35.413177], [133.360729, 35.416195], [133.356925, 35.414319], [133.353034, 35.418017], [133.347879, 35.415781], [133.346731, 35.422862], [133.344937, 35.423447], [133.340781, 35.419139], [133.343627, 35.414199], [133.340359, 35.41282], [133.337469, 35.408879], [133.336147, 35.403842], [133.334209, 35.402538], [133.335127, 35.401272], [133.330985, 35.398623], [133.329498, 35.399627], [133.325848, 35.398142], [133.321664, 35.400304], [133.321629, 35.40031]]]}, "properties": {"A27_001": "31202", "A27_002": "米子市立", "A27_003": "B131210000414", "A27_004": "成実小学校", "A27_005": "米子市奈喜良81"}}, {"type": "Feature", "geometry": {"type": "Polygon", "coordinates": [[[133.36178, 35.411009], [133.361619, 35.407945], [133.359479, 35.40805], [133.359202, 35.404283], [133.356559, 35.404415], [133.357014, 35.40156], [133.358971, 35.400556], [133.355623, 35.400721], [133.355282, 35.394834], [133.351338, 35.395005], [133.350806, 35.393101], [133.3431, 35.38863], [133.347493, 35.385325], [133.351761, 35.388134], [133.351749, 35.384998], [133.355761, 35.386311], [133.356677, 35.383169], [133.359266, 35.381381], [133.369629, 35.378795], [133.374646, 35.378545], [133.380456, 35.381075], [133.381882, 35.387429], [133.372837, 35.392523], [133.374927, 35.395473], [133.372069, 35.398449], [133.364544, 35.400835], [133.366654, 35.401314], [133.365586, 35.402199], [133.366563, 35.404398], [133.365023, 35.404472], [133.36434, 35.406565], [133.363716, 35.404848], [133.362269, 35.4107], [133.36178, 35.411009]]]}, "properties": {"A27_001": "31202", "A27_002": "米子市立", "A27_003": "B131210000405", "A27_004": "尚徳小学校", "A27_005": "米子市榎原1897"}}, {"type": "Feature", "geometry": {"type": "Polygon", "coordinates": [[[133.39874, 35.43279], [133.393016, 35.433496], [133.392735, 35.436356], [133.390617, 35.438404], [133.394048, 35.4536], [133.392929, 35.454026], [133.391549, 35.453571], [133.390452, 35.445829], [133.386586, 35.441494], [133.386902, 35.439064], [133.384119, 35.43863], [133.385481, 35.435766], [133.384524, 35.431995], [133.379817, 35.429989], [133.377136, 35.430564], [133.376451, 35.433902], [133.374949, 35.432082], [133.367317, 35.434426], [133.366053, 35.427685], [133.366644, 35.419112], [133.369174, 35.414101], [133.376719, 35.407554], [133.392638, 35.401192], [133.39712, 35.397155], [133.396145, 35.399066], [133.398152, 35.4021], [133.399783, 35.402004], [133.400064, 35.40524], [133.397366, 35.407051], [133.396924, 35.413774], [133.397948, 35.414894], [133.400491, 35.413247], [133.400068, 35.41766], [133.401262, 35.415087], [133.402447, 35.41829], [133.398752, 35.432745], [133.39874, 35.43279]]]}, "properties": {"A27_001": "31202", "A27_002": "米子市立", "A27_003": "B131210000398", "A27_004": "箕蚊屋小学校", "A27_005": "米子市下新印204-2"}}, {"type": "Feature", "geometry": {"type": "Polygon", "coordinates": [[[133.310724, 35.47041], [133.28105, 35.48543], [133.266984, 35.475492], [133.274144, 35.467484], [133.278054, 35.466988], [133.295813, 35.452845], [133.310309, 35.469756], [133.310724, 35.47041]]]}, "properties": {"A27_001": "31202", "A27_002": "米子市立", "A27_003": "B131210000389", "A27_004": "弓ヶ浜小学校", "A27_005": "米子市富益町1194"}}, {"type": "Feature", "geometry": {"type": "Polygon", "coordinates": [[[133.28105, 35.48543], [133.269405, 35.493727], [133.258058, 35.486858], [133.259286, 35.483574], [133.257011, 35.481914], [133.259672, 35.479295], [133.268108, 35.475895], [133.28032, 35.48477], [133.28105, 35.48543]]]}, "properties": {"A27_001": "31202", "A27_002": "米子市立", "A27_003": "B131210000370", "A27_004": "和田小学校", "A27_005": "米子市和田町3271"}}, {"type": "Feature", "geometry": {"type": "Polygon", "coordinates": [[[133.262088, 35.50062], [133.256094, 35.497313], [133.253967, 35.498065], [133.2456, 35.494748], [133.236345, 35.486026], [133.245782, 35.487615], [133.255858, 35.481059], [133.259286, 35.483574], [133.258058, 35.486858], [133.269405, 35.493727], [133.262286, 35.500427], [133.262088, 35.50062]]]}, "properties": {"A27_001": "31202", "A27_002": "米子市立", "A27_003": "B131210000361", "A27_004": "大篠津小学校", "A27_005": "米子市大篠津町190"}}, {"type": "Feature", "geometry": {"type": "Polygon", "coordinates": [[[133.263271, 35.45999], [133.278372, 35.466671], [133.275717, 35.468275], [133.274144, 35.467484], [133.266226, 35.477113], [133.259672, 35.479295], [133.257011, 35.481914], [133.25356, 35.481365], [133.245782, 35.487615], [133.238526, 35.485914], [133.242237, 35.482869], [133.239684, 35.480999], [133.240232, 35.4791], [133.246911, 35.47317], [133.24861, 35.474655], [133.248402, 35.476975], [133.250939, 35.474119], [133.247941, 35.472372], [133.257106, 35.467294], [133.257223, 35.465476], [133.26297, 35.460265], [133.263271, 35.45999]]]}, "properties": {"A27_001": "31202", "A27_002": "米子市立", "A27_003": "B131210000352", "A27_004": "崎津小学校", "A27_005": "米子市大崎3244"}}, {"type": "Feature", "geometry": {"type": "Polygon", "coordinates": [[[133.299904, 35.438438], [133.298581, 35.438896], [133.300767, 35.440678], [133.301515, 35.442897], [133.300003, 35.443698], [133.302408, 35.448037], [133.296025, 35.451069], [133.290909, 35.457901], [133.277996, 35.466112], [133.263271, 35.45999], [133.26031, 35.453499], [133.26252, 35.452019], [133.272022, 35.446012], [133.299328, 35.436784], [133.299904, 35.438438]]]}, "properties": {"A27_001": "31202", "A27_002": "米子市立", "A27_003": "B131210000343", "A27_004": "彦名小学校", "A27_005": "米子市彦名町4500-2"}}, {"type": "Feature", "geometry": {"type": "Polygon", "coordinates": [[[133.315502, 35.431908], [133.317597, 35.434446], [133.314969, 35.436147], [133.31828, 35.442641], [133.318424, 35.441331], [133.321909, 35.441249], [133.320714, 35.445724], [133.322106, 35.447058], [133.316562, 35.449204], [133.315494, 35.447867], [133.313732, 35.450326], [133.307715, 35.452654], [133.306588, 35.450942], [133.305142, 35.451681], [133.298581, 35.438896], [133.307191, 35.434955], [133.307896, 35.437032], [133.3053, 35.438327], [133.313073, 35.436559], [133.308368, 35.436743], [133.307482, 35.434872], [133.315205, 35.432047], [133.315502, 35.431908]]]}, "properties": {"A27_001": "31202", "A27_002": "米子市立", "A27_003": "B131210000334", "A27_004": "住吉小学校", "A27_005": "米子市旗ヶ崎5-17-1"}}, {"type": "Feature", "geometry": {"type": "Polygon", "coordinates": [[[133.341271, 35.462358], [133.322568, 35.466172], [133.311087, 35.470797], [133.308563, 35.466844], [133.310788, 35.464349], [133.312266, 35.457002], [133.315908, 35.452665], [133.314591, 35.449986], [133.325844, 35.445582], [133.328692, 35.451105], [133.33634, 35.448507], [133.336067, 35.456914], [133.341253, 35.462275], [133.341271, 35.462358]]]}, "properties": {"A27_001": "31202", "A27_002": "米子市立", "A27_003": "B131210000325", "A27_004": "加茂小学校", "A27_005": "米子市両三柳4610"}}, {"type": "Feature", "geometry": {"type": "Polygon", "coordinates": [[[133.352071, 35.452485], [133.346353, 35.453879], [133.343319, 35.446135], [133.328692, 35.451105], [133.325844, 35.445582], [133.3318, 35.442395], [133.332814, 35.443784], [133.348487, 35.434908], [133.351667, 35.451327], [133.352071, 35.452485]]]}, "properties": {"A27_001": "31202", "A27_002": "米子市立", "A27_003": "B131210000316", "A27_004": "福米東小学校", "A27_005": "米子市東福原5-7-1"}}, {"type": "Feature", "geometry": {"type": "Polygon", "coordinates": [[[134.213146, 35.36304], [134.210756, 35.360363], [134.204812, 35.360848], [134.201368, 35.359091], [134.200068, 35.360123], [134.196706, 35.357948], [134.192694, 35.359273], [134.182107, 35.354698], [134.18082, 35.351815], [134.182081, 35.351541], [134.182465, 35.34763], [134.180545, 35.346757], [134.180957, 35.342658], [134.179682, 35.339758], [134.172755, 35.334601], [134.169909, 35.323974], [134.157648, 35.325301], [134.154548, 35.321093], [134.150848, 35.321426], [134.143287, 35.31841], [134.131813, 35.319926], [134.122301, 35.317684], [134.109264, 35.318592], [134.10419, 35.310409], [134.097807, 35.305616], [134.097964, 35.303061], [134.100465, 35.300065], [134.102333, 35.300199], [134.104126, 35.294961], [134.114107, 35.288464], [134.113728, 35.285022], [134.115708, 35.283546], [134.127125, 35.280149], [134.131294, 35.280214], [134.1343, 35.283191], [134.13924, 35.279047], [134.139885, 35.281513], [134.148301, 35.281639], [134.148039, 35.277919], [134.157614, 35.27168], [134.16338, 35.274389], [134.166955, 35.273746], [134.189242, 35.279379], [134.197225, 35.279786], [134.199238, 35.287289], [134.207604, 35.289401], [134.208812, 35.292333], [134.213822, 35.294259], [134.219775, 35.301416], [134.223518, 35.297368], [134.235725, 35.296246], [134.23777, 35.298339], [134.239224, 35.296727], [134.24468, 35.298296], [134.249608, 35.295565], [134.253571, 35.297197], [134.256366, 35.302496], [134.26909, 35.306765], [134.270556, 35.309077], [134.269264, 35.312327], [134.262676, 35.312664], [134.257373, 35.315375], [134.254629, 35.320495], [134.254126, 35.327409], [134.248949, 35.326415], [134.245009, 35.3281], [134.238264, 35.344588], [134.238388, 35.347898], [134.242096, 35.354099], [134.234293, 35.360868], [134.234867, 35.363009], [134.232117, 35.368404], [134.228366, 35.367264], [134.227828, 35.364973], [134.223329, 35.361707], [134.213592, 35.362973], [134.213146, 35.36304]]]}, "properties": {"A27_001": "31201", "A27_002": "鳥取市立", "A27_003": "B131210000708", "A27_004": "用瀬小学校", "A27_005": "鳥取市用瀬町用瀬75-1"}}, {"type": "Feature", "geometry": {"type": "Polygon", "coordinates": [[[133.846635, 35.478431], [133.850047, 35.481742], [133.849448, 35.485045], [133.853394, 35.489928], [133.852029, 35.491421], [133.85491, 35.496531], [133.855532, 35.505036], [133.838695, 35.502907], [133.790713, 35.500795], [133.790041, 35.489108], [133.784511, 35.471818], [133.787958, 35.470609], [133.78495, 35.470259], [133.784227, 35.467986], [133.782662, 35.468659], [133.783527, 35.466511], [133.78711, 35.465871], [133.784269, 35.46382], [133.787683, 35.466698], [133.787462, 35.465182], [133.796604, 35.469895], [133.801398, 35.465731], [133.804243, 35.465204], [133.803969, 35.460596], [133.808911, 35.460256], [133.809602, 35.461451], [133.81092, 35.460965], [133.810276, 35.459314], [133.818491, 35.457891], [133.821223, 35.463466], [133.825741, 35.463785], [133.826603, 35.47222], [133.825388, 35.475541], [133.827562, 35.481395], [133.836073, 35.480005], [133.835283, 35.478264], [133.838725, 35.477266], [133.846019, 35.478363], [133.846635, 35.478431]]]}, "properties": {"A27_001": "31372", "A27_002": "北栄町立", "A27_003": "B131210000780", "A27_004": "北条小学校", "A27_005": "東伯郡北栄町国坂680"}}, {"type": "Feature", "geometry": {"type": "Polygon", "coordinates": [[[133.965203, 35.522907], [133.963342, 35.522739], [133.961867, 35.525281], [133.959761, 35.525715], [133.958815, 35.519116], [133.952283, 35.517352], [133.946783, 35.519339], [133.939574, 35.518473], [133.937961, 35.517214], [133.939899, 35.516526], [133.938824, 35.514982], [133.927298, 35.510512], [133.909348, 35.508567], [133.903572, 35.510297], [133.904336, 35.50581], [133.907649, 35.500665], [133.904931, 35.495841], [133.90752, 35.494091], [133.906631, 35.490719], [133.911191, 35.487949], [133.915996, 35.48881], [133.919051, 35.496163], [133.921931, 35.495258], [133.924622, 35.490955], [133.927902, 35.489137], [133.929379, 35.493491], [133.933707, 35.49457], [133.935301, 35.491193], [133.942203, 35.488278], [133.945821, 35.484082], [133.953831, 35.482024], [133.954234, 35.485482], [133.955875, 35.486034], [133.954219, 35.488493], [133.957088, 35.499097], [133.96413, 35.502786], [133.971104, 35.512498], [133.9706, 35.518255], [133.965201, 35.522859], [133.965203, 35.522907]]]}, "properties": {"A27_001": "31370", "A27_002": "湯梨浜町立", "A27_003": "B131210000771", "A27_004": "泊小学校", "A27_005": "東伯郡湯梨浜町泊280"}}, {"type": "Feature", "geometry": {"type": "Polygon", "coordinates": [[[134.013564, 35.529169], [134.013104, 35.531797], [134.007457, 35.537912], [134.004545, 35.535934], [134.003739, 35.532572], [133.999677, 35.530076], [134.002305, 35.530794], [134.002698, 35.529084], [133.999512, 35.524802], [133.994947, 35.523595], [133.991453, 35.525607], [133.989637, 35.523123], [133.985261, 35.522419], [133.982574, 35.525472], [133.980252, 35.522542], [133.973885, 35.523064], [133.97008, 35.521463], [133.965203, 35.522907], [133.9706, 35.518255], [133.971104, 35.512498], [133.968531, 35.510422], [133.969349, 35.50856], [133.967217, 35.505781], [133.956225, 35.497427], [133.954219, 35.488493], [133.955875, 35.486034], [133.954234, 35.485482], [133.951788, 35.47494], [133.946038, 35.461827], [133.948011, 35.455216], [133.952214, 35.454125], [133.953691, 35.450804], [133.951659, 35.450603], [133.949798, 35.44407], [133.947418, 35.441292], [133.9482, 35.436991], [133.951706, 35.435949], [133.949939, 35.430901], [133.951808, 35.427792], [133.963591, 35.427061], [133.965529, 35.424462], [133.970958, 35.422044], [133.978104, 35.425174], [133.982099, 35.425264], [133.988968, 35.420418], [133.993841, 35.423524], [134.001132, 35.422], [134.001419, 35.425028], [134.006766, 35.431577], [134.01696, 35.437459], [134.018366, 35.443134], [134.020191, 35.444307], [134.018912, 35.44845], [134.02126, 35.452763], [134.026149, 35.457182], [134.029393, 35.457037], [134.029445, 35.459469], [134.033466, 35.464658], [134.034039, 35.469891], [134.030378, 35.475478], [134.030559, 35.478771], [134.02865, 35.478843], [134.02689, 35.481491], [134.026801, 35.482959], [134.029181, 35.483601], [134.025647, 35.491044], [134.025753, 35.501558], [134.024119, 35.506246], [134.021532, 35.505914], [134.019038, 35.510732], [134.01474, 35.513381], [134.011805, 35.524932], [134.013696, 35.528891], [134.013564, 35.529169]]]}, "properties": {"A27_001": "31201", "A27_002": "鳥取市立", "A27_003": "B131210000762", "A27_004": "青谷小学校", "A27_005": "鳥取市青谷町青谷3459"}}, {"type": "Feature", "geometry": {"type": "Polygon", "coordinates": [[[134.020221, 35.446879], [134.023146, 35.452414], [134.028684, 35.455429], [134.030991, 35.455773], [134.032589, 35.453727], [134.036936, 35.45256], [134.044571, 35.457337], [134.048354, 35.472287], [134.048203, 35.474046], [134.045314, 35.474744], [134.043967, 35.477301], [134.042771, 35.485815], [134.045267, 35.492615], [134.045462, 35.503421], [134.036823, 35.504297], [134.02839, 35.499114], [134.025284, 35.499298], [134.025924, 35.489827], [134.029181, 35.483601], [134.026801, 35.482959], [134.02689, 35.481491], [134.02865, 35.478843], [134.030559, 35.478771], [134.030979, 35.474049], [134.033477, 35.472261], [134.033643, 35.465367], [134.029445, 35.459469], [134.029393, 35.457037], [134.026149, 35.457182], [134.02126, 35.452763], [134.018927, 35.448558], [134.020099, 35.446836], [134.020221, 35.446879]]]}, "properties": {"A27_001": "31201", "A27_002": "鳥取市立", "A27_003": "B131210000753", "A27_004": "逢坂小学校", "A27_005": "鳥取市気高町山宮369-2"}}, {"type": "Feature", "geometry": {"type": "Polygon", "coordinates": [[[134.062735, 35.519611], [134.038062, 35.518515], [134.022411, 35.519709], [134.020276, 35.520748], [134.02132, 35.522579], [134.019984, 35.520936], [134.017484, 35.522227], [134.018018, 35.524674], [134.015175, 35.529883], [134.011805, 35.524932], [134.014861, 35.513109], [134.019038, 35.510732], [134.021532, 35.505914], [134.024021, 35.506372], [134.025284, 35.499298], [134.026826, 35.498874], [134.036823, 35.504297], [134.045462, 35.503421], [134.045186, 35.501133], [134.047648, 35.502272], [134.045924, 35.501201], [134.047218, 35.501177], [134.045221, 35.498844], [134.046193, 35.497579], [134.047886, 35.500557], [134.051505, 35.500251], [134.051691, 35.501701], [134.055124, 35.50203], [134.056209, 35.505414], [134.059635, 35.505355], [134.05998, 35.511789], [134.062708, 35.519566], [134.062735, 35.519611]]]}, "properties": {"A27_001": "31201", "A27_002": "鳥取市立", "A27_003": "B131210000744", "A27_004": "浜村小学校", "A27_005": "鳥取市気高町八幡382-3"}}, {"type": "Feature", "geometry": {"type": "Polygon", "coordinates": [[[134.06634, 35.519844], [134.062735, 35.519611], [134.059505, 35.508719], [134.059798, 35.500799], [134.058121, 35.495181], [134.062258, 35.492748], [134.057085, 35.470475], [134.058952, 35.464757], [134.063783, 35.468127], [134.067894, 35.473975], [134.071714, 35.470849], [134.071755, 35.484302], [134.079039, 35.513179], [134.07772, 35.515297], [134.071593, 35.516611], [134.066362, 35.519825], [134.06634, 35.519844]]]}, "properties": {"A27_001": "31201", "A27_002": "鳥取市立", "A27_003": "B131210000735", "A27_004": "瑞穂小学校", "A27_005": "鳥取市気高町下坂本48"}}, {"type": "Feature", "geometry": {"type": "Polygon", "coordinates": [[[134.101317, 35.526827], [134.095451, 35.524187], [134.089618, 35.525809], [134.087334, 35.524089], [134.086692, 35.525597], [134.085123, 35.524459], [134.082444, 35.525264], [134.078644, 35.521598], [134.06634, 35.519844], [134.079043, 35.513805], [134.071755, 35.484302], [134.071714, 35.470849], [134.079332, 35.472438], [134.083755, 35.470489], [134.089081, 35.470448], [134.089294, 35.47789], [134.093887, 35.487598], [134.097361, 35.491173], [134.096675, 35.498533], [134.099857, 35.503149], [134.09716, 35.510871], [134.100049, 35.517962], [134.099985, 35.52467], [134.101301, 35.526788], [134.101317, 35.526827]]]}, "properties": {"A27_001": "31201", "A27_002": "鳥取市立", "A27_003": "B131210000726", "A27_004": "宝木小学校", "A27_005": "鳥取市気高町宝木989"}}, {"type": "Feature", "geometry": {"type": "Polygon", "coordinates": [[[134.014806, 35.350391], [134.015845, 35.34612], [134.010822, 35.340396], [134.01143, 35.337775], [134.015509, 35.334078], [134.011908, 35.329797], [134.00418, 35.325323], [133.999528, 35.314589], [134.012269, 35.306784], [134.021695, 35.305569], [134.028241, 35.30782], [134.030312, 35.305306], [134.04232, 35.303672], [134.04813, 35.29848], [134.052046, 35.298091], [134.054746, 35.298197], [134.062199, 35.303043], [134.070216, 35.297274], [134.070661, 35.299259], [134.075159, 35.302613], [134.08404, 35.302782], [134.086423, 35.307412], [134.091525, 35.305218], [134.094031, 35.306492], [134.097807, 35.305616], [134.10419, 35.310409], [134.109264, 35.318592], [134.122301, 35.317684], [134.131813, 35.319926], [134.143287, 35.31841], [134.150848, 35.321426], [134.154548, 35.321093], [134.157648, 35.325301], [134.169909, 35.323974], [134.172755, 35.334601], [134.179682, 35.339758], [134.180545, 35.346757], [134.182465, 35.34763], [134.182081, 35.351541], [134.17962, 35.35254], [134.175545, 35.353165], [134.165409, 35.34969], [134.15526, 35.354364], [134.152072, 35.354172], [134.14681, 35.358963], [134.141798, 35.357813], [134.136161, 35.352247], [134.126099, 35.349564], [134.120262, 35.354221], [134.116912, 35.353554], [134.11095, 35.359662], [134.104088, 35.359287], [134.102763, 35.357795], [134.093339, 35.362194], [134.087265, 35.35817], [134.077341, 35.355836], [134.072654, 35.357569], [134.066267, 35.354311], [134.061193, 35.356702], [134.05793, 35.362177], [134.052243, 35.363293], [134.050094, 35.369101], [134.041551, 35.373656], [134.037878, 35.372329], [134.032978, 35.366096], [134.028497, 35.369026], [134.02427, 35.368405], [134.024051, 35.364225], [134.019005, 35.363685], [134.017765, 35.361086], [134.01984, 35.355959], [134.014816, 35.350405], [134.014806, 35.350391]]]}, "properties": {"A27_001": "31201", "A27_002": "鳥取市立", "A27_003": "B131210000717", "A27_004": "佐治小学校", "A27_005": "鳥取市佐治町福園41"}}, {"type": "Feature", "geometry": {"type": "Polygon", "coordinates": [[[134.354133, 35.307261], [134.359033, 35.305593], [134.36054, 35.300229], [134.369165, 35.294938], [134.375946, 35.296126], [134.383553, 35.291946], [134.382144, 35.286449], [134.387621, 35.278599], [134.386958, 35.264433], [134.385503, 35.261021], [134.387709, 35.259153], [134.385253, 35.253324], [134.380829, 35.251061], [134.381383, 35.248853], [134.393467, 35.25262], [134.398002, 35.250253], [134.401585, 35.246061], [134.402814, 35.241024], [134.422847, 35.237166], [134.427317, 35.231661], [134.42951, 35.232021], [134.434966, 35.229195], [134.440345, 35.231661], [134.444039, 35.236841], [134.447766, 35.23792], [134.463472, 35.236823], [134.461767, 35.244029], [134.468359, 35.246294], [134.47138, 35.249296], [134.477459, 35.249479], [134.482209, 35.254234], [134.483506, 35.260144], [134.486393, 35.262737], [134.490013, 35.261401], [134.495087, 35.266851], [134.501364, 35.268413], [134.504472, 35.271613], [134.515371, 35.277308], [134.512504, 35.282284], [134.5131, 35.286527], [134.509274, 35.294028], [134.511591, 35.299896], [134.511629, 35.305291], [134.514802, 35.307672], [134.503428, 35.318508], [134.504117, 35.321011], [134.501921, 35.326543], [134.504481, 35.337156], [134.50978, 35.343132], [134.510279, 35.350849], [134.512846, 35.351257], [134.513882, 35.35359], [134.504165, 35.359761], [134.502868, 35.365961], [134.488952, 35.367907], [134.482839, 35.373084], [134.474859, 35.374619], [134.471385, 35.380032], [134.474404, 35.386189], [134.47383, 35.391316], [134.47762, 35.395391], [134.477436, 35.400086], [134.48048, 35.403139], [134.479747, 35.406263], [134.481434, 35.410498], [134.476666, 35.414343], [134.478307, 35.421119], [134.475882, 35.42355], [134.479866, 35.424963], [134.480006, 35.427191], [134.472078, 35.429929], [134.469823, 35.433515], [134.465948, 35.433163], [134.465747, 35.435071], [134.462735, 35.436799], [134.452258, 35.436451], [134.448077, 35.438558], [134.446218, 35.441925], [134.440101, 35.442804], [134.440768, 35.43986], [134.446397, 35.434885], [134.447226, 35.432186], [134.444546, 35.423382], [134.445706, 35.418975], [134.443912, 35.412456], [134.438306, 35.408171], [134.436674, 35.400509], [134.434058, 35.396356], [134.430906, 35.395499], [134.426223, 35.391174], [134.407748, 35.387847], [134.406228, 35.384572], [134.397894, 35.37996], [134.39189, 35.380021], [134.388289, 35.377164], [134.391928, 35.372461], [134.388601, 35.368115], [134.387293, 35.363309], [134.390308, 35.355097], [134.388851, 35.354025], [134.387181, 35.355209], [134.386994, 35.353056], [134.378125, 35.361463], [134.374973, 35.361045], [134.373839, 35.356984], [134.375422, 35.342567], [134.364603, 35.337599], [134.35805, 35.337263], [134.358255, 35.333981], [134.36135, 35.331621], [134.359097, 35.326261], [134.359463, 35.319852], [134.354378, 35.313547], [134.355914, 35.31198], [134.354137, 35.307294], [134.354133, 35.307261]]]}, "properties": {"A27_001": "31325", "A27_002": "若桜町立", "A27_003": "B131210000691", "A27_004": "若桜学園", "A27_005": "八頭郡若桜町浅井289"}}, {"type": "Feature", "geometry": {"type": "Polygon", "coordinates": [[[134.187207, 35.385939], [134.166658, 35.370141], [134.155239, 35.368871], [134.14681, 35.358963], [134.152072, 35.354172], [134.165909, 35.34964], [134.175545, 35.353165], [134.180907, 35.351798], [134.192694, 35.359273], [134.212134, 35.360986], [134.21374, 35.374711], [134.197945, 35.38394], [134.201911, 35.39507], [134.199217, 35.393454], [134.191932, 35.398395], [134.184216, 35.394372], [134.185729, 35.390484], [134.187207, 35.385939]]]}, "properties": {"A27_001": "31201", "A27_002": "鳥取市立", "A27_003": "B131210000682", "A27_004": "散岐小学校", "A27_005": "鳥取市河原町佐貫761-5"}}, {"type": "Feature", "geometry": {"type": "Polygon", "coordinates": [[[134.157352, 35.401189], [134.152568, 35.398514], [134.151378, 35.395702], [134.147013, 35.39864], [134.137298, 35.395291], [134.134673, 35.392308], [134.133585, 35.394875], [134.126636, 35.393233], [134.125625, 35.395193], [134.117819, 35.397212], [134.107826, 35.39327], [134.074579, 35.395976], [134.065165, 35.388134], [134.064557, 35.385425], [134.053674, 35.386512], [134.048457, 35.385024], [134.044331, 35.379225], [134.046094, 35.3774], [134.042285, 35.377509], [134.041458, 35.373897], [134.050568, 35.368676], [134.052243, 35.363293], [134.05793, 35.362177], [134.061193, 35.356702], [134.066267, 35.354311], [134.072654, 35.357569], [134.077341, 35.355836], [134.087265, 35.35817], [134.093339, 35.362194], [134.102763, 35.357795], [134.11095, 35.359662], [134.116912, 35.353554], [134.119937, 35.354338], [134.125412, 35.349697], [134.130124, 35.349972], [134.136161, 35.352247], [134.141798, 35.357813], [134.14681, 35.358963], [134.155239, 35.368871], [134.166658, 35.370141], [134.177751, 35.377095], [134.180265, 35.380768], [134.178718, 35.38029], [134.175479, 35.38512], [134.170976, 35.386072], [134.168264, 35.389766], [134.161099, 35.389539], [134.156941, 35.397172], [134.157363, 35.401118], [134.157352, 35.401189]]]}, "properties": {"A27_001": "31201", "A27_002": "鳥取市立", "A27_003": "B131210000673", "A27_004": "西郷小学校", "A27_005": "鳥取市河原町牛戸14-1"}}, {"type": "Feature", "geometry": {"type": "Polygon", "coordinates": [[[134.22887, 35.391417], [134.218889, 35.397755], [134.218372, 35.401714], [134.215922, 35.403288], [134.216699, 35.409382], [134.214406, 35.412448], [134.226995, 35.414234], [134.229889, 35.416919], [134.224139, 35.427682], [134.220366, 35.43004], [134.217973, 35.427121], [134.21376, 35.426865], [134.212282, 35.431699], [134.202899, 35.429745], [134.203504, 35.423599], [134.199892, 35.422149], [134.192568, 35.422465], [134.19063, 35.418299], [134.185706, 35.414674], [134.172393, 35.408643], [134.168782, 35.404289], [134.158818, 35.402331], [134.156913, 35.398528], [134.161099, 35.389539], [134.168264, 35.389766], [134.171246, 35.385887], [134.175784, 35.384897], [134.178718, 35.38029], [134.187207, 35.385939], [134.197624, 35.385301], [134.200206, 35.381792], [134.21374, 35.374711], [134.213146, 35.36304], [134.223329, 35.361707], [134.231012, 35.368886], [134.233799, 35.378931], [134.232357, 35.381709], [134.235887, 35.386198], [134.23219, 35.391132], [134.228983, 35.391329], [134.22887, 35.391417]]]}, "properties": {"A27_001": "31201", "A27_002": "鳥取市立", "A27_003": "B131210000664", "A27_004": "河原第一小学校", "A27_005": "鳥取市河原町渡一木179-1"}}, {"type": "Feature", "geometry": {"type": "Polygon", "coordinates": [[[134.238933, 35.425778], [134.238159, 35.421116], [134.23059, 35.417876], [134.229823, 35.415506], [134.214406, 35.412448], [134.216699, 35.409382], [134.215922, 35.403288], [134.218372, 35.401714], [134.218889, 35.397755], [134.225415, 35.393198], [134.22887, 35.391417], [134.230981, 35.393556], [134.226147, 35.393808], [134.227292, 35.39545], [134.229599, 35.395086], [134.228311, 35.396026], [134.229192, 35.398611], [134.240129, 35.399592], [134.250664, 35.39701], [134.256552, 35.399943], [134.264134, 35.399044], [134.264568, 35.394214], [134.266188, 35.392868], [134.268355, 35.393656], [134.279083, 35.388779], [134.282645, 35.383862], [134.289806, 35.379633], [134.296172, 35.381154], [134.300261, 35.384348], [134.310646, 35.38342], [134.313335, 35.384602], [134.313328, 35.389556], [134.310493, 35.393232], [134.300321, 35.39971], [134.281068, 35.408483], [134.282287, 35.41012], [134.281581, 35.412891], [134.277827, 35.41308], [134.270767, 35.41032], [134.260365, 35.417677], [134.259072, 35.416054], [134.255822, 35.418822], [134.2536, 35.418585], [134.252707, 35.416174], [134.246672, 35.421942], [134.239286, 35.425454], [134.238933, 35.425778]]]}, "properties": {"A27_001": "31329", "A27_002": "八頭町立", "A27_003": "B131210000655", "A27_004": "郡家西小学校", "A27_005": "八頭郡八頭町郡家541"}}, {"type": "Feature", "geometry": {"type": "Polygon", "coordinates": [[[134.438772, 35.438096], [134.430095, 35.436731], [134.427987, 35.434911], [134.422458, 35.436116], [134.415341, 35.433871], [134.408906, 35.436351], [134.408573, 35.43804], [134.3998, 35.440556], [134.384523, 35.435727], [134.380029, 35.440094], [134.377296, 35.431595], [134.372275, 35.43084], [134.365714, 35.427019], [134.363583, 35.427629], [134.363041, 35.426017], [134.351739, 35.425782], [134.349003, 35.424457], [134.340948, 35.430331], [134.333008, 35.428192], [134.325649, 35.429647], [134.314634, 35.43555], [134.312256, 35.439191], [134.30355, 35.440197], [134.296853, 35.44508], [134.289869, 35.443677], [134.288836, 35.441861], [134.285086, 35.443286], [134.282356, 35.442492], [134.276808, 35.450331], [134.274301, 35.449263], [134.272866, 35.443359], [134.26506, 35.440087], [134.262094, 35.431362], [134.258331, 35.431763], [134.249471, 35.428897], [134.244878, 35.429758], [134.238754, 35.426869], [134.250921, 35.418984], [134.252707, 35.416174], [134.2536, 35.418585], [134.255822, 35.418822], [134.259072, 35.416054], [134.260365, 35.417677], [134.270922, 35.410298], [134.277827, 35.41308], [134.281581, 35.412891], [134.282287, 35.41012], [134.281068, 35.408483], [134.301738, 35.398947], [134.311834, 35.391905], [134.313818, 35.387274], [134.312378, 35.385653], [134.313335, 35.384602], [134.310919, 35.383199], [134.316587, 35.385457], [134.322781, 35.386037], [134.330898, 35.384409], [134.337122, 35.385935], [134.340174, 35.379812], [134.345133, 35.378195], [134.345774, 35.373608], [134.352228, 35.37312], [134.358819, 35.377499], [134.357049, 35.379528], [134.358683, 35.381774], [134.36541, 35.385193], [134.365226, 35.391265], [134.370909, 35.393346], [134.37522, 35.398091], [134.383612, 35.397521], [134.40276, 35.404693], [134.407277, 35.408426], [134.412983, 35.408253], [134.415591, 35.413308], [134.419467, 35.414458], [134.420108, 35.421862], [134.436296, 35.431159], [134.438782, 35.437982], [134.438772, 35.438096]]]}, "properties": {"A27_001": "31329", "A27_002": "八頭町立", "A27_003": "B131210000646", "A27_004": "郡家東小学校", "A27_005": "八頭郡八頭町稲荷310"}}, {"type": "Feature", "geometry": {"type": "Polygon", "coordinates": [[[134.277462, 35.485021], [134.268582, 35.487799], [134.264974, 35.487202], [134.260169, 35.484555], [134.262391, 35.482146], [134.260377, 35.481221], [134.25746, 35.482886], [134.255058, 35.478893], [134.257063, 35.479462], [134.256366, 35.477583], [134.25853, 35.473838], [134.257082, 35.468119], [134.263788, 35.465931], [134.261217, 35.463545], [134.264422, 35.461754], [134.265862, 35.455275], [134.274358, 35.449311], [134.278276, 35.451955], [134.283448, 35.452483], [134.284583, 35.45499], [134.284864, 35.46753], [134.278969, 35.470358], [134.277807, 35.473212], [134.28861, 35.473945], [134.299497, 35.480771], [134.317527, 35.487747], [134.309155, 35.495351], [134.296519, 35.496783], [134.291606, 35.499533], [134.283948, 35.496672], [134.277536, 35.485039], [134.277462, 35.485021]]]}, "properties": {"A27_001": "31201", "A27_002": "鳥取市立", "A27_003": "B131210000637", "A27_004": "宮ノ下小学校", "A27_005": "鳥取市国府町宮下26"}}, {"type": "Feature", "geometry": {"type": "Polygon", "coordinates": [[[133.253313, 35.51694], [133.234318, 35.512015], [133.230722, 35.519545], [133.227307, 35.521076], [133.2291, 35.514408], [133.222659, 35.513019], [133.224946, 35.511656], [133.22637, 35.507913], [133.212761, 35.502082], [133.216454, 35.495287], [133.220766, 35.49229], [133.225634, 35.495927], [133.222893, 35.500001], [133.223908, 35.500567], [133.230005, 35.495593], [133.230679, 35.492341], [133.224583, 35.489899], [133.224681, 35.486648], [133.232399, 35.488973], [133.236345, 35.486026], [133.2456, 35.494748], [133.253967, 35.498065], [133.256094, 35.497313], [133.262088, 35.50062], [133.252894, 35.511857], [133.253413, 35.514916], [133.251487, 35.514384], [133.253094, 35.516859], [133.253313, 35.51694]]]}, "properties": {"A27_001": "31204", "A27_002": "境港市立", "A27_003": "B131210000628", "A27_004": "中浜小学校", "A27_005": "境港市麦垣町432"}}, {"type": "Feature", "geometry": {"type": "Polygon", "coordinates": [[[133.227307, 35.521076], [133.230722, 35.519545], [133.234318, 35.512015], [133.260627, 35.519641], [133.255896, 35.528081], [133.246382, 35.527698], [133.245114, 35.533395], [133.22232, 35.530986], [133.226403, 35.520969], [133.227307, 35.521076]]]}, "properties": {"A27_001": "31204", "A27_002": "境港市立", "A27_003": "B131210000619", "A27_004": "余子小学校", "A27_005": "境港市竹内町3117"}}, {"type": "Feature", "geometry": {"type": "Polygon", "coordinates": [[[133.221772, 35.535797], [133.221239, 35.532926], [133.224088, 35.530776], [133.247358, 35.535492], [133.243067, 35.536598], [133.244321, 35.542265], [133.235628, 35.543481], [133.235754, 35.54051], [133.223789, 35.538044], [133.222725, 35.53592], [133.221772, 35.535797]]]}, "properties": {"A27_001": "31204", "A27_002": "境港市立", "A27_003": "B131210000600", "A27_004": "上道小学校", "A27_005": "境港市上道町3026"}}, {"type": "Feature", "geometry": {"type": "Polygon", "coordinates": [[[133.217034, 35.542406], [133.217413, 35.540815], [133.21901, 35.541614], [133.22119, 35.535687], [133.223789, 35.538044], [133.226057, 35.537477], [133.229263, 35.538463], [133.229233, 35.539719], [133.235754, 35.54051], [133.235628, 35.543481], [133.244321, 35.542265], [133.243067, 35.536598], [133.25044, 35.537182], [133.260452, 35.54399], [133.265502, 35.550665], [133.267973, 35.54992], [133.2721, 35.552464], [133.2589, 35.550359], [133.249933, 35.546379], [133.248073, 35.546319], [133.248056, 35.54804], [133.245883, 35.546123], [133.244679, 35.5481], [133.226987, 35.547585], [133.217362, 35.542633], [133.217034, 35.542406]]]}, "properties": {"A27_001": "31204", "A27_002": "境港市立", "A27_003": "B131210000593", "A27_004": "境小学校", "A27_005": "境港市湊町27"}}, {"type": "Feature", "geometry": {"type": "Polygon", "coordinates": [[[133.19991, 35.524328], [133.208322, 35.524775], [133.210436, 35.523255], [133.215423, 35.525571], [133.216066, 35.524056], [133.21866, 35.524818], [133.217426, 35.528915], [133.221098, 35.529766], [133.222077, 35.526847], [133.223859, 35.527288], [133.21901, 35.541614], [133.217413, 35.540815], [133.21689, 35.542622], [133.212019, 35.538254], [133.203121, 35.534258], [133.204107, 35.531903], [133.202744, 35.533867], [133.203518, 35.531656], [133.198429, 35.529056], [133.199792, 35.524562], [133.19991, 35.524328]]]}, "properties": {"A27_001": "31204", "A27_002": "境港市立", "A27_003": "B131210000584", "A27_004": "外江小学校", "A27_005": "境港市外江町2105"}}, {"type": "Feature", "geometry": {"type": "Polygon", "coordinates": [[[133.19991, 35.524328], [133.205349, 35.515052], [133.207878, 35.5154], [133.209147, 35.51453], [133.206864, 35.513629], [133.211845, 35.511008], [133.207928, 35.511102], [133.212761, 35.502082], [133.22637, 35.507913], [133.222659, 35.513019], [133.2291, 35.514408], [133.228289, 35.518126], [133.224864, 35.526233], [133.222077, 35.526847], [133.221098, 35.529766], [133.217426, 35.528915], [133.21866, 35.524818], [133.214762, 35.525553], [133.209901, 35.52322], [133.203156, 35.524463], [133.19991, 35.524328]]]}, "properties": {"A27_001": "31204", "A27_002": "境港市立", "A27_003": "B131210000575", "A27_004": "渡小学校", "A27_005": "境港市渡町901"}}, {"type": "Feature", "geometry": {"type": "Polygon", "coordinates": [[[133.818491, 35.457891], [133.810276, 35.459314], [133.809602, 35.461451], [133.803969, 35.460596], [133.804243, 35.465204], [133.796604, 35.469895], [133.791174, 35.46759], [133.784666, 35.463298], [133.786743, 35.459231], [133.785542, 35.45606], [133.789335, 35.453392], [133.787899, 35.451169], [133.777845, 35.446469], [133.778978, 35.449362], [133.772003, 35.447671], [133.769604, 35.443995], [133.759899, 35.440934], [133.762934, 35.43035], [133.769472, 35.429204], [133.77565, 35.425204], [133.771379, 35.423475], [133.775965, 35.420138], [133.775976, 35.415532], [133.778994, 35.415587], [133.782494, 35.412075], [133.785811, 35.415229], [133.791318, 35.416621], [133.796035, 35.421824], [133.794595, 35.422925], [133.797237, 35.422142], [133.800811, 35.424181], [133.80338, 35.429128], [133.7998, 35.431658], [133.804035, 35.430988], [133.805907, 35.434231], [133.802852, 35.436924], [133.811362, 35.43928], [133.819961, 35.437862], [133.822683, 35.442909], [133.826941, 35.443585], [133.824286, 35.449634], [133.8207, 35.452422], [133.822186, 35.454374], [133.81867, 35.457591], [133.818491, 35.457891]]]}, "properties": {"A27_001": "31203", "A27_002": "倉吉市立", "A27_003": "B131210000557", "A27_004": "社小学校", "A27_005": "倉吉市国分寺88"}}, {"type": "Feature", "geometry": {"type": "Polygon", "coordinates": [[[133.479427, 35.471316], [133.485652, 35.466706], [133.497029, 35.463974], [133.523932, 35.447138], [133.537454, 35.440859], [133.545271, 35.439723], [133.5559, 35.432511], [133.553512, 35.441794], [133.5494, 35.448127], [133.545849, 35.459123], [133.548687, 35.46995], [133.546311, 35.482208], [133.547363, 35.501872], [133.543971, 35.522029], [133.541312, 35.521433], [133.535915, 35.524018], [133.531104, 35.519527], [133.522814, 35.519408], [133.519496, 35.52082], [133.516212, 35.517794], [133.50972, 35.515952], [133.497747, 35.515799], [133.490477, 35.508296], [133.472125, 35.498893], [133.458467, 35.49825], [133.473903, 35.481672], [133.477933, 35.472962], [133.479427, 35.471316]]]}, "properties": {"A27_001": "31386", "A27_002": "大山町立", "A27_003": "B131210000922", "A27_004": "名和小学校", "A27_005": "西伯郡大山町名和610"}}, {"type": "Feature", "geometry": {"type": "Polygon", "coordinates": [[[133.578385, 35.379307], [133.569187, 35.383242], [133.565625, 35.38715], [133.56345, 35.386816], [133.565475, 35.390591], [133.558912, 35.397865], [133.558753, 35.415227], [133.555212, 35.423195], [133.565214, 35.425952], [133.565309, 35.429709], [133.561168, 35.43197], [133.554775, 35.43247], [133.552598, 35.435461], [133.545271, 35.439723], [133.537454, 35.440859], [133.523932, 35.447138], [133.497029, 35.463974], [133.485652, 35.466706], [133.479427, 35.471316], [133.474833, 35.466261], [133.474183, 35.45909], [133.467712, 35.454675], [133.465565, 35.455104], [133.460996, 35.461298], [133.45458, 35.461323], [133.455326, 35.45647], [133.459154, 35.451716], [133.458305, 35.447264], [133.464291, 35.447747], [133.465189, 35.445137], [133.47121, 35.439965], [133.474337, 35.440396], [133.480246, 35.437202], [133.47968, 35.429659], [133.468721, 35.422802], [133.467597, 35.417519], [133.46581, 35.415988], [133.451125, 35.416575], [133.441835, 35.414563], [133.445677, 35.397765], [133.449653, 35.396342], [133.470612, 35.399072], [133.477365, 35.397443], [133.491139, 35.400143], [133.516325, 35.396207], [133.515624, 35.393231], [133.52365, 35.387029], [133.520825, 35.384822], [133.524819, 35.382845], [133.522687, 35.379313], [133.521117, 35.369961], [133.526199, 35.361079], [133.528684, 35.358612], [133.536929, 35.355339], [133.542591, 35.349551], [133.54527, 35.352674], [133.545081, 35.350101], [133.549438, 35.347694], [133.549408, 35.345989], [133.552954, 35.356212], [133.556129, 35.356581], [133.558866, 35.363327], [133.560843, 35.381052], [133.578415, 35.379281], [133.578385, 35.379307]]]}, "properties": {"A27_001": "31386", "A27_002": "大山町立", "A27_003": "B131210000913", "A27_004": "大山小学校", "A27_005": "西伯郡大山町佐摩340"}}, {"type": "Feature", "geometry": {"type": "Polygon", "coordinates": [[[133.458467, 35.49825], [133.44712, 35.494768], [133.443727, 35.491212], [133.442757, 35.487376], [133.431814, 35.480963], [133.434539, 35.478414], [133.429267, 35.469898], [133.434596, 35.468754], [133.434024, 35.459621], [133.441785, 35.459742], [133.442131, 35.462496], [133.445909, 35.461192], [133.460996, 35.461298], [133.465565, 35.455104], [133.467712, 35.454675], [133.474183, 35.45909], [133.474833, 35.466261], [133.479427, 35.471316], [133.473903, 35.481672], [133.458478, 35.498227], [133.458467, 35.49825]]]}, "properties": {"A27_001": "31386", "A27_002": "大山町立", "A27_003": "B131210000904", "A27_004": "大山西小学校", "A27_005": "西伯郡大山町末長81-1"}}, {"type": "Feature", "geometry": {"type": "Polygon", "coordinates": [[[133.818491, 35.457891], [133.822186, 35.454374], [133.8207, 35.452422], [133.824286, 35.449634], [133.824037, 35.447192], [133.83065, 35.448641], [133.834546, 35.453487], [133.840545, 35.449902], [133.841244, 35.465707], [133.846019, 35.478363], [133.838725, 35.477266], [133.835283, 35.478264], [133.836073, 35.480005], [133.827562, 35.481395], [133.825388, 35.475541], [133.825741, 35.463785], [133.821223, 35.463466], [133.818658, 35.45796], [133.818491, 35.457891]]]}, "properties": {"A27_001": "31203", "A27_002": "倉吉市立", "A27_003": "B131210000995", "A27_004": "上北条小学校", "A27_005": "倉吉市新田405-1"}}, {"type": "Feature", "geometry": {"type": "Polygon", "coordinates": [[[133.366844, 35.458975], [133.354214, 35.460798], [133.35036, 35.445857], [133.357587, 35.451422], [133.36519, 35.449599], [133.366827, 35.45875], [133.366844, 35.458975]]]}, "properties": {"A27_001": "31202", "A27_002": "米子市立", "A27_003": "B131210000986", "A27_004": "福生西小学校", "A27_005": "米子市上福原5-4-1"}}, {"type": "Feature", "geometry": {"type": "Polygon", "coordinates": [[[134.184372, 35.524453], [134.173565, 35.528355], [134.170588, 35.526668], [134.151443, 35.529355], [134.152561, 35.523244], [134.157103, 35.522895], [134.157873, 35.520954], [134.166932, 35.520174], [134.166769, 35.516728], [134.164859, 35.516917], [134.164029, 35.515259], [134.16969, 35.515101], [134.171779, 35.518464], [134.174731, 35.517462], [134.174955, 35.518694], [134.179367, 35.519151], [134.183848, 35.521811], [134.184259, 35.5243], [134.184372, 35.524453]]]}, "properties": {"A27_001": "31201", "A27_002": "鳥取市立", "A27_003": "B131210000977", "A27_004": "湖山西小学校", "A27_005": "鳥取市湖山町西1-541"}}, {"type": "Feature", "geometry": {"type": "Polygon", "coordinates": [[[133.5559, 35.432511], [133.561168, 35.43197], [133.566169, 35.42783], [133.565214, 35.425952], [133.555212, 35.423195], [133.558753, 35.415227], [133.557962, 35.403423], [133.559562, 35.395726], [133.565475, 35.390591], [133.56345, 35.386816], [133.565625, 35.38715], [133.569187, 35.383242], [133.578385, 35.379307], [133.576572, 35.382271], [133.58275, 35.388664], [133.580842, 35.396182], [133.583845, 35.40212], [133.583801, 35.407879], [133.58188, 35.415842], [133.577155, 35.422003], [133.577198, 35.426616], [133.574764, 35.429742], [133.580782, 35.42973], [133.58138, 35.427286], [133.583566, 35.427321], [133.583799, 35.430816], [133.586478, 35.431389], [133.589355, 35.440039], [133.594114, 35.442884], [133.598579, 35.449182], [133.597356, 35.450327], [133.598507, 35.451484], [133.597938, 35.458672], [133.600023, 35.458541], [133.597544, 35.46646], [133.597587, 35.474504], [133.603168, 35.504511], [133.601443, 35.505519], [133.600826, 35.510197], [133.598309, 35.511411], [133.60665, 35.516966], [133.605431, 35.518862], [133.607627, 35.522287], [133.600402, 35.526399], [133.59419, 35.526986], [133.591121, 35.531335], [133.593658, 35.531275], [133.5664, 35.529694], [133.563907, 35.530659], [133.566007, 35.529711], [133.559439, 35.527338], [133.556894, 35.524138], [133.543971, 35.522029], [133.547363, 35.501872], [133.546311, 35.482208], [133.548687, 35.46995], [133.545849, 35.459123], [133.555875, 35.433078], [133.5559, 35.432511]]]}, "properties": {"A27_001": "31386", "A27_002": "大山町立", "A27_003": "B131210000968", "A27_004": "中山小学校", "A27_005": "西伯郡大山町下甲1022"}}, {"type": "Feature", "geometry": {"type": "Polygon", "coordinates": [[[133.41502563058393, 35.33363678805651], [133.40807541428208, 35.33180186447997], [133.41195031692314, 35.32453594924004], [133.40818827000587, 35.32006130967588], [133.39856419248818, 35.32193603442361], [133.39713922146095, 35.324735724485066], [133.39218978308597, 35.32165261061513], [133.38362818818516, 35.32251905970105], [133.3839908379063, 35.31465329341692], [133.37959169970597, 35.30638749483997], [133.38502929712513, 35.29466392114922], [133.38417943771444, 35.29163928044024], [133.38167976977138, 35.29063104064126], [133.38604228688462, 35.280665577723155], [133.38629250430776, 35.27475801738916], [133.38418043447595, 35.27138333377962], [133.36590777255324, 35.26615861197783], [133.35797857845014, 35.261167847828695], [133.36210219958386, 35.254258483504664], [133.36989872045697, 35.25232607768976], [133.36956314780628, 35.248135355570525], [133.3745983399712, 35.24542960019955], [133.37557472279727, 35.24020160781351], [133.38045703427238, 35.2349332379602], [133.39756016372078, 35.23832047125588], [133.39977228628976, 35.24022253653535], [133.3997874115754, 35.243976050909545], [133.40515751169437, 35.24915338626878], [133.41119916987836, 35.25169629006144], [133.4124042058319, 35.25454436534592], [133.4233282537857, 35.257372149678964], [133.43002593681538, 35.265234726739116], [133.44133181167643, 35.270981685712634], [133.44479517178752, 35.27079839790475], [133.44905193765834, 35.27913905766829], [133.4490822636432, 35.284936722502465], [133.44709861564763, 35.28910669936231], [133.44383317389975, 35.29091732744604], [133.4462696139865, 35.29664962317701], [133.44209857762732, 35.3043082376879], [133.43765377400462, 35.30738150111077], [133.43342208054275, 35.3146618564553], [133.41903865239647, 35.31981391976379], [133.41498536723293, 35.33343564157578], [133.41502563058393, 35.33363678805651]]]}, "properties": {"A27_001": "31390", "A27_002": "伯耆町立", "A27_003": "B131210000959", "A27_004": "二部小学校", "A27_005": "西伯郡伯耆町二部1617"}}, {"type": "Feature", "geometry": {"type": "Polygon", "coordinates": [[[133.666151, 35.507526], [133.660656, 35.509988], [133.656119, 35.509477], [133.657336, 35.510334], [133.655959, 35.510034], [133.655532, 35.511913], [133.658165, 35.512121], [133.649433, 35.513972], [133.648598, 35.515626], [133.643484, 35.514956], [133.633941, 35.519227], [133.626087, 35.519217], [133.62731, 35.513723], [133.629171, 35.514289], [133.62853, 35.507146], [133.634191, 35.509412], [133.634835, 35.507849], [133.635297, 35.506254], [133.632163, 35.505912], [133.632972, 35.50186], [133.636684, 35.506979], [133.640134, 35.505674], [133.641382, 35.497025], [133.639568, 35.492542], [133.642687, 35.488084], [133.642685, 35.48325], [133.6478, 35.481302], [133.659982, 35.49822], [133.660487, 35.501457], [133.662809, 35.501837], [133.666149, 35.507515], [133.666151, 35.507526]]]}, "properties": {"A27_001": "31371", "A27_002": "琴浦町立", "A27_003": "B131210000824", "A27_004": "赤碕小学校", "A27_005": "東伯郡琴浦町赤碕264"}}, {"type": "Feature", "geometry": {"type": "Polygon", "coordinates": [[[133.695294, 35.50668], [133.666151, 35.507526], [133.662809, 35.501837], [133.660487, 35.501457], [133.659982, 35.49822], [133.644516, 35.476066], [133.637592, 35.470959], [133.635718, 35.457593], [133.637181, 35.45496], [133.637647, 35.444833], [133.648618, 35.451305], [133.654934, 35.458486], [133.671696, 35.469778], [133.682172, 35.4789], [133.681216, 35.481997], [133.686833, 35.487014], [133.685327, 35.495118], [133.692344, 35.494716], [133.690887, 35.50144], [133.697134, 35.499005], [133.695167, 35.506423], [133.695294, 35.50668]]]}, "properties": {"A27_001": "31371", "A27_002": "琴浦町立", "A27_003": "B131210000815", "A27_004": "八橋小学校", "A27_005": "東伯郡琴浦町八橋705"}}, {"type": "Feature", "geometry": {"type": "Polygon", "coordinates": [[[133.724276, 35.464235], [133.724298, 35.468592], [133.718161, 35.477438], [133.720536, 35.482247], [133.719868, 35.484979], [133.721372, 35.488367], [133.719931, 35.491882], [133.722, 35.495385], [133.719777, 35.495718], [133.720939, 35.498589], [133.717809, 35.501084], [133.717474, 35.50416], [133.707507, 35.505635], [133.703809, 35.507867], [133.695294, 35.50668], [133.697134, 35.499005], [133.690887, 35.50144], [133.692344, 35.494716], [133.685327, 35.495118], [133.686833, 35.487014], [133.693653, 35.487554], [133.693997, 35.485928], [133.702871, 35.485214], [133.701333, 35.473935], [133.712596, 35.47183], [133.716754, 35.466905], [133.724276, 35.464235]]]}, "properties": {"A27_001": "31371", "A27_002": "琴浦町立", "A27_003": "B131210000806", "A27_004": "浦安小学校", "A27_005": "東伯郡琴浦町下伊勢504"}}, {"type": "Feature", "geometry": {"type": "Polygon", "coordinates": [[[133.429267, 35.469898], [133.428096, 35.465019], [133.42316, 35.464198], [133.427116, 35.464915], [133.426283, 35.463672], [133.427537, 35.463729], [133.426313, 35.461507], [133.425542, 35.462965], [133.426114, 35.461019], [133.423686, 35.45877], [133.411057, 35.454077], [133.394048, 35.4536], [133.390617, 35.438404], [133.392735, 35.436356], [133.393016, 35.433496], [133.39874, 35.43279], [133.39903, 35.436513], [133.40334, 35.436736], [133.403816, 35.431661], [133.40608, 35.434054], [133.407976, 35.431215], [133.410609, 35.432102], [133.410522, 35.437308], [133.414233, 35.437233], [133.414001, 35.435894], [133.415263, 35.43618], [133.414404, 35.429802], [133.417337, 35.426878], [133.424492, 35.432611], [133.428737, 35.425846], [133.43292, 35.425657], [133.440049, 35.420835], [133.454763, 35.415883], [133.466013, 35.416102], [133.468721, 35.422802], [133.479602, 35.429497], [133.480458, 35.437016], [133.474337, 35.440396], [133.47121, 35.439965], [133.465189, 35.445137], [133.464291, 35.447747], [133.458305, 35.447264], [133.459154, 35.451716], [133.455326, 35.45647], [133.455765, 35.459844], [133.454435, 35.461501], [133.442131, 35.462496], [133.441785, 35.459742], [133.434024, 35.459621], [133.434596, 35.468754], [133.429274, 35.469897], [133.429267, 35.469898]]]}, "properties": {"A27_001": "31202", "A27_002": "米子市立", "A27_003": "B131210000897", "A27_004": "淀江小学校", "A27_005": "米子市淀江町西原244-2"}}, {"type": "Feature", "geometry": {"type": "Polygon", "coordinates": [[[133.367568, 35.434393], [133.374949, 35.432082], [133.376451, 35.433902], [133.377136, 35.430564], [133.383029, 35.430534], [133.385489, 35.435603], [133.384119, 35.43863], [133.386902, 35.439064], [133.386586, 35.441494], [133.390452, 35.445829], [133.391549, 35.453571], [133.374136, 35.456674], [133.36771, 35.434923], [133.367568, 35.434393]]]}, "properties": {"A27_001": "31384", "A27_002": "日吉津村立", "A27_003": "B131210000888", "A27_004": "日吉津小学校", "A27_005": "西伯郡日吉津村日吉津872-12"}}, {"type": "Feature", "geometry": {"type": "MultiPolygon", "coordinates": [[[[133.42146252314, 35.37640175568777], [133.42355264884182, 35.373894378966234], [133.42166998746893, 35.376463685338194], [133.42146252314, 35.37640175568777]]], [[[133.4606985997361, 35.37258214601428], [133.49433043151402, 35.373649942304965], [133.50739253008243, 35.37721654488783], [133.51477966111023, 35.376258314020276], [133.51515461063434, 35.37875805913344], [133.51847949914202, 35.37642492374093], [133.52071672578313, 35.37855808079725], [133.52249174029168, 35.37746652719721], [133.5247412775122, 35.3828826842541], [133.52077897200903, 35.38483249290227], [133.52352861257557, 35.38727390175859], [133.51604136918695, 35.39270661927996], [133.5159286616662, 35.396422844399424], [133.49105480721647, 35.40018875668137], [133.47684324204556, 35.39745547932557], [133.4709936118087, 35.399105167672765], [133.44973043231104, 35.39633088052507], [133.44526769400247, 35.397973599797595], [133.44631171246513, 35.39354343816365], [133.44053499579803, 35.39042996871064], [133.43253942008502, 35.39167116277833], [133.42089236983082, 35.39008960956446], [133.4205275918549, 35.383994910755405], [133.41614890400024, 35.38319862010757], [133.41562139537774, 35.38152698781317], [133.4152897606895, 35.37643721644869], [133.41755596439398, 35.375543929504765], [133.42690925851247, 35.3789810152932], [133.4319415854117, 35.37589010000137], [133.44284552751515, 35.372859696716176], [133.45833101803998, 35.37221093911934], [133.4606985997361, 35.37258214601428]]]]}, "properties": {"A27_001": "31390", "A27_002": "伯耆町立", "A27_003": "B131210000879", "A27_004": "八郷小学校", "A27_005": "西伯郡伯耆町真野971"}}, {"type": "Feature", "geometry": {"type": "Polygon", "coordinates": [[[133.4606985997361, 35.37258214601428], [133.44284552751515, 35.372859696716176], [133.4319415854117, 35.37589010000137], [133.42690925851247, 35.3789810152932], [133.41755596439398, 35.375543929504765], [133.41536907020318, 35.37631204821735], [133.41614890400024, 35.38319862010757], [133.4205275918549, 35.383994910755405], [133.42111898543362, 35.389358171927825], [133.41504583877318, 35.38964167048005], [133.40803301392307, 35.39537733904525], [133.4064752684077, 35.39460936855315], [133.4028029460746, 35.398313674266824], [133.40158954947637, 35.40457485708923], [133.40004207581066, 35.404608683997004], [133.39999361787227, 35.402084249876005], [133.39763292420287, 35.4021378853091], [133.39800982118854, 35.40009222158331], [133.3959424657511, 35.39863484354643], [133.39792054391825, 35.39480842082108], [133.38918822161264, 35.396953855450086], [133.3889701288584, 35.394167680620086], [133.39060285705935, 35.39303358102406], [133.38761967594985, 35.39229558085618], [133.38592425918634, 35.386842404409194], [133.38929455143824, 35.3853087711216], [133.38895852019394, 35.38357248942684], [133.38455927696558, 35.38526008227213], [133.3823852941348, 35.388500114464804], [133.38066124501663, 35.385975468078364], [133.38226146701302, 35.385085496463816], [133.3805341573261, 35.381111665611876], [133.3755025903335, 35.37867050062092], [133.3710708776914, 35.378921024926825], [133.37307775387325, 35.37724775461054], [133.37217201706815, 35.37550324851923], [133.37522166099424, 35.37564819858664], [133.3744352488735, 35.37443237579431], [133.37751620847544, 35.37295413001078], [133.38237776469776, 35.37199386105867], [133.39175053743952, 35.37419462409894], [133.39468808283823, 35.36849798021286], [133.3985876348685, 35.36853133870627], [133.40168533091577, 35.36633694283252], [133.40416024251462, 35.356948565744], [133.40706499205504, 35.353283260510686], [133.4101640616495, 35.35629002927913], [133.41334903773264, 35.35214987275915], [133.42187301884894, 35.35382479965491], [133.42723523915163, 35.349533718835495], [133.42666005734878, 35.3536749320447], [133.42917212866365, 35.356741261234205], [133.43245156393712, 35.3572657082914], [133.43127154232704, 35.361774118026], [133.42655927007337, 35.36537368347578], [133.4266954203383, 35.367766548814586], [133.4509707901759, 35.36444080723254], [133.45995744199777, 35.37205699148143], [133.4606985997361, 35.37258214601428]], [[133.42146252314, 35.37640175568777], [133.42355264884182, 35.373894378966234], [133.42132860027095, 35.37629879764394], [133.42146252314, 35.37640175568777]]]}, "properties": {"A27_001": "31390", "A27_002": "伯耆町立", "A27_003": "B131210000860", "A27_004": "岸本小学校", "A27_005": "西伯郡伯耆町吉長78-2"}}, {"type": "Feature", "geometry": {"type": "Polygon", "coordinates": [[[133.383618, 35.322527], [133.392106, 35.321674], [133.397053, 35.324795], [133.398729, 35.32195], [133.408308, 35.320194], [133.412111, 35.324188], [133.408159, 35.33203], [133.416816, 35.334935], [133.418592, 35.339293], [133.427618, 35.345102], [133.427432, 35.349433], [133.421958, 35.353772], [133.413346, 35.352148], [133.410328, 35.356327], [133.407502, 35.354087], [133.406081, 35.355333], [133.401664, 35.346581], [133.394914, 35.350198], [133.395189, 35.341335], [133.390506, 35.33507], [133.391637, 35.333617], [133.383119, 35.322927], [133.383618, 35.322527]]]}, "properties": {"A27_001": "31389", "A27_002": "南部町立", "A27_003": "B131210000851", "A27_004": "会見第二小学校", "A27_005": "西伯郡南部町池野451-1"}}, {"type": "Feature", "geometry": {"type": "Polygon", "coordinates": [[[133.406081, 35.355333], [133.404161, 35.357098], [133.403791, 35.36252], [133.40094, 35.36319], [133.401641, 35.366359], [133.399047, 35.368491], [133.394714, 35.368551], [133.391647, 35.374346], [133.382047, 35.372242], [133.374589, 35.374407], [133.375315, 35.375528], [133.374207, 35.374949], [133.372992, 35.378761], [133.359987, 35.381009], [133.356678, 35.383179], [133.351817, 35.382417], [133.350247, 35.37772], [133.346276, 35.377017], [133.348083, 35.374821], [133.344263, 35.370221], [133.345651, 35.370202], [133.344632, 35.367085], [133.347187, 35.364686], [133.349088, 35.353348], [133.348125, 35.348669], [133.346022, 35.346985], [133.346631, 35.345433], [133.352493, 35.340842], [133.361005, 35.340509], [133.363242, 35.336484], [133.36183, 35.333817], [133.363255, 35.331834], [133.367729, 35.330493], [133.374392, 35.32516], [133.380091, 35.326394], [133.382547, 35.323386], [133.391637, 35.333617], [133.390506, 35.33507], [133.395189, 35.341335], [133.394914, 35.350198], [133.401664, 35.346581], [133.405056, 35.352178], [133.406081, 35.355333]]]}, "properties": {"A27_001": "31389", "A27_002": "南部町立", "A27_003": "B131210000842", "A27_004": "会見小学校", "A27_005": "西伯郡南部町宮前568"}}, {"type": "Feature", "geometry": {"type": "Polygon", "coordinates": [[[133.324434, 35.374279], [133.321231, 35.372484], [133.318503, 35.373339], [133.319284, 35.368952], [133.315974, 35.36549], [133.307665, 35.365822], [133.300485, 35.353697], [133.296046, 35.34937], [133.295166, 35.340837], [133.2972, 35.338221], [133.295574, 35.328868], [133.298559, 35.325104], [133.295941, 35.32195], [133.292536, 35.320711], [133.29252, 35.319212], [133.298731, 35.312811], [133.298199, 35.311617], [133.301234, 35.308969], [133.302389, 35.305506], [133.306951, 35.30337], [133.299501, 35.291882], [133.307412, 35.281701], [133.309843, 35.268775], [133.312189, 35.26906], [133.320037, 35.263583], [133.32766, 35.262612], [133.333365, 35.255042], [133.332404, 35.251647], [133.333687, 35.249315], [133.330235, 35.246937], [133.330207, 35.244731], [133.335063, 35.238451], [133.336192, 35.234448], [133.338801, 35.234876], [133.340002, 35.232208], [133.343098, 35.232353], [133.346399, 35.238109], [133.349366, 35.238354], [133.351957, 35.236301], [133.357254, 35.24004], [133.355827, 35.245167], [133.360285, 35.247234], [133.357386, 35.25263], [133.352566, 35.25707], [133.355112, 35.260371], [133.365978, 35.266096], [133.369079, 35.265744], [133.375914, 35.269857], [133.377828, 35.269107], [133.384134, 35.271427], [133.386309, 35.274886], [133.386045, 35.280805], [133.381577, 35.29076], [133.384173, 35.291743], [133.384996, 35.294919], [133.379514, 35.306382], [133.384007, 35.314594], [133.384317, 35.320309], [133.382041, 35.325535], [133.374392, 35.32516], [133.367729, 35.330493], [133.363855, 35.331226], [133.36183, 35.333817], [133.363242, 35.336484], [133.361005, 35.340509], [133.352493, 35.340842], [133.34605, 35.34664], [133.348125, 35.348669], [133.349088, 35.353348], [133.347187, 35.364686], [133.344632, 35.367085], [133.345651, 35.370202], [133.344263, 35.370221], [133.348083, 35.374821], [133.346542, 35.37748], [133.350247, 35.37772], [133.351817, 35.382417], [133.356403, 35.382212], [133.355761, 35.386311], [133.351749, 35.384998], [133.351761, 35.388134], [133.347291, 35.38534], [133.342986, 35.388664], [133.343145, 35.386871], [133.339249, 35.385319], [133.338205, 35.382461], [133.334528, 35.381489], [133.328843, 35.374672], [133.324458, 35.374304], [133.324434, 35.374279]]]}, "properties": {"A27_001": "31389", "A27_002": "南部町立", "A27_003": "B131210000833", "A27_004": "西伯小学校", "A27_005": "西伯郡南部町法勝寺336"}}, {"type": "Feature", "geometry": {"type": "Polygon", "coordinates": [[[133.790315, 35.500711], [133.75497, 35.500769], [133.717474, 35.50416], [133.717809, 35.501084], [133.720939, 35.498589], [133.719777, 35.495718], [133.722, 35.495385], [133.719931, 35.491882], [133.721372, 35.488367], [133.719868, 35.484979], [133.720536, 35.482247], [133.718161, 35.477438], [133.725049, 35.466919], [133.723951, 35.462032], [133.714313, 35.455333], [133.711019, 35.45017], [133.70043, 35.445315], [133.687295, 35.431823], [133.672645, 35.424071], [133.67059, 35.420214], [133.67299, 35.419324], [133.686731, 35.421649], [133.709537, 35.432826], [133.717394, 35.433774], [133.726257, 35.440346], [133.730983, 35.440833], [133.736803, 35.446714], [133.750874, 35.454219], [133.746986, 35.460531], [133.750686, 35.462937], [133.751672, 35.466004], [133.761069, 35.471114], [133.763199, 35.470772], [133.765274, 35.467534], [133.772219, 35.468351], [133.775798, 35.471919], [133.779851, 35.465895], [133.784129, 35.463296], [133.787019, 35.464172], [133.787766, 35.466698], [133.784269, 35.46382], [133.78711, 35.465871], [133.783527, 35.466511], [133.782662, 35.468659], [133.784227, 35.467986], [133.78495, 35.470259], [133.787958, 35.470609], [133.784511, 35.471818], [133.790041, 35.489108], [133.790315, 35.500701], [133.790315, 35.500711]]]}, "properties": {"A27_001": "31372", "A27_002": "北栄町立", "A27_003": "B131210000799", "A27_004": "大栄小学校", "A27_005": "東伯郡北栄町由良宿213"}}, {"type": "Feature", "geometry": {"type": "Polygon", "coordinates": [[[133.786325, 35.333859], [133.798499, 35.337018], [133.807825, 35.347417], [133.813126, 35.348887], [133.818835, 35.348219], [133.821754, 35.350518], [133.821867, 35.352433], [133.816616, 35.357344], [133.809742, 35.369239], [133.80341, 35.3723], [133.799907, 35.377946], [133.798265, 35.383364], [133.799547, 35.388884], [133.793647, 35.398384], [133.791755, 35.39465], [133.792753, 35.387105], [133.790161, 35.385082], [133.790598, 35.37885], [133.785431, 35.37127], [133.785666, 35.368438], [133.78215, 35.364563], [133.7819, 35.351233], [133.784767, 35.344708], [133.783193, 35.335751], [133.784231, 35.333584], [133.786041, 35.333752], [133.786325, 35.333859]]]}, "properties": {"A27_001": "31203", "A27_002": "倉吉市立", "A27_003": null, "A27_004": "上小鴨小学校広瀬分校", "A27_005": "倉吉市広瀬567-2"}}]}